Date,Close,High,Low,Open,Volume
1986-03-13,0.05959761515259743,0.06225867105140881,0.0542767273770207,0.0542767273770207,1031788800
1986-03-14,0.061725959181785583,0.06279074855677298,0.05959760445363708,0.05959760445363708,308160000
1986-03-17,0.06279075890779495,0.06332284767754662,0.061725969357277574,0.061725969357277574,133171200
1986-03-18,0.06119385361671448,0.06332281976840656,0.06066176508147753,0.06279073123316961,67766400
1986-03-19,0.06012970581650734,0.06172597219925744,0.0595976170222573,0.06119388340500741,47894400
1986-03-20,0.05853342264890671,0.06012968857391689,0.05800133400723666,0.06012968857391689,58435200
1986-03-21,0.05693717300891876,0.05959761697820232,0.055872995421205336,0.0585334393904889,59990400
1986-03-24,0.05534091591835022,0.056937182567912234,0.054808827035162884,0.056937182567912234,65289600
1986-03-25,0.05640510097146034,0.056405100971460335,0.05480883411568339,0.05534092306760904,32083200
1986-03-26,0.05800135061144829,0.05853343940544092,0.05587299543547777,0.056405084229470395,22752000
1986-03-27,0.059065502136945724,0.05906550213694572,0.05800132501852564,0.05800132501852564,16848000
1986-03-31,0.05853342264890671,0.05906551129057677,0.05746924536556659,0.05906551129057677,12873600
1986-04-01,0.05800135061144829,0.05853343940544092,0.05800135061144829,0.05853343940544092,11088000
1986-04-02,0.05853342264890671,0.05959759993224683,0.05800133400723666,0.05800133400723666,27014400
1986-04-03,0.059065502136945724,0.06066176781457584,0.05906550213694572,0.05906550213694572,23040000
1986-04-04,0.059065502136945724,0.059597590696155764,0.05906550213694572,0.05906550213694572,26582400
1986-04-07,0.05800135061144829,0.05959761699342618,0.056937173023463024,0.059065528199433545,16560000
1986-04-08,0.05853342264890671,0.05959759993224683,0.05800133400723666,0.05800133400723666,10252800
1986-04-09,0.05959761515259743,0.0601297039301551,0.05853343759748208,0.05853343759748208,12153600
1986-04-10,0.06012970581650734,0.06066179461075737,0.05853343943375723,0.0595976170222573,13881600
1986-04-11,0.06119385361671448,0.06225864269793267,0.06066176508147753,0.06066176508147753,17222400
1986-04-14,0.061725959181785583,0.06225865987473586,0.061193870499748455,0.061193870499748455,12153600
1986-04-15,0.061725959181785583,0.061725959181785583,0.05959760445363708,0.061725959181785583,9302400
1986-04-16,0.06385491788387299,0.06438700649893982,0.06119386279770269,0.06172595141276952,31910400
1986-04-17,0.06438703089952469,0.06438703089952469,0.06385494208281355,0.06385494208281355,22003200
1986-04-18,0.06225866451859474,0.06438701940549672,0.06172596378591044,0.06438701940549672,21628800
1986-04-21,0.06225866451859474,0.06279075324032024,0.060661786342459445,0.06225866451859474,22924800
1986-04-22,0.06119385361671448,0.06225864269793267,0.06119385361671448,0.06225864269793267,15552000
1986-04-23,0.06145991012454033,0.061725956738651486,0.06066177941669773,0.06119386807767461,15609600
1986-04-24,0.06757954508066177,0.0686437224193133,0.061193869037854065,0.0614599110888942,62352000
1986-04-25,0.07183685898780823,0.07476334864888412,0.06811162667839621,0.06811162667839621,85795200
1986-04-28,0.07236894220113754,0.07290103077551123,0.07130415304160083,0.07183685362676384,28886400
1986-04-29,0.07023997604846954,0.07236894236147036,0.06970788747291701,0.07236894236147036,30326400
1986-04-30,0.06864374130964279,0.07077209657265594,0.06704747486238292,0.07024000775690266,30902400
1986-05-01,0.06757954508066177,0.0686437224193133,0.06651536774201024,0.0686437224193133,54345600
1986-05-02,0.06757954508066177,0.0686437224193133,0.067047456411336,0.06757954508066177,20246400
1986-05-05,0.06704746931791306,0.06757955808966543,0.06704746931791306,0.06757955808966543,3254400
1986-05-06,0.06757954508066177,0.0686437224193133,0.06757954508066177,0.06757954508066177,9734400
1986-05-07,0.06757954508066177,0.06811163374998754,0.06651536774201024,0.06757954508066177,5155200
1986-05-08,0.06811162829399109,0.06811162829399109,0.06704745104058416,0.06757953966728762,3542400
1986-05-09,0.06757954508066177,0.06811163374998754,0.06757954508066177,0.06811163374998754,6076800
1986-05-12,0.06811162829399109,0.06970789417410152,0.06757953966728762,0.06757953966728762,10483200
1986-05-13,0.06864374130964279,0.06917583012539608,0.06811165249388951,0.06811165249388951,3830400
1986-05-14,0.06811162829399109,0.06864371692069457,0.06811162829399109,0.06864371692069457,9302400
1986-05-15,0.06811162829399109,0.06917580554739804,0.06811162829399109,0.06811162829399109,3801600
1986-05-16,0.06864374130964279,0.07024000775690266,0.06811165249388951,0.06811165249388951,11952000
1986-05-19,0.06757954508066177,0.0686437224193133,0.067047456411336,0.0686437224193133,11001600
1986-05-20,0.06704746931791306,0.06757955808966543,0.06651538054616069,0.06757955808966543,61977600
1986-05-21,0.06598327308893204,0.06757953895215053,0.06598327308893204,0.0670474503310777,8092800
1986-05-22,0.06598327308893204,0.06651536171000487,0.06598327308893204,0.06598327308893204,4406400
1986-05-23,0.06598327308893204,0.0670474503310777,0.06598327308893204,0.06598327308893204,4089600
1986-05-27,0.06811162829399109,0.06811162829399109,0.06598327378717721,0.06598327378717721,13881600
1986-05-28,0.07023997604846954,0.07023997604846954,0.06811162174625938,0.06811162174625938,15523200
1986-05-29,0.07183685898780823,0.07290103621597309,0.06970789252064351,0.07023998113472595,45676800
1986-05-30,0.07449731230735779,0.07556148968192929,0.0723689575582148,0.0723689575582148,27072000
1986-06-02,0.07236894220113754,0.07449729649863233,0.07236894220113754,0.07449729649863233,19728000
1986-06-03,0.07236894220113754,0.07236894220113754,0.07130415304160083,0.07236894220113754,5011200
1986-06-04,0.07183685898780823,0.07290103621597309,0.07130415836289081,0.07236894760189065,4723200
1986-06-05,0.07290103286504745,0.07290103286504745,0.0713041550853663,0.07183685568579792,13708800
1986-06-06,0.07290103286504745,0.07290103286504745,0.07183685568579792,0.07290103286504745,3427200
1986-06-09,0.06970789283514023,0.0729010365448761,0.06970789283514023,0.0729010365448761,12672000
1986-06-10,0.06970789283514023,0.06970789283514023,0.06864371560217418,0.06970789283514023,3427200
1986-06-11,0.06970789283514023,0.06970789283514023,0.06864371560217418,0.06970789283514023,2304000
1986-06-12,0.06704746931791306,0.06970791317667491,0.06651538054616069,0.06970791317667491,13708800
1986-06-13,0.06704746931791306,0.06757955808966543,0.06651538054616069,0.06704746931791306,7891200
1986-06-16,0.06651537120342255,0.0675795485974531,0.06598328250640727,0.06704745990043783,9590400
1986-06-17,0.06757954508066177,0.0686437224193133,0.067047456411336,0.067047456411336,13075200
1986-06-18,0.06704746931791306,0.06757955808966543,0.06598329177440831,0.06757955808966543,4348800
1986-06-19,0.06651537120342255,0.0675795485974531,0.06598328250640727,0.06704745990043783,8467200
1986-06-20,0.0667814388871193,0.06704748103586874,0.06651539217112266,0.06651539217112266,3801600
1986-06-23,0.06757954508066177,0.06757954508066177,0.06545119040335871,0.06678141436029587,46195200
1986-06-24,0.06704746931791306,0.0681116468614178,0.06651538054616069,0.06757955808966543,14572800
1986-06-25,0.06598327308893204,0.06757953895215053,0.06598327308893204,0.0670474503310777,15235200
1986-06-26,0.06385491788387299,0.06651536095920715,0.06385491788387299,0.06598327234414032,19152000
1986-06-27,0.06332285702228546,0.0643870347188326,0.06279076817401189,0.06385494587055904,10396800
1986-06-30,0.06545121222734451,0.0670474787675793,0.06279076799361986,0.0633228568403648,62352000
1986-07-01,0.06545121222734451,0.06545121222734451,0.06491912338059959,0.06545121222734451,47577600
1986-07-02,0.06545121222734451,0.06545121222734451,0.06491912338059959,0.06545121222734451,52617600
1986-07-03,0.06651537120342255,0.06704745990043783,0.06598328250640727,0.06598328250640727,14140800
1986-07-07,0.06385491788387299,0.06651536095920715,0.06385491788387299,0.06651536095920715,14054400
1986-07-08,0.06225866451859474,0.06385493068377122,0.06172596378591044,0.06385493068377122,14256000
1986-07-09,0.05959761515259743,0.06225867105140881,0.059065526375039756,0.06225867105140881,46137600
1986-07-10,0.05800135061144829,0.06012970578741881,0.05534090664148513,0.05959761699342618,46886400
1986-07-11,0.05959761515259743,0.06066179270771277,0.05800134881992441,0.05800134881992441,17395200
1986-07-14,0.05879947170615196,0.060129695752764376,0.05800134093198117,0.05800134093198117,28598400
1986-07-15,0.05959761515259743,0.06066179270771277,0.05800134881992441,0.0587994797026377,13190400
1986-07-16,0.061725959181785583,0.061725959181785583,0.060129693135674206,0.060129693135674206,9360000
1986-07-17,0.06279075890779495,0.06279075890779495,0.06119388058752591,0.061725969357277574,6940800
1986-07-18,0.06332285702228546,0.06385494587055904,0.06119388961808682,0.06279076817401189,12326400
1986-07-21,0.06332285702228546,0.0643870347188326,0.06332285702228546,0.06332285702228546,3513600
1986-07-22,0.06545121222734451,0.06545121222734451,0.0633228568403648,0.0633228568403648,10512000
1986-07-23,0.06385491788387299,0.06651536095920715,0.06385491788387299,0.06545118372907348,20793600
1986-07-24,0.06598327308893204,0.0670474503310777,0.06491909584678639,0.06491909584678639,14140800
1986-07-25,0.06651537120342255,0.06704745990043783,0.06598328250640727,0.06598328250640727,20448000
1986-07-28,0.06491909921169281,0.06651536515764943,0.06491909921169281,0.06651536515764943,11808000
1986-07-29,0.06332285702228546,0.06545121241537975,0.06225867932573832,0.06491912356710618,14054400
1986-07-30,0.06119385361671448,0.06332281976840656,0.0590654994757667,0.06332281976840656,26409600
1986-07-31,0.06066177040338516,0.0617259475672202,0.060661770403385155,0.06119385898530268,15638400
1986-08-01,0.06012970581650734,0.06119388340500741,0.0595976170222573,0.06066179461075737,12902400
1986-08-04,0.06012970581650734,0.06012970581650733,0.05853343943375723,0.06012970581650733,12441600
1986-08-05,0.05959761515259743,0.06066179270771277,0.05959761515259743,0.0601297039301551,2822400
1986-08-06,0.059065502136945724,0.0601296792553658,0.05800132501852564,0.059597590696155764,18316800
1986-08-07,0.05853342264890671,0.05959759993224683,0.05800133400723666,0.05906551129057677,3657600
1986-08-08,0.059065502136945724,0.0601296792553658,0.05853341357773568,0.05853341357773568,4147200
1986-08-11,0.06119385361671448,0.06172594215195142,0.06012967654624059,0.06012967654624059,7948800
1986-08-12,0.06279075890779495,0.06279075890779495,0.06119388058752591,0.06119388058752591,9993600
1986-08-13,0.06332285702228546,0.06332285702228546,0.06225867932573832,0.06279076817401189,6883200
1986-08-14,0.06491909921169281,0.06545118786034501,0.06332283326573618,0.06332283326573618,20131200
1986-08-15,0.06518516689538956,0.06545120902211006,0.06438703138073443,0.06491912020142225,6105600
1986-08-18,0.06438703089952469,0.06545120853294698,0.06438703089952469,0.06518516640821478,12787200
1986-08-19,0.06438703089952469,0.06465307759150364,0.0633228532661024,0.06438703089952469,20390400
1986-08-20,0.06385491788387299,0.06438700649893982,0.06385491788387299,0.06438700649893982,20764800
1986-08-21,0.06385491788387299,0.06491909511400665,0.06385491788387299,0.06385491788387299,49536000
1986-08-22,0.06279075890779495,0.06438702521704995,0.061725969357277574,0.06385493644729828,5760000
1986-08-25,0.06279075890779495,0.06279075890779495,0.061725969357277574,0.06279075890779495,2419200
1986-08-26,0.06225866451859474,0.06279075324032024,0.06225866451859474,0.06279075324032024,10857600
1986-08-27,0.06225866451859474,0.06279075324032024,0.06172596378591044,0.06225866451859474,9532800
1986-08-28,0.06225866451859474,0.06279075324032024,0.06225866451859474,0.06225866451859474,3427200
1986-08-29,0.06066177040338516,0.06279073674185323,0.05959759323955012,0.06225864815993571,25430400
1986-09-02,0.059065502136945724,0.06066176781457584,0.058267367014508374,0.06066176781457584,5212800
1986-09-03,0.05746929720044136,0.058533475443625235,0.055873029835665555,0.058533475443625235,18316800
1986-09-04,0.06225866451859474,0.06225866451859474,0.05853343145555746,0.05853343145555746,39427200
1986-09-05,0.06491909921169281,0.06491909921169281,0.0617259553089048,0.06225865596843176,26352000
1986-09-08,0.06438703089952469,0.06545120853294698,0.06438703089952469,0.06491911971623583,9619200
1986-09-09,0.06545121222734451,0.0670474787675793,0.06438703453385465,0.06438703453385465,37526400
1986-09-10,0.06438703089952469,0.06598329734965812,0.06438703089952469,0.06545120853294698,10886400
1986-09-11,0.061725959181785583,0.0649191032849215,0.061725959181785583,0.06438701460288437,35654400
1986-09-12,0.06012970581650734,0.062258673004549694,0.06012970581650733,0.06172597219925744,24451200
1986-09-15,0.06119385361671448,0.06119385361671448,0.0590654994757667,0.06012967654624059,22492800
1986-09-16,0.06119385361671448,0.06172594215195142,0.06012967654624059,0.06119385361671448,5184000
1986-09-17,0.06279075890779495,0.06385493644729828,0.060661791817774244,0.06119388058752591,8035200
1986-09-18,0.06332285702228546,0.0643870347188326,0.06279076817401189,0.06279076817401189,5356800
1986-09-19,0.06332285702228546,0.06385494587055904,0.06279076817401189,0.06332285702228546,2505600
1986-09-22,0.06279075890779495,0.06332284767754662,0.06279075890779495,0.06332284767754662,4492800
1986-09-23,0.06385491788387299,0.06438700649893982,0.06279074065373931,0.06279074065373931,5961600
1986-09-24,0.06305677443742752,0.06385490491429689,0.06279072790030832,0.06385490491429689,4780800
1986-09-25,0.061725959181785583,0.06332283723881012,0.061725959181785583,0.06305679518141437,5155200
1986-09-26,0.061725959181785583,0.06225865987473586,0.061193870499748455,0.061725959181785583,2332800
1986-09-29,0.06012970581650734,0.06172597219925744,0.06012970581650733,0.06172597219925744,6192000
1986-09-30,0.06012970581650734,0.06119388340500741,0.06012970581650733,0.06012970581650733,5184000
1986-10-01,0.05959761515259743,0.06119388148527044,0.05853343759748208,0.0601297039301551,32428800
1986-10-02,0.05959761515259743,0.06066179270771277,0.059065526375039756,0.05959761515259743,22723200
1986-10-03,0.06012970581650734,0.06066179461075737,0.0595976170222573,0.0595976170222573,14716800
1986-10-06,0.06491909921169281,0.06598327650899723,0.0617259553089048,0.0617259553089048,85334400
1986-10-07,0.06624932587146759,0.06757954526478345,0.0649191019109062,0.0649191019109062,59788800
1986-10-08,0.06811162829399109,0.06890975895042373,0.06545118516047373,0.06624932038415152,119606400
1986-10-09,0.07023997604846954,0.07183685378591782,0.06811162174625938,0.06811162174625938,92563200
1986-10-10,0.07343312352895737,0.0750293893429218,0.06917580268089471,0.07023997989020433,76752000
1986-10-13,0.07023997604846954,0.07343311951257543,0.07023997604846954,0.07343311951257543,27129600
1986-10-14,0.07130417972803116,0.07183688051256372,0.07077209095451696,0.07077209095451696,12873600
1986-10-15,0.07449731230735779,0.07502940099464353,0.07130416817272413,0.07130416817272413,63532800
1986-10-16,0.07449731230735779,0.07502940099464353,0.07396522362007205,0.07449731230735779,21859200
1986-10-17,0.07662567496299744,0.07715775913793976,0.07449731999424358,0.07449731999424358,124444800
1986-10-20,0.07715776562690735,0.0782219432007816,0.07502941504640537,0.07662568140721675,43545600
1986-10-21,0.08035027235746384,0.08035027235746384,0.07768983385060219,0.07768983385060219,112377600
1986-10-22,0.08035027235746384,0.08114840756331837,0.07981818830988754,0.08035027235746384,54576000
1986-10-23,0.08035027235746384,0.08088236553953022,0.0795521462860994,0.08035027235746384,70444800
1986-10-24,0.07981820404529572,0.08035028819776739,0.07768984916642521,0.08035028819776739,101376000
1986-10-27,0.08247926831245422,0.08247926831245424,0.08035029218255371,0.08035029218255371,125654400
1986-10-28,0.08434156328439713,0.08567179186191728,0.0824792597179534,0.0824792597179534,142646400
1986-10-29,0.08194717764854431,0.08460762603233234,0.080882388110921,0.08434157479980868,53222400
1986-10-30,0.08354342728853226,0.08460760454488418,0.08141507277582839,0.0819471568367592,44380800
1986-10-31,0.08247926831245422,0.08460762329687556,0.08194717499910273,0.0835434458046649,63734400
1986-11-03,0.08407551050186157,0.08460760369191843,0.08301133325623808,0.08301133325623808,42192000
1986-11-04,0.08726806938648224,0.08726806938648224,0.08407553665646406,0.08407553665646406,54403200
1986-11-05,0.09258957207202911,0.09312166544365216,0.08673597864558838,0.08726807201721143,45100800
1986-11-06,0.09471794217824936,0.09684629773031113,0.09205750230541954,0.09258958662618759,72576000
1986-11-07,0.09418582171201706,0.09524999907965118,0.09258955109332025,0.09471790582858848,44323200
1986-11-10,0.09046060591936111,0.09418584417260237,0.08992851254140961,0.09418584417260237,28684800
1986-11-11,0.09099330008029938,0.09205747757039524,0.09099330008029938,0.09099330008029938,11894400
1986-11-12,0.09099330008029938,0.09312165506049111,0.08992850144472556,0.09099330008029938,34156800
1986-11-13,0.08966245502233505,0.09152537983457423,0.08939641294629229,0.0909932956824887,30211200
1986-11-14,0.09046060591936111,0.09046060591936111,0.08780015729859054,0.08966247041968059,18720000
1986-11-17,0.09099330008029938,0.09205747757039524,0.08939641726692378,0.09046059475701965,24307200
1986-11-18,0.08620382845401764,0.09152532443736543,0.08620382845401764,0.09099324060733238,59673600
1986-11-19,0.08939643204212189,0.0899285163078651,0.08620389904418115,0.08620389904418115,48729600
1986-11-20,0.0963141918182373,0.0963141918182373,0.08939642972484371,0.08939642972484371,98179200
1986-11-21,0.09950670599937439,0.10057150458286543,0.09684626697151169,0.09684626697151169,91065600
1986-11-24,0.10748863220214844,0.10802071624917549,0.09631415472435441,0.09950668640998692,173836800
1986-11-25,0.10855283588171005,0.10908492005838978,0.10695656508268621,0.10748865839385825,95788800
1986-11-26,0.10748863220214844,0.10908489347771966,0.10748863220214844,0.1085528094306926,38793600
1986-11-28,0.1058923676609993,0.10802072223604822,0.10482819950796542,0.10748863815953129,41328000
1986-12-01,0.10376407206058502,0.10642451199001814,0.1032319785940014,0.10589241852343453,40291200
1986-12-02,0.10429610311985016,0.10642445763006433,0.10429610311985014,0.10429610311985014,28771200
1986-12-03,0.10349800437688828,0.10536031751339464,0.10323196225295693,0.10429613988317579,35164800
1986-12-04,0.10482823103666306,0.10589239950976193,0.10269987582147867,0.10349800217630281,42508800
1986-12-05,0.10429610311985016,0.10536028037495723,0.10429610311985014,0.10482819631464885,107510400
1986-12-08,0.10323197394609451,0.10536032944761212,0.1016357118872036,0.10429615169685331,22665600
1986-12-09,0.10269990563392639,0.1037640835504356,0.1021678121084238,0.10323199002493301,16099200
1986-12-10,0.10349800437688828,0.10376405563531313,0.10163570037487542,0.10269987800509427,27590400
1986-12-11,0.10429610311985016,0.10482819631464885,0.10323192586474306,0.10349796789489725,11635200
1986-12-12,0.10057152807712555,0.10429614541313016,0.10057152807712556,0.10429614541313016,25286400
1986-12-15,0.09791040420532227,0.10110354721923138,0.09631413413647584,0.10057146328594133,50774400
1986-12-16,0.09897459298372269,0.10057147525329209,0.09844249985262887,0.09844249985262887,77299200
1986-12-17,0.1000387966632843,0.10057150194654363,0.09897461925313655,0.09897461925313655,23356800
1986-12-18,0.10083753615617752,0.10110357820435623,0.09950669563541022,0.10003878886625854,12672000
1986-12-19,0.10323197394609451,0.10429615169685331,0.10110361844457692,0.10110361844457692,56592000
1986-12-22,0.10429610311985016,0.10536028037495723,0.10323192586474306,0.10323192586474306,18316800
1986-12-23,0.10536029934883118,0.10536029934883118,0.10429612190208104,0.10429612190208104,23788800
1986-12-24,0.10509426891803741,0.10536031102558659,0.10482822681048826,0.10536031102558659,7027200
1986-12-26,0.10482823103666306,0.10589239950976193,0.10482823103666306,0.10509427315493777,3715200
1986-12-29,0.10057152807712555,0.10589240737584812,0.10057152807712556,0.10482823882369882,41702400
1986-12-30,0.1016356348991394,0.10216771880422283,0.09950665986467083,0.10057145795448491,25401600
1986-12-31,0.10269990563392639,0.10429616794144221,0.10163572771741718,0.10163572771741718,23356800
1987-01-02,0.1016356348991394,0.10376398878844839,0.10110354185956832,0.1026998118437939,12643200
1987-01-05,0.10748863220214844,0.1085528094306926,0.10110356883088342,0.10163566201240054,48499200
1987-01-06,0.10908490419387817,0.10961699742766647,0.10695654952770696,0.10748864276149525,40032000
1987-01-07,0.11493859440088272,0.11493859440088272,0.10908499748470332,0.10908499748470332,60998400
1987-01-08,0.11866315454244614,0.11972795340084627,0.11547062140406958,0.11547062140406958,61488000
1987-01-09,0.12345250695943832,0.12398460010779978,0.11813100913747417,0.11866309315134613,63705600
1987-01-12,0.13143450021743774,0.13249867776801189,0.12238837445929077,0.12345255200986491,128793600
1987-01-13,0.12770923972129822,0.13037029970736136,0.12558088499497433,0.13037029970736136,76320000
1987-01-14,0.12770923972129822,0.12824132383563358,0.12504879174614775,0.12770923972129822,69465600
1987-01-15,0.13462696969509125,0.1378195010653242,0.1277092109493897,0.1277092109493897,117014400
1987-01-16,0.13143450021743774,0.1346270237346673,0.1287734397627356,0.1346270237346673,65433600
1987-01-19,0.13622325658798218,0.13622325658798218,0.12877340380328406,0.13143446351489607,88243200
1987-01-20,0.1383516490459442,0.14154479369292391,0.13569120061539588,0.13622329395530267,95760000
1987-01-21,0.1442052572965622,0.14792988390026326,0.13569122348783272,0.13835167236683268,108489600
1987-01-22,0.15857279300689697,0.15910487699275278,0.13994847419410067,0.1442051734844142,116035200
1987-01-23,0.1436730921268463,0.1649578586617622,0.1436730921268463,0.15857279590775306,317894400
1987-01-26,0.14633354544639587,0.14792981586656154,0.1399484911692036,0.14473728416072035,116553600
1987-01-27,0.15218721330165863,0.1543155597073501,0.14633361898775263,0.14633361898775263,114105600
1987-01-28,0.15271925926208496,0.15484761414040604,0.14792984420766025,0.15218716597525875,76723200
1987-01-29,0.14633354544639587,0.15431548215459287,0.1431410228750448,0.15271923000340748,79228800
1987-01-30,0.15564575791358948,0.15591179086963963,0.1442052263953628,0.14633358138868777,104169600
1987-02-02,0.1553797423839569,0.15857288761849536,0.1553797423839569,0.1556457936701118,46915200
1987-02-03,0.15271925926208496,0.15697596901872712,0.15005881109693767,0.15537969829274037,59328000
1987-02-04,0.15325134992599487,0.1537834341009372,0.15112299495724102,0.15271926575105255,31737600
1987-02-05,0.15218721330165863,0.1543155597073501,0.15059095121376637,0.15325139107175173,42652800
1987-02-06,0.14659959077835083,0.15298526594702436,0.14580145559999605,0.15218713076866955,45619200
1987-02-09,0.14526937901973724,0.14633355633419667,0.1444712528847608,0.14633355633419667,136080000
1987-02-10,0.14580151438713074,0.14580151438713074,0.1420768972771933,0.1452694210088577,44668800
1987-02-11,0.15271925926208496,0.15271925926208496,0.1463335734816735,0.1463335734816735,60307200
1987-02-12,0.16336160898208618,0.16415974421048807,0.1527192335086662,0.1527192335086662,185731200
1987-02-13,0.16176541149616241,0.16549001946289443,0.15804078526044354,0.16336166422376747,81763200
1987-02-17,0.16282957792282104,0.16336166215862974,0.15804078326256973,0.1617654094512037,70732800
1987-02-18,0.15271925926208496,0.1654899914084759,0.15218716597525875,0.16282955237782049,128592000
1987-02-19,0.14633354544639587,0.1521871368185222,0.14473728416072035,0.1521871368185222,317750400
1987-02-20,0.14473730325698853,0.1463335647532707,0.14260894850561806,0.1463335647532707,87897600
1987-02-23,0.15378348529338837,0.15591184097064317,0.1415448327052349,0.14473736622111708,125913600
1987-02-24,0.1612333208322525,0.16176542338287392,0.15378346493682404,0.15378346493682404,120816000
1987-02-25,0.15857279300689697,0.16415972053082803,0.1575080038899315,0.16123323120515404,65001600
1987-02-26,0.1644258350133896,0.16921525041471802,0.1553797095470998,0.15857285410682145,145209600
1987-02-27,0.16336160898208618,0.16548996350149764,0.16070117040006707,0.16442579537628227,37555200
1987-03-02,0.15857279300689697,0.1633615854175553,0.1575080038899315,0.1633615854175553,79516800
1987-03-03,0.15857279300689697,0.16016906323344243,0.1564438176492418,0.15857279300689697,81100800
1987-03-04,0.16974729299545288,0.17027937705589707,0.158040731175437,0.15857281523588118,98179200
1987-03-05,0.1777292639017105,0.18145388957630157,0.16974732551367783,0.16974732551367783,128188800
1987-03-06,0.1771971732378006,0.17879344393534005,0.17293984241158045,0.1777292573806526,63561600
1987-03-09,0.17400401830673218,0.1777292464929083,0.17293983181723707,0.17719716238265193,38275200
1987-03-10,0.17932552099227905,0.1814538757485702,0.17347191969982007,0.1740040220906299,74102400
1987-03-11,0.1819859743118286,0.18305014263992953,0.17985761938664263,0.1819859743118286,43862400
1987-03-12,0.18278415501117706,0.18411437488560473,0.17772930852695865,0.1819860194327227,71337600
1987-03-13,0.17613238096237183,0.18411431892864255,0.17240775548458828,0.18278409945850194,105120000
1987-03-16,0.1750682294368744,0.17560031367754586,0.1697473504921861,0.17560031367754586,88473600
1987-03-17,0.18092186748981476,0.1819860361796898,0.1745361793979203,0.1750682637428578,54547200
1987-03-18,0.19049997627735138,0.19209622844371071,0.18198593716884473,0.18198593716884473,119347200
1987-03-19,0.19422464072704315,0.19422464072704315,0.18730749114097797,0.19050003296161475,62812800
1987-03-20,0.19209614396095276,0.19422449751570822,0.19103197631806124,0.19422449751570822,38246400
1987-03-23,0.19076606631278992,0.19475672532752372,0.188903762426378,0.19209628598436784,67478400
1987-03-24,0.19209614396095276,0.1931603298728167,0.18624256424204258,0.18624256424204258,69609600
1987-03-25,0.19129812717437744,0.1931604491024272,0.18996790766518973,0.1920962625336868,33840000
1987-03-26,0.18996796011924744,0.19156423127862945,0.18943587582244967,0.1912981799957362,33379200
1987-03-27,0.1952887773513794,0.1995460893845269,0.19103206819461138,0.19103206819461138,120873600
1987-03-30,0.20593175292015076,0.20593175292015076,0.188371610014102,0.1952887571096403,186134400
1987-03-31,0.20593175292015076,0.21072054565790962,0.203270693394875,0.203270693394875,125337600
1987-04-01,0.19369249045848846,0.21018846563392435,0.1926283041248661,0.20593175683739418,259430400
1987-04-02,0.2022065967321396,0.20646392848053224,0.1968857176131071,0.1968857176131071,159955200
1987-04-03,0.21231688559055328,0.2133810539837857,0.2022065733644191,0.2022065733644191,155606400
1987-04-06,0.21125271916389465,0.2128489901756328,0.20752811116182174,0.21231690592804908,98956800
1987-04-07,0.20007820427417755,0.21125266482037794,0.20007820427417755,0.21125266482037794,73728000
1987-04-08,0.20593175292015076,0.20806010727793017,0.2000781709926955,0.2000781709926955,106214400
1987-04-09,0.2022065967321396,0.20593184422242647,0.2006103439578223,0.20593184422242647,71568000
1987-04-10,0.2035367339849472,0.203802766847761,0.2016744126003591,0.20220649659496498,43372800
1987-04-13,0.19688569009304047,0.20327075510478745,0.1958209005800902,0.20327075510478745,50256000
1987-04-14,0.20007820427417755,0.20327072720740885,0.19369251899333295,0.1968856630719639,87379200
1987-04-15,0.20433488488197327,0.20646386062929967,0.20167444619677002,0.20167444619677002,95961600
1987-04-16,0.2096564620733261,0.21391315423470825,0.20380285951877586,0.2043349437553253,188092800
1987-04-20,0.20380282402038574,0.2117847621308392,0.20327073987651476,0.20965642555535527,100310400
1987-04-21,0.20699600875377655,0.20859227976635158,0.19954615333117837,0.20380286385205376,113184000
1987-04-22,0.2096564620733261,0.21018854630987555,0.20699600435260562,0.20699600435260562,74678400
1987-04-23,0.2096564620733261,0.21178479901952385,0.2064639201160562,0.2096564620733261,48326400
1987-04-24,0.21072059869766235,0.21178476700992055,0.2069959730667909,0.20965643038540419,54172800
1987-04-27,0.21072059869766235,0.21231686943503353,0.2069959730667909,0.21072059869766235,53107200
1987-04-28,0.22615236043930054,0.22668446279220245,0.20859221549631785,0.21072057010098122,111081600
1987-04-29,0.21976667642593384,0.23200532188167586,0.21976667642593384,0.22615234261296419,85161600
1987-04-30,0.22136290371418,0.22615231723788365,0.21657411133572604,0.2197666517673473,88041600
1987-05-01,0.22349131107330322,0.2240234134511279,0.218702517555757,0.2213629563689513,37843200
1987-05-04,0.22774869203567505,0.22934496298449175,0.22242719208606615,0.22349136053928642,34531200
1987-05-05,0.2463730126619339,0.2463730126619339,0.22828076167067785,0.22828076167067785,110995200
1987-05-06,0.2405194193124771,0.24850137671234362,0.23945525088868974,0.246373021595783,153504000
1987-05-07,0.25169381499290466,0.25222589902455805,0.23892308574301785,0.24051933783797802,289699200
1987-05-08,0.2692539393901825,0.2729791850346294,0.25222588139405727,0.25222588139405727,150048000
1987-05-11,0.26180416345596313,0.2692540174915626,0.2615381305160548,0.2692540174915626,127382400
1987-05-12,0.25275808572769165,0.26446525369992735,0.24903345972440916,0.26180419323877613,148464000
1987-05-13,0.2591438293457031,0.2602080163430756,0.2543550335300043,0.2543550335300043,73382400
1987-05-14,0.2612721621990204,0.26606157874113684,0.2591438066595881,0.2591438066595881,59961600
1987-05-15,0.25382286310195923,0.2607400122980105,0.25382286310195923,0.2607400122980105,84326400
1987-05-18,0.2453087419271469,0.25382278031195293,0.2383909921109752,0.25382278031195293,172598400
1987-05-19,0.23679473996162415,0.2453087607300505,0.23679473996162415,0.2453087607300505,78336000
1987-05-20,0.23306962847709656,0.2357306896827401,0.2282808327153794,0.2357306896827401,228355200
1987-05-21,0.23732692003250122,0.23998735963291482,0.23360169075393605,0.23360169075393605,93312000
1987-05-22,0.23040910065174103,0.23839105720586898,0.22934493234070896,0.23732687062585303,64627200
1987-05-26,0.23306962847709656,0.23413381546247305,0.22987710405894873,0.23040918841714156,46886400
1987-05-27,0.23306962847709656,0.23839114801168593,0.2320054597607109,0.23306962847709656,48758400
1987-05-28,0.2474372386932373,0.24796934127878734,0.23253752592432353,0.23306961024088416,108662400
1987-05-29,0.2453087419271469,0.2516938048567897,0.2447766579169214,0.24743709623702786,80380800
1987-06-01,0.2405194193124771,0.2453088349030098,0.24051941931247714,0.2453088349030098,30326400
1987-06-02,0.2394551932811737,0.24424460771948134,0.23626267050887464,0.24051936144894626,51552000
1987-06-03,0.24105145037174225,0.2442445941115051,0.2405193480485204,0.2405193480485204,21628800
1987-06-04,0.2394551932811737,0.24105146380181397,0.23785892276053347,0.24105146380181397,20390400
1987-06-05,0.2325374186038971,0.24051935562109936,0.22774862542699148,0.23945518747911188,59270400
1987-06-08,0.2336016148328781,0.23413369892623476,0.22881282145470494,0.2325374283771831,111571200
1987-06-09,0.23200540244579315,0.23413375762176367,0.23094121572331472,0.2336016733950176,25833600
1987-06-10,0.22029884159564972,0.23306957579634968,0.21551004691634446,0.23200540732049815,176256000
1987-06-11,0.20752814412117004,0.2250882972543407,0.20699604152009146,0.2240235074445054,268704000
1987-06-12,0.2091243416070938,0.2160421120406085,0.2069959865747037,0.20752808903454004,196156800
1987-06-15,0.2091243416070938,0.21231688329017148,0.20486702866580553,0.20912434160709378,125222400
1987-06-16,0.21338105201721191,0.21604211239025312,0.20859225775383025,0.20912434194554264,73526400
1987-06-17,0.22083091735839844,0.22136300157590358,0.21444524906484064,0.21444524906484064,71078400
1987-06-18,0.22322528064250946,0.223491313565406,0.21710626765013433,0.22029879060777016,56188800
1987-06-19,0.22242720425128937,0.2261524334558257,0.22136301747087916,0.224023475287411,40809600
1987-06-22,0.22083091735839844,0.22349135671491008,0.21923466470588307,0.22349135671491008,87436800
1987-06-23,0.21870243549346924,0.22083078939921277,0.2139130226276257,0.22083078939921277,100771200
1987-06-24,0.22295919060707092,0.22562025013173043,0.21976666820563073,0.21976666820563073,82684800
1987-06-25,0.22242720425128937,0.22349137276271225,0.22029884895945626,0.22242720425128937,44035200
1987-06-26,0.22295919060707092,0.22402337692020383,0.22083083624978436,0.22295919060707092,21945600
1987-06-29,0.22189506888389587,0.22295923715019647,0.2181704434138776,0.22295923715019647,25632000
1987-06-30,0.21710631251335144,0.22295927552331377,0.21657421001963884,0.22242719129858743,38332800
1987-07-01,0.21817044913768768,0.21976671984800064,0.21604209428026497,0.21657417842737475,21945600
1987-07-02,0.2128489464521408,0.21870252965665024,0.21018850749174345,0.21870252965665024,56880000
1987-07-06,0.20752814412117004,0.21497737957738075,0.2064639571880028,0.21231693964794762,65491200
1987-07-07,0.19209614396095276,0.20699584286539252,0.19049989249661547,0.20699584286539252,197078400
1987-07-08,0.1984819620847702,0.20167448547499528,0.1883716683127482,0.1936925467194516,193449600
1987-07-09,0.20380282402038574,0.20859223899862983,0.198481946043709,0.19954611433145095,92707200
1987-07-10,0.20646394789218903,0.2075281347774424,0.20007827851099527,0.202738718320645,75830400
1987-07-13,0.21125271916389465,0.21178480341147835,0.20433494799278606,0.2064639243976673,48326400
1987-07-14,0.22349131107330322,0.2240234134511279,0.21178474818846146,0.21284893467512855,152812800
1987-07-15,0.21763844788074493,0.2250883047300406,0.21763844788074496,0.2234914122660902,96768000
1987-07-16,0.21710631251335144,0.21923466768124308,0.21284898103203545,0.21817048096280414,72979200
1987-07-17,0.21763844788074493,0.22136305659805816,0.21657426091223364,0.21710636353098456,51264000
1987-07-20,0.2117847353219986,0.2171062520394712,0.21125265124548165,0.2171062520394712,42019200
1987-07-21,0.21125271916389465,0.21497734543495461,0.20965646642114358,0.21178480341147835,36547200
1987-07-22,0.2128489464521408,0.21391311472870647,0.2096564233534606,0.21125267576830908,53366400
1987-07-23,0.20806017518043518,0.21284896948106466,0.20007823629021546,0.21284896948106466,148492800
1987-07-24,0.2096564620733261,0.21178479901952385,0.20806019109469115,0.20859227533124058,57744000
1987-07-27,0.21231688559055328,0.21231688559055328,0.2064639046208192,0.20965644633848698,41817600
1987-07-28,0.2117847353219986,0.2165741496939731,0.21125265124548165,0.21338100582053057,38160000
1987-07-29,0.21125271916389465,0.21231690592804908,0.20806019540940543,0.21178480341147835,27676800
1987-07-30,0.20646394789218903,0.21125274320335635,0.20433497124504135,0.21125274320335635,55555200
1987-07-31,0.20007820427417755,0.20539908191922385,0.19582087370514795,0.20539908191922385,186624000
1987-08-03,0.1952887773513794,0.2011423598855602,0.1942245909276968,0.2000781917308588,116352000
1987-08-04,0.19954609870910645,0.19954609870910645,0.19528878647701922,0.19528878647701922,135072000
1987-08-05,0.20699600875377655,0.20965646653106396,0.19954615333117837,0.20007825584802807,211190400
1987-08-06,0.21497726440429688,0.21630810480167986,0.20752803293897776,0.20752803293897776,152553600
1987-08-07,0.22029884159564972,0.2224271968163395,0.2144452572949448,0.21497734153287054,171014400
1987-08-10,0.22029884159564972,0.22136301007150125,0.21817048637495998,0.2208309258335755,56448000
1987-08-11,0.2160421907901764,0.22242725821476844,0.214977400874854,0.2213630711761739,68544000
1987-08-12,0.2128489464521408,0.21657417483453567,0.21284894645214084,0.21604209069625285,42364800
1987-08-13,0.2192346602678299,0.22242718377721915,0.21284897383455403,0.21284897383455403,80640000
1987-08-14,0.22029884159564972,0.2208309258335755,0.21817048637495998,0.2192346731197982,50832000
1987-08-17,0.22189506888389587,0.22189506888389587,0.2192346299491613,0.2202987982154619,33667200
1987-08-18,0.21817044913768768,0.22136297228933,0.21604209428026497,0.22029880399511043,46944000
1987-08-19,0.21817044913768768,0.2187025332847975,0.21391311827740012,0.2181704491376877,48902400
1987-08-20,0.22402341663837433,0.22508820601660565,0.218170436550889,0.218170436550889,82051200
1987-08-21,0.22774869203567505,0.23040913143771202,0.22349136053928642,0.22349136053928642,68976000
1987-08-24,0.23785893619060516,0.23892312268744562,0.22455549970666144,0.2277486438046212,97747200
1987-08-25,0.24424460530281067,0.24850131446974585,0.2373268363284242,0.23998727499051337,185961600
1987-08-26,0.24584083259105682,0.2511617089798731,0.2431797732513957,0.2442445623668207,114105600
1987-08-27,0.2463730126619339,0.247437181047133,0.2431798680918563,0.24584092846933436,72432000
1987-08-28,0.25595128536224365,0.25807964092560215,0.2469051576395694,0.2469051576395694,114796800
1987-08-31,0.25275808572769165,0.255951230398173,0.248501375515079,0.254887043710527,84326400
1987-09-01,0.24158355593681335,0.25275803456110585,0.24051936946459387,0.25116176398726764,93859200
1987-09-02,0.2447766810655594,0.2453087651261043,0.23892309871626283,0.23945518277680775,78393600
1987-09-03,0.2453087419271469,0.2506296368363387,0.24211559845153266,0.24743709623702786,70934400
1987-09-04,0.2383909970521927,0.24584084930198463,0.2378588947619592,0.24530874701175115,48355200
1987-09-08,0.23732692003250122,0.23839110683405929,0.23040914861824963,0.23785900429878643,96336000
1987-09-09,0.239987313747406,0.24264775283914433,0.23732687465566765,0.2383910612537535,60710400
1987-09-10,0.24371199309825897,0.24637305392137787,0.2405194508700448,0.24105155342073933,58176000
1987-09-11,0.2474372386932373,0.24796934127878734,0.24264782216057296,0.2437120090626836,41040000
1987-09-14,0.25382286310195923,0.2554191339222741,0.24796927939696123,0.24796927939696123,94464000
1987-09-15,0.25089558959007263,0.2543547831006869,0.24743701722454237,0.2543547831006869,39052800
1987-09-16,0.24850136041641235,0.25541913066986016,0.24850136041641233,0.25116179957040347,57715200
1987-09-17,0.24690501391887665,0.2500975362710874,0.24211560011078445,0.2490333682433435,69436800
1987-09-18,0.2447766810655594,0.24690503557671972,0.24264770540905797,0.24690503557671972,31651200
1987-09-21,0.22774869203567505,0.24371196786241817,0.22562033686024818,0.22774869203567505,85550400
1987-09-22,0.24371199309825897,0.24584096963967159,0.2256203602227402,0.2277487156185536,82008000
1987-09-23,0.2564833164215088,0.25701540063460215,0.2458409379381788,0.2458409379381788,107697600
1987-09-24,0.2607400417327881,0.26925406558679704,0.255419162756381,0.255419162756381,118440000
1987-09-25,0.26393309235572815,0.2767038404068093,0.2607399486184481,0.2618041167261036,82454400
1987-09-28,0.27244651317596436,0.2777680114538486,0.26286830588445237,0.26393309514870883,95544000
1987-09-29,0.2735114097595215,0.2777681204433802,0.2708503490037732,0.27457559656498,57412800
1987-09-30,0.2820248305797577,0.28362170452694746,0.2724466195485797,0.2724466195485797,85680000
1987-10-01,0.2916030287742615,0.2926678184073756,0.28096063140818034,0.2820248181647264,127224000
1987-10-02,0.3086310625076294,0.3096952674849828,0.2926678051574679,0.29373199186583515,131644800
1987-10-05,0.33630144596099854,0.33630144596099854,0.3128883207882205,0.3128883207882205,184320000
1987-10-06,0.31395262479782104,0.33736572083654714,0.3123563537382196,0.33630155230947123,203040000
1987-10-07,0.3107594847679138,0.3203376964492691,0.30437441832109696,0.3150168168780829,125640000
1987-10-08,0.30650269985198975,0.3160809092223644,0.2958603221317304,0.3118241992848567,96940800
1987-10-09,0.3054385185241699,0.32033760554888197,0.3054385185241699,0.30756685513350723,93888000
1987-10-12,0.30437442660331726,0.3107594932238758,0.29373204602573444,0.30650278214350346,117187200
1987-10-13,0.311824232339859,0.31501677426590824,0.30224602195414385,0.30756690080557725,96811200
1987-10-14,0.30331021547317505,0.31820928677474253,0.3011812390856226,0.311824239317735,114220800
1987-10-15,0.30011701583862305,0.3096952435430368,0.2979886608554136,0.30011701583862305,128822400
1987-10-16,0.2756396234035492,0.3171449701444067,0.27351126915574164,0.3001169121403965,210240000
1987-10-19,0.1926283836364746,0.27031825646239266,0.1915642151325729,0.26180421420966576,146880000
1987-10-20,0.20433488488197327,0.2213629457193978,0.183050114840631,0.19582086359775167,324000000
1987-10-21,0.24105145037174225,0.2575474262267576,0.21284891283317922,0.2202987655448345,262080000
1987-10-22,0.22668446600437164,0.24690504992246834,0.21710625813678353,0.24158355132452547,223200000
1987-10-23,0.20539915561676025,0.22562036866713067,0.20220661326905742,0.22349139204603594,112766400
1987-10-26,0.16708625853061676,0.20433490700716142,0.15857283920095644,0.1979498607788996,148320000
1987-10-27,0.17560029029846191,0.18305014462851502,0.1670862676287472,0.17347193535015432,234720000
1987-10-28,0.17560029029846191,0.18092180794919177,0.16389372607179362,0.17027941206218508,149760000
1987-10-29,0.20327071845531464,0.20752804884103915,0.17560026322589192,0.17560026322589192,167040000
1987-10-30,0.2117847353219986,0.22242712934260295,0.20646385801886685,0.2117847353219986,168480000
1987-11-02,0.21391309797763824,0.21710626024068397,0.206463865818062,0.20965640693572457,84772800
1987-11-03,0.20433488488197327,0.21284892443517622,0.18624265587805997,0.20965640166672864,116150400
1987-11-04,0.20752814412117004,0.21604216938721607,0.19582095517895423,0.20007828751930126,95342400
1987-11-05,0.21497726440429688,0.2181704081007646,0.20752803293897776,0.20859220103303186,81432000
1987-11-06,0.2022065967321396,0.21497734968617416,0.20007825969971652,0.21391316290097523,75355200
1987-11-09,0.20007820427417755,0.2022065407170102,0.19369251899333295,0.1990140177837789,86587200
1987-11-10,0.20007820427417755,0.2064638712860398,0.19369251899333295,0.19794984956236256,91166400
1987-11-11,0.20859220623970032,0.2096563926292977,0.2011423534431002,0.20220652156371696,54619200
1987-11-12,0.2128489464521408,0.22136296861704763,0.2085922368079117,0.21604209069625285,99172800
1987-11-13,0.20539915561676025,0.21391318039528281,0.20539915561676025,0.21284901179204113,58492800
1987-11-16,0.20327071845531464,0.21178473981240922,0.20220653201073593,0.20752804884103915,59472000
1987-11-17,0.19901400804519653,0.20220653082220444,0.19262832307683003,0.19901400804519653,69321600
1987-11-18,0.20433488488197327,0.20433488488197324,0.19156415439383398,0.2022065302800144,89308800
1987-11-19,0.19688569009304047,0.2064638996216534,0.1958209005800902,0.20539911010870313,75024000
1987-11-20,0.2022065967321396,0.20327078351733854,0.19050004883229138,0.1936925726499134,82468800
1987-11-23,0.20327071845531464,0.20752804884103915,0.20007819565954169,0.2011423638351388,44640000
1987-11-24,0.2022065967321396,0.20859228378194272,0.1936925726499134,0.20646392848053224,72230400
1987-11-25,0.19582080841064453,0.20327065942882663,0.19582080841064453,0.20220647329327024,32155200
1987-11-27,0.1926283836364746,0.19688571533562033,0.1915642151325729,0.1958209256861541,18316800
1987-11-30,0.19049997627735138,0.1915641443882576,0.17240772994943185,0.1883716217865585,164160000
1987-12-01,0.1862427294254303,0.19475675407184553,0.18305018712726437,0.18943587460022046,73540800
1987-12-02,0.1873074620962143,0.19050000342180082,0.1819859631001239,0.18517848615672736,68515200
1987-12-03,0.17187564074993134,0.19049997057589846,0.1713435567104029,0.18837161614880485,127670400
1987-12-04,0.17879341542720795,0.18038966760124583,0.17027937627774561,0.1713435626627514,121752000
1987-12-07,0.18411432206630707,0.18624267690859994,0.17985761238172132,0.1830501355106689,66211200
1987-12-08,0.2022065967321396,0.2022065967321396,0.18305017499728932,0.18411436178248825,112521600
1987-12-09,0.19688569009304047,0.20539911010870313,0.1958209005800902,0.20114240010087178,83793600
1987-12-10,0.2022065967321396,0.2107206390833532,0.1883716935308809,0.1936925726499134,165600000
1987-12-11,0.20433488488197327,0.20646386062929967,0.1990140075115668,0.20327071671548452,72475200
1987-12-14,0.2160421907901764,0.21710637782877096,0.20327083191854486,0.20433500068814767,95112000
1987-12-15,0.21817044913768768,0.2208308881422202,0.21284894998318055,0.2181704491376877,112219200
1987-12-16,0.23094117641448975,0.23306953122819,0.21391311388301237,0.21497730042435412,105537600
1987-12-17,0.22136290371418,0.2330694638144258,0.22029873574962489,0.2330694638144258,94017600
1987-12-18,0.22136290371418,0.22881277368722736,0.22136290371418,0.2234912579122682,52488000
1987-12-21,0.2192346602678299,0.2277486835280415,0.216042118489455,0.22349135219068703,51163200
1987-12-22,0.22349131107330322,0.22562028692305255,0.21284893467512855,0.2192346199335817,41774400
1987-12-23,0.22668446600437164,0.22881282063919428,0.22242713558934926,0.22668446600437164,60710400
1987-12-24,0.22668446600437164,0.22881282063919428,0.2256202795524695,0.22668446600437164,12672000
1987-12-28,0.21817044913768768,0.22668448971282076,0.21284894998318055,0.2256203031496176,50716800
1987-12-29,0.23200540244579315,0.23413375762176367,0.21497733701594512,0.21817048179094284,79459200
1987-12-30,0.23732692003250122,0.23839110683405929,0.2309412328845348,0.23200541968609284,70704000
1987-12-31,0.23094117641448975,0.23732686200101982,0.22881283986977274,0.23519850718731958,61545600
1988-01-04,0.2383909970521927,0.24051933313720952,0.23200531284490916,0.23306948088741758,110347200
1988-01-05,0.24264773726463318,0.246905067991211,0.24051938247405558,0.2437119237944135,155520000
1988-01-06,0.2490333914756775,0.25435488979408444,0.24264770676126965,0.24371189315727057,121680000
1988-01-07,0.25754737854003906,0.2580794624957614,0.24477663284362192,0.24690498693548832,90676800
1988-01-08,0.2383909970521927,0.26286828701026943,0.2367947267194508,0.2564832239482811,145440000
1988-01-11,0.2463730126619339,0.24690509685453343,0.233069555942044,0.23732688716630587,143568000
1988-01-12,0.24158355593681335,0.24903340931181067,0.23094116141413962,0.24690505463635373,168480000
1988-01-13,0.24158355593681335,0.24903340931181067,0.23306951608959656,0.23839103305811896,96148800
1988-01-14,0.2394551932811737,0.24690504640789415,0.23839102511340116,0.24371190249022676,40608000
1988-01-15,0.24584083259105682,0.25222587695004517,0.24584083259105682,0.2511617089798731,92174400
1988-01-18,0.24371199309825897,0.24690513820308416,0.23945528230663224,0.24690513820308416,30038400
1988-01-19,0.24371199309825897,0.24796932503548497,0.2373269269108189,0.23839111374321967,47419200
1988-01-20,0.22987718880176544,0.2437121179745745,0.22349149819674471,0.24158376148820676,208800000
1988-01-21,0.23413369059562683,0.23945518902319415,0.23094114961111595,0.23094114961111595,125107200
1988-01-22,0.22934502363204956,0.23892323646535635,0.22455560664254656,0.2367948807271112,75297600
1988-01-25,0.23732692003250122,0.23945527536662964,0.2309412328845348,0.2309412328845348,75499200
1988-01-26,0.23200540244579315,0.23785898662350743,0.23094121572331472,0.23413375762176367,43560000
1988-01-27,0.23732692003250122,0.23945527536662964,0.2330695882186632,0.2330695882186632,100411200
1988-01-28,0.2405194193124771,0.24158360600525033,0.23839108246490234,0.23839108246490234,29318400
1988-01-29,0.23732692003250122,0.24264779923332838,0.23200541968609284,0.2405194438992,66700800
1988-02-01,0.23519852757453918,0.24264776093370466,0.23413373806445442,0.24158359256910308,48729600
1988-02-02,0.23732692003250122,0.23839110683405929,0.2330695882186632,0.23519856469837283,60753600
1988-02-03,0.22455550730228424,0.23732686010429185,0.22242715250559392,0.23732686010429185,75801600
1988-02-04,0.21710631251335144,0.22668452277990345,0.21178479431359648,0.2256203360614645,114710400
1988-02-05,0.2192346602678299,0.2277486835280415,0.2181704735853764,0.22136299709476565,94104000
1988-02-08,0.22029884159564972,0.22349136529219102,0.2160421311542702,0.2160421311542702,72878400
1988-02-09,0.22455550730228424,0.22562029671156225,0.22136296597275723,0.22242715250559392,49939200
1988-02-10,0.22881288826465607,0.2298770567620907,0.22349136982496112,0.22562034623437813,77025600
1988-02-11,0.23306962847709656,0.23306962847709656,0.22881293534256306,0.22987710405894873,69436800
1988-02-12,0.23519852757453918,0.2394552375709151,0.23200538306626647,0.23306955143086805,80222400
1988-02-16,0.2447766810655594,0.24584086745562986,0.2320053299768958,0.23413368448805613,67334400
1988-02-17,0.2447766810655594,0.25009755820896995,0.24371189179912844,0.24690503557671972,101318400
1988-02-18,0.24690501391887665,0.25116172256781033,0.2426476841246564,0.24371187042137935,84153600
1988-02-19,0.2500975430011749,0.2500975430011749,0.24584085250667337,0.2479692068884139,53164800
1988-02-22,0.2500975430011749,0.25116172932653497,0.24690502056305388,0.2500975430011749,52228800
1988-02-23,0.2532901167869568,0.2554190925920364,0.25009757566292307,0.25009757566292307,91728000
1988-02-24,0.25488704442977905,0.25861167044357186,0.25329017065176773,0.25329017065176773,79560000
1988-02-25,0.2474372386932373,0.2575475531984761,0.24637307006011605,0.2543550107611336,61560000
1988-02-26,0.24796929955482483,0.25009763646294775,0.24371196805507078,0.2479692995548248,29923200
1988-02-29,0.25275808572769165,0.2532901699370218,0.24690510461810283,0.24903345972440916,39326400
1988-03-01,0.2511617839336395,0.2554191147680444,0.24903342908915624,0.25435492821131106,43300800
1988-03-02,0.2532901167869568,0.2586116154470882,0.25009757566292307,0.2511617621272616,67896000
1988-03-03,0.2596757411956787,0.26180409550747175,0.2543548645506857,0.25541905084107164,83664000
1988-03-04,0.25861164927482605,0.26074000421292104,0.25435493939863607,0.2596758176093814,68356800
1988-03-07,0.2665935456752777,0.2671256480275886,0.25861160847302433,0.25967577663968316,78004800
1988-03-08,0.2719145119190216,0.2756397408839448,0.2671257173876675,0.26818988583064124,96897600
1988-03-09,0.27244651317596436,0.27457548882811805,0.26925397228125325,0.2703181586691505,81734400
1988-03-10,0.2671257555484772,0.27670396712502987,0.26552948438699175,0.27351142480205903,97948800
1988-03-11,0.2660614848136902,0.2681898396017513,0.25967579930408496,0.2660614848136902,84297600
1988-03-14,0.27085036039352417,0.2713824446841347,0.2618042332315817,0.2649973966588315,46281600
1988-03-15,0.2660614848136902,0.27138236264935145,0.2649973165541511,0.27138236264935145,43761600
1988-03-16,0.2756396234035492,0.2756396234035492,0.2639330630298328,0.26712560353603326,54547200
1988-03-17,0.2719145119190216,0.27883226448185217,0.2713824094285486,0.2767039275959047,125308800
1988-03-18,0.24796929955482483,0.27244659897917306,0.2479692995548248,0.27138241225612525,169920000
1988-03-21,0.2500975430011749,0.2500975430011749,0.241583522597889,0.2490333749447944,198720000
1988-03-22,0.2564833164215088,0.2586116715428681,0.2500976299119116,0.2500976299119116,115833600
1988-03-23,0.2511617839336395,0.2655294077230408,0.2500975973769061,0.2628683475892442,151200000
1988-03-24,0.2405194193124771,0.2500976293480247,0.23732689577212912,0.2500976293480247,159840000
1988-03-25,0.2389231026172638,0.24530876913136682,0.2373268321405854,0.24158354123240722,47332800
1988-03-28,0.24211560189723969,0.24264768591503763,0.23413366567804186,0.23626264116350396,67147200
1988-03-29,0.2405194193124771,0.24796929250044994,0.23945525088868974,0.24371196112181095,80712000
1988-03-30,0.23306962847709656,0.24264784114621943,0.2309412727753344,0.24158367242983375,100713600
1988-03-31,0.2405194193124771,0.24051941931247714,0.23200539596970277,0.23200539596970277,50256000
1988-04-04,0.23519852757453918,0.24051940593551668,0.23200538306626647,0.23839106920631353,47721600
1988-04-05,0.2383909970521927,0.2383909970521927,0.23200531284490916,0.23626264269819658,41760000
1988-04-06,0.2474372386932373,0.24796934127878734,0.2373269424569879,0.23839112935909854,75297600
1988-04-07,0.24371199309825897,0.2500976621623101,0.24371199309825897,0.24796932503548497,74923200
1988-04-08,0.24690501391887665,0.2490333682433435,0.24317978640750737,0.2447766595944098,57974400
1988-04-11,0.2447766810655594,0.24903339008788006,0.24264770540905797,0.24903339008788006,40406400
1988-04-12,0.23732692003250122,0.24584096251459606,0.23413377502022123,0.24371198603488642,52444800
1988-04-13,0.24264773726463318,0.2426477372646332,0.2362626911618834,0.238391045952461,42206400
1988-04-14,0.22562040388584137,0.24051949741648726,0.22455561397076648,0.2362628040700738,110030400
1988-04-15,0.23094117641448975,0.2341337177695317,0.2245555090969429,0.2266844850560725,114220800
1988-04-18,0.23306962847709656,0.23519860532454726,0.22881293534256306,0.22987710405894873,48052800
1988-04-19,0.23094117641448975,0.24264773990077879,0.22987700814213125,0.23306953122819,75772800
1988-04-20,0.23200540244579315,0.23413375762176367,0.22881287881633053,0.23094121572331472,65404800
1988-04-21,0.23147323727607727,0.236262651325508,0.228812798803679,0.23413367574847552,63979200
1988-04-22,0.23519852757453918,0.23732688257272716,0.23200538306626647,0.23200538306626647,33926400
1988-04-25,0.2346663773059845,0.23732681573724615,0.23306948579432737,0.2351984613384409,23385600
1988-04-26,0.23732692003250122,0.2405194438992,0.23519856469837283,0.23732692003250125,46454400
1988-04-27,0.23626261949539185,0.23839097364036724,0.2309411038532305,0.2373267874333908,47894400
1988-04-28,0.23573064804077148,0.2373269191023585,0.23413377410259323,0.2362627505739589,28468800
1988-04-29,0.23200540244579315,0.23413375762176367,0.23094121572331472,0.23413375762176367,64771200
1988-05-02,0.23413369059562683,0.2351984798898337,0.22774862689558614,0.23200533602894663,49262400
1988-05-03,0.2405194193124771,0.24264777442903773,0.2351985406555685,0.2351985406555685,62740800
1988-05-04,0.24317993223667145,0.2458409933160712,0.23839113670214016,0.24158366096883102,75153600
1988-05-05,0.24264773726463318,0.2437119237944135,0.2394552142132583,0.2415835690038359,24883200
1988-05-06,0.24371199309825897,0.24690513820308416,0.24158363770244562,0.24158363770244562,43977600
1988-05-09,0.24371199309825897,0.24796932503548497,0.24158363770244562,0.24371199309825897,34790400
1988-05-10,0.24264773726463318,0.24530879733103206,0.2394552142132583,0.2437119237944135,46828800
1988-05-11,0.23732692003250122,0.2405194438992,0.23413377502022123,0.2405194438992,59486400
1988-05-12,0.2383909970521927,0.24051933313720952,0.23626264269819658,0.237326810740705,26409600
1988-05-13,0.24158355593681335,0.2426477241400508,0.23945520126135642,0.24051936946459387,17913600
1988-05-16,0.24796929955482483,0.25062973895896484,0.24158361287796148,0.24158361287796148,59788800
1988-05-17,0.24690501391887665,0.2522258905955542,0.24690501391887665,0.25116172256781033,70430400
1988-05-18,0.24158355593681335,0.24850132521019194,0.24051936946459387,0.24690505463635373,81374400
1988-05-19,0.24264773726463318,0.2437119237944135,0.2373268594226807,0.238391045952461,57729600
1988-05-20,0.2394551932811737,0.2458408782401216,0.23839102511340116,0.24371190249022676,42523200
1988-05-23,0.23413369059562683,0.24051935717204373,0.23200533602894663,0.23945518902319415,50227200
1988-05-24,0.24158355593681335,0.24158355593681335,0.23306951608959656,0.23413370256181604,55324800
1988-05-25,0.23732692003250122,0.24264779923332838,0.2362627514999309,0.2405194438992,53582400
1988-05-26,0.2389231026172638,0.2426477093708722,0.2373268321405854,0.2383910185480313,43387200
1988-05-27,0.23626261949539185,0.23945514157836617,0.23626261949539185,0.23945514157836617,33148800
1988-05-31,0.24690501391887665,0.24796920021559957,0.23519845312351198,0.23626263942023493,44049600
1988-06-01,0.2522260844707489,0.2554192486916714,0.24584103485841818,0.24796939081885944,95788800
1988-06-02,0.2511617839336395,0.2554191147680444,0.2500975973769061,0.2532901387781228,63230400
1988-06-03,0.2532901167869568,0.25435490612769784,0.25009757566292307,0.2511617621272616,34833600
1988-06-06,0.25861164927482605,0.2596758176093814,0.25222596331507546,0.2532901499186151,81748800
1988-06-07,0.2596757411956787,0.2639330709645476,0.2570153028731822,0.2596757411956787,82166400
1988-06-08,0.26393309235572815,0.2660614468400195,0.25861159413415685,0.25861159413415685,66283200
1988-06-09,0.26286837458610535,0.2676577900562633,0.26233629038758477,0.2649973507946751,69264000
1988-06-10,0.26499730348587036,0.26712565816897216,0.26073997297427554,0.26286832765737733,45014400
1988-06-13,0.26552945375442505,0.26818989320398906,0.2649973695183096,0.26606153799054055,31118400
1988-06-14,0.2681898772716522,0.2703182323586617,0.26712570886264025,0.2681898772716522,60379200
1988-06-15,0.27244651317596436,0.27244651317596436,0.2660614496555227,0.26712563604341993,51033600
1988-06-16,0.2703181803226471,0.2713823485268076,0.268189825645344,0.26925399384950455,73713600
1988-06-17,0.2681898772716522,0.27351137700019224,0.26712570886264025,0.2703182323586617,42105600
1988-06-20,0.2671257555484772,0.268189924143475,0.26393321322550634,0.2671257555484772,28137600
1988-06-21,0.27244651317596436,0.27244651317596436,0.2660614496555227,0.2660614496555227,39715200
1988-06-22,0.28521791100502014,0.2873462658608151,0.27404343143390086,0.2767038887053822,127324800
1988-06-23,0.2809605598449707,0.2862820768798434,0.27989639162846486,0.28521789039435536,41054400
1988-06-24,0.27776792645454407,0.28202463416558377,0.2767037586612716,0.2809604481033363,28555200
1988-06-27,0.27244651317596436,0.2777680114538486,0.27244651317596436,0.2777680114538486,23630400
1988-06-28,0.27989646792411804,0.2809606364307005,0.2713824256499431,0.2724466124255128,32140800
1988-06-29,0.27989646792411804,0.2830896128584188,0.2788322811485483,0.2809606364307005,49809600
1988-06-30,0.28521791100502014,0.28521791100502014,0.2809605801479886,0.28202476671037785,31550400
1988-07-01,0.28947460651397705,0.28947460651397705,0.28415372877004225,0.2852178970112361,42940800
1988-07-05,0.2963922917842865,0.296924375753638,0.28521781593778217,0.2873461700841658,48096000
1988-07-06,0.2926677167415619,0.3001169483737506,0.2916029274783303,0.29692442575109274,89380800
1988-07-07,0.2926677167415619,0.2937319031284349,0.2884103865866918,0.2905387410914573,68428800
1988-07-08,0.2916030287742615,0.2926678184073756,0.2884104867736102,0.2894746735301562,40089600
1988-07-11,0.2841537296772003,0.29266775158629155,0.2841537296772003,0.29266775158629155,65764800
1988-07-12,0.2793644070625305,0.28628217888708246,0.2756397804396474,0.28521799202240633,90000000
1988-07-13,0.2841537296772003,0.2841537296772003,0.2767038760127003,0.2788322125018828,57427200
1988-07-14,0.28521791100502014,0.28521791100502014,0.2809605801479886,0.2841537427116144,34848000
1988-07-15,0.28521791100502014,0.2862820975674094,0.28202476671037785,0.28521791100502014,31579200
1988-07-18,0.2873461842536926,0.2884103522448716,0.28521783000235623,0.28628201626251365,20102400
1988-07-19,0.2809605598449707,0.28734624509634926,0.27989639162846486,0.2862820768798434,36460800
1988-07-20,0.27244651317596436,0.28308950973173286,0.2713823267880671,0.28308950973173286,111096000
1988-07-21,0.2596757411956787,0.2724464882117196,0.2575474051528646,0.2713823019213336,128937600
1988-07-22,0.26286837458610535,0.2660615191917162,0.257547496062929,0.25861166445997014,68817600
1988-07-25,0.25754737854003906,0.2660613977837464,0.25648319235961736,0.26393304369188,52704000
1988-07-26,0.24690501391887665,0.25116172256781033,0.2415835160969125,0.24690501391887665,228960000
1988-07-27,0.2453087419271469,0.2511617208465642,0.2447766579169214,0.24796919851623225,68140800
1988-07-28,0.24796929955482483,0.2490334680088863,0.24264778133202297,0.2447767576546677,57945600
1988-07-29,0.2532901167869568,0.2554190925920364,0.24796923927220976,0.24903340746756641,59385600
1988-08-01,0.2490333914756775,0.2554190761900853,0.2490333914756775,0.25435488979408444,51825600
1988-08-02,0.2447766810655594,0.25009755820896995,0.2415835372879681,0.24903339008788006,65476800
1988-08-03,0.2394551932811737,0.2447766918033676,0.23626267050887464,0.24371190249022676,91987200
1988-08-04,0.23626261949539185,0.24051930951636513,0.23626261949539185,0.23945514157836617,53496000
1988-08-05,0.22774869203567505,0.23626273388291735,0.2202988369106393,0.23626273388291735,201600000
1988-08-08,0.22668446600437164,0.22881282063919428,0.22455549022417187,0.22881282063919428,148320000
1988-08-09,0.22029884159564972,0.22668452840326714,0.21710631789910845,0.2256203416584289,138830400
1988-08-10,0.21497726440429688,0.22029876255785294,0.21284890994720854,0.2181704081007646,113169600
1988-08-11,0.22029884159564972,0.22136301007150125,0.2128489863121808,0.21710631789910845,123105600
1988-08-12,0.22136290371418,0.22242708994771307,0.21923456778506975,0.22029873574962489,58262400
1988-08-15,0.2160421907901764,0.22242725821476844,0.21284904506665667,0.2213630711761739,41083200
1988-08-16,0.22349131107330322,0.2245554975599703,0.21391310289281337,0.21497728937948046,90878400
1988-08-17,0.22349131107330322,0.22934491222291395,0.218702517555757,0.22349131107330322,59112000
1988-08-18,0.22455550730228424,0.22668448324439894,0.22349132076944753,0.22455550730228424,32025600
1988-08-19,0.21497726440429688,0.22562026071140898,0.21391307804126264,0.22455547147202962,67377600
1988-08-22,0.20433488488197327,0.21497727903713507,0.20327071671548452,0.21391309260166494,110174400
1988-08-23,0.21018853783607483,0.21178479048136983,0.20327076708731726,0.2053991222166965,88315200
1988-08-24,0.2192346602678299,0.21976674447456382,0.20965645032516478,0.21072061873863265,102585600
1988-08-25,0.2160421907901764,0.2192347336369683,0.21284904506665667,0.21391321383625947,72633600
1988-08-26,0.21870243549346924,0.22029870549002076,0.21604199767853366,0.21604199767853366,24451200
1988-08-29,0.22189506888389587,0.22349132128334676,0.2202987982154619,0.22136296648176246,35035200
1988-08-30,0.21817044913768768,0.22242715885253317,0.21710628084346814,0.22136297228933,20966400
1988-08-31,0.2128489464521408,0.220298800340482,0.2096564233534606,0.21923463206391636,71884800
1988-09-01,0.20806017518043518,0.2117847828203774,0.20433492812600867,0.21072061442867543,82382400
1988-09-02,0.2192346602678299,0.22029882868129777,0.21072061873863265,0.21178478715210053,115329600
1988-09-06,0.22136290371418,0.2234912579122682,0.21817038155153667,0.21923456778506975,67752000
1988-09-07,0.22029884159564972,0.22455555203702923,0.2160421311542702,0.2224271968163395,72115200
1988-09-08,0.22136290371418,0.22668441948913914,0.21817038155153667,0.21923456778506975,69206400
1988-09-09,0.22987718880176544,0.23306971439681828,0.2192348034930068,0.2202989726016919,111124800
1988-09-12,0.22881288826465607,0.23413376728980323,0.2277487014982344,0.22881288826465607,43257600
1988-09-13,0.22987718880176544,0.23094135791045053,0.22455568557442737,0.22668466320671263,40608000
1988-09-14,0.22987718880176544,0.23519869202910354,0.22881301969308038,0.2336018172201584,79214400
1988-09-15,0.22242720425128937,0.23094122829520333,0.22136301747087916,0.22987705978378045,72921600
1988-09-16,0.22136290371418,0.2234912579122682,0.22029873574962489,0.22242708994771307,48700800
1988-09-19,0.22029884159564972,0.22349136529219102,0.21710631789910845,0.22349136529219102,44697600
1988-09-20,0.22668446600437164,0.22668446600437164,0.22029878095452662,0.22136294913744708,53625600
1988-09-21,0.22881288826465607,0.2298770567620907,0.2277487014982344,0.2277487014982344,16056000
1988-09-22,0.23200540244579315,0.23413375762176367,0.22881287881633053,0.2298770472698226,59688000
1988-09-23,0.22881288826465607,0.23200541202594696,0.22881288826465607,0.23200541202594696,35092800
1988-09-26,0.22295919060707092,0.22987695884630355,0.22029875222770756,0.22881279080214992,50212800
1988-09-27,0.22136290371418,0.22242708994771307,0.21923456778506975,0.22136290371418,35366400
1988-09-28,0.22562040388584137,0.22562040388584134,0.2202989023553613,0.22242725816306388,25516800
1988-09-29,0.22562040388584137,0.22774875969354394,0.2234914269324193,0.22455561397076648,56462400
1988-09-30,0.22242720425128937,0.22562034920011426,0.22029884895945626,0.22455555954312245,37252800
1988-10-03,0.21870243549346924,0.22029870549002076,0.2149772087149852,0.2181703515842772,41097600
1988-10-04,0.21763844788074493,0.22136305659805816,0.21657426091223364,0.21923471919901663,29260800
1988-10-05,0.21391309797763824,0.21817042843391693,0.21284892978440528,0.21817042843391693,67089600
1988-10-06,0.2128489464521408,0.21604209069625285,0.21284894645214084,0.21391311472870647,33609600
1988-10-07,0.2117847353219986,0.21391308989704752,0.20380279822194128,0.21284892174401362,208065600
1988-10-10,0.2096564620733261,0.21284898576160938,0.20327077528222642,0.21284898576160938,106358400
1988-10-11,0.2117847353219986,0.21497727631906258,0.20859221259391578,0.2117847353219986,65952000
1988-10-12,0.21551001071929932,0.2202988045942791,0.20859224083566424,0.2107205956988757,137534400
1988-10-13,0.2192346602678299,0.22242718377721915,0.2139131422480219,0.21444524472374146,82468800
1988-10-14,0.21817044913768768,0.22242715885253317,0.21710628084346814,0.22136297228933,56764800
1988-10-17,0.22136290371418,0.2234912579122682,0.21817038155153667,0.21817038155153667,25675200
1988-10-18,0.22349131107330322,0.2245554975599703,0.2181704334469146,0.22029878815126652,37224000
1988-10-19,0.22668446600437164,0.22881282063919428,0.22242713558934926,0.22774863418729213,80683200
1988-10-20,0.22774869203567505,0.2298770472111019,0.22455554726149302,0.22455554726149302,73296000
1988-10-21,0.22562040388584137,0.22774875969354394,0.2234914269324193,0.22562040388584134,24264000
1988-10-24,0.22136290371418,0.22668441948913914,0.22083081973190244,0.22668441948913914,28627200
1988-10-25,0.21497726440429688,0.22242711701494128,0.21284890994720854,0.22136293065190701,74548800
1988-10-26,0.2117847353219986,0.21497727631906258,0.20646385801886685,0.21391308989704752,157420800
1988-10-27,0.21072059869766235,0.21072059869766235,0.2032707445594507,0.20965643038540419,114336000
1988-10-28,0.21072059869766235,0.21178476700992055,0.2064638889106618,0.20965643038540419,46540800
1988-10-31,0.20859220623970032,0.2096563926292977,0.20646385172948611,0.2096563926292977,41284800
1988-11-01,0.20752814412117004,0.21178483704686907,0.20752814412117004,0.20859231278534732,53280000
1988-11-02,0.20114243030548096,0.2075281174216213,0.19901407498196022,0.2075281174216213,221803200
1988-11-03,0.20114243030548096,0.2032707856290017,0.19635363539480621,0.20114243030548096,118339200
1988-11-04,0.19794981181621552,0.2032706884466481,0.19794981181621554,0.19794981181621554,106603200
1988-11-07,0.19901400804519653,0.20007819448352013,0.19582086412281938,0.19794983987585438,55065600
1988-11-08,0.20699600875377655,0.20859227976635158,0.20007825584802807,0.2011424243437534,56606400
1988-11-09,0.2117847353219986,0.21284892174401362,0.20327071414542433,0.2043348822984582,124732800
1988-11-10,0.20859220623970032,0.21497726977034284,0.2085922062397003,0.21178472887053126,78796800
1988-11-11,0.2027386873960495,0.20859227157623905,0.20220658490009213,0.20646391639936854,54936000
1988-11-14,0.20646394789218903,0.2075281347774424,0.20220661574352375,0.20433497124504135,34329600
1988-11-15,0.20007820427417755,0.2064638712860398,0.19794984956236256,0.2064638712860398,93902400
1988-11-16,0.19688569009304047,0.20114240010087178,0.19369254557617452,0.2006103159171391,199008000
1988-11-17,0.19582080841064453,0.19901395142455364,0.19475662227508816,0.19688559742241715,65865600
1988-11-18,0.1984819620847702,0.19901404627164357,0.1947567150931983,0.1968856912551652,34430400
1988-11-21,0.19582080841064453,0.19688559742241715,0.19262826827295168,0.19582080841064453,47102400
1988-11-22,0.19582080841064453,0.19794978355797352,0.19369245440850805,0.19582080841064453,30312000
1988-11-23,0.19954609870910645,0.20007820108030294,0.19582087057923367,0.19688565992905224,56548800
1988-11-25,0.19741788506507874,0.1979499878164053,0.19475682323859278,0.19688580058274724,11462400
1988-11-28,0.20007820427417755,0.2022065407170102,0.1968856630719639,0.1968856630719639,58737600
1988-11-29,0.2022065967321396,0.2022065967321396,0.1990140729145176,0.20007825969971652,21873600
1988-11-30,0.20114243030548096,0.2032707856290017,0.20114243030548096,0.20114243030548096,35193600
1988-12-01,0.20859220623970032,0.21072056074991447,0.2000781853224834,0.20220652156371696,82008000
1988-12-02,0.2117847353219986,0.21391308989704752,0.20646385801886685,0.20646385801886685,91497600
1988-12-05,0.21072059869766235,0.2149773084846629,0.2075280754919039,0.21178476700992055,70142400
1988-12-06,0.2117847353219986,0.2117847353219986,0.20859221259391578,0.2107205671689647,44366400
1988-12-07,0.2096564620733261,0.21284898576160938,0.20912435956779002,0.21072063054642498,30888000
1988-12-08,0.20859220623970032,0.21072056074991447,0.20752803811908352,0.2096563926292977,40176000
1988-12-09,0.20859220623970032,0.2096563926292977,0.20646385172948611,0.20752803811908352,22305600
1988-12-12,0.20167453587055206,0.20859230798100048,0.20167453587055206,0.20752813934133338,38894400
1988-12-13,0.20327071845531464,0.2032707184553146,0.2011423638351388,0.2011423638351388,39168000
1988-12-14,0.20593175292015076,0.20752802325573014,0.20220650708149562,0.203270693394875,28008000
1988-12-15,0.20859220623970032,0.2096563926292977,0.20646385172948611,0.2085922062397003,23198400
1988-12-16,0.2117847353219986,0.21391308989704752,0.2075280444408819,0.2075280444408819,51796800
1988-12-19,0.2160421907901764,0.2192347336369683,0.214977400874854,0.21551010640537502,83534400
1988-12-20,0.21817044913768768,0.22349132714675274,0.21710628084346814,0.2187025332847975,92188800
1988-12-21,0.22242720425128937,0.22349137276271225,0.21817049366762317,0.21923468044803338,46440000
1988-12-22,0.22136290371418,0.2256202332556061,0.22029873574962489,0.2234912579122682,74592000
1988-12-23,0.22136290371418,0.22136290371418,0.21923456778506975,0.22029873574962489,17121600
1988-12-27,0.22029884159564972,0.22349136529219102,0.22029884159564972,0.22136301007150125,30772800
1988-12-28,0.22242720425128937,0.22242720425128937,0.22029884895945626,0.22136301747087916,21268800
1988-12-29,0.22668446600437164,0.22774863418729213,0.22136294913744708,0.22136294913744708,38275200
1988-12-30,0.22668446600437164,0.2309411570050352,0.22668446600437164,0.22774863418729213,63820800
1989-01-03,0.22828087210655212,0.22881297482555316,0.22455564154171304,0.22774878765654505,51825600
1989-01-04,0.23094117641448975,0.23360163363335246,0.227748653328431,0.227748653328431,53899200
1989-01-05,0.22721652686595917,0.2330694878115976,0.2266844428288975,0.2330694878115976,47246400
1989-01-06,0.22562040388584137,0.22881294673189112,0.22562040388584134,0.22774875969354394,59054400
1989-01-09,0.22349131107330322,0.22668447340971964,0.221895058746776,0.22562028692305255,46008000
1989-01-10,0.22136290371418,0.2234912579122682,0.22029873574962489,0.22242708994771307,54129600
1989-01-11,0.22349131107330322,0.22349131107330322,0.2192346199335817,0.22083087226010892,48297600
1989-01-12,0.22349131107330322,0.22881282811407155,0.2224271428556184,0.2224271428556184,54590400
1989-01-13,0.22562040388584137,0.22668459092418852,0.2234914269324193,0.2234914269324193,35568000
1989-01-16,0.22615236043930054,0.23040906964862726,0.2245554870421707,0.22668446279220245,27532800
1989-01-17,0.2192346602678299,0.2250882442253862,0.2181704735853764,0.2240234546664066,41745600
1989-01-18,0.2192346602678299,0.22029882868129777,0.2139131422480219,0.22029882868129777,63633600
1989-01-19,0.22774869203567505,0.22881287875788162,0.22242719208606615,0.22242719208606615,84297600
1989-01-20,0.23040910065174103,0.23147328723175697,0.22668449329414492,0.22774866160517698,61027200
1989-01-23,0.22562040388584137,0.22987711550124657,0.22508831950116365,0.22987711550124657,52228800
1989-01-24,0.22455550730228424,0.22774865150825258,0.22349132076944753,0.22562029671156225,56217600
1989-01-25,0.22562040388584137,0.22668459092418852,0.2234914269324193,0.22562040388584134,49046400
1989-01-26,0.23094117641448975,0.2320053629558315,0.2234913225556012,0.22402342496076366,87134400
1989-01-27,0.23573064804077148,0.24051944295654498,0.22881289492261994,0.23040914771521936,166420800
1989-01-30,0.2490333914756775,0.2500975596026977,0.23519847506518615,0.23626266146118705,110088000
1989-01-31,0.25382286310195923,0.25648330228982746,0.24903344776451458,0.2511618027686061,125092800
1989-02-01,0.2522260844707489,0.2543550615769542,0.2511619156250248,0.2532902715854661,131212800
1989-02-02,0.2591438293457031,0.26818995775860544,0.2522260566585548,0.25329024365592734,180028800
1989-02-03,0.2596757411956787,0.2660614252763406,0.25541905084107164,0.2575474051528646,91324800
1989-02-06,0.25754737854003906,0.25967571436292847,0.25435483826775096,0.25861154645148376,87580800
1989-02-07,0.2644653022289276,0.26606157341881725,0.2575475485547517,0.25807963286171853,127094400
1989-02-08,0.2660614848136902,0.27244654917787353,0.2618041540921461,0.26393313002562907,133315200
1989-02-09,0.27138233184814453,0.27563966208649243,0.262868310785781,0.26393310006989107,199036800
1989-02-10,0.263401061296463,0.2703182101948496,0.2623362718292457,0.26818985528234723,129038400
1989-02-13,0.2607400417327881,0.26393318661038995,0.2596758549761145,0.26180421022047473,94075200
1989-02-14,0.2564833164215088,0.2649973580524653,0.25541914799532206,0.26340108714419935,62956800
1989-02-15,0.26499730348587036,0.26499730348587036,0.25648326360807194,0.2575474500841139,81936000
1989-02-16,0.2671257555484772,0.27031827960245924,0.2607400680259066,0.26606156868449066,61387200
1989-02-17,0.2660614848136902,0.26925400786129033,0.2649973165541511,0.2681898396017513,29692800
1989-02-21,0.26286837458610535,0.2671257058577427,0.26180418792007887,0.2649973507946751,33753600
1989-02-22,0.2554191052913666,0.26286833783618146,0.2554191052913666,0.26180415131893203,95515200
1989-02-23,0.25701531767845154,0.2586115880714936,0.2522259036229868,0.2564832336370975,75945600
1989-02-24,0.2500975430011749,0.25861158167344034,0.2500975430011749,0.2564832272916998,76017600
1989-02-27,0.25435492396354675,0.2564832787724862,0.24903342493026176,0.2500975932002399,68788800
1989-02-28,0.2532901167869568,0.25648326078739303,0.2511617621272616,0.2554190925920364,43444800
1989-03-01,0.2522260844707489,0.2564834175373955,0.2522260844707489,0.2554192486916714,59889600
1989-03-02,0.25861164927482605,0.2596758176093814,0.25222596331507546,0.25222596331507546,92304000
1989-03-03,0.26286837458610535,0.26393316412864865,0.257547496062929,0.25861166445997014,68947200
1989-03-06,0.26393309235572815,0.264997278732364,0.2596757622418123,0.26286830310273945,56635200
1989-03-07,0.22774869203567505,0.2554191544838425,0.22668452358245478,0.2543549677616359,788688000
1989-03-08,0.22349131107330322,0.23200535103610825,0.2229592269644608,0.22881282811407155,253612800
1989-03-09,0.22029884159564972,0.22455555203702923,0.2192346731197982,0.22455555203702923,123307200
1989-03-10,0.22029884159564972,0.22349136529219102,0.21710631789910845,0.2192346731197982,66902400
1989-03-13,0.22455550730228424,0.22455550730228424,0.2202987977089036,0.22136296597275723,60206400
1989-03-14,0.22455550730228424,0.22668448324439894,0.22242715250559392,0.22668448324439894,63720000
1989-03-15,0.21391309797763824,0.2245554924002602,0.21391309797763824,0.2245554924002602,104889600
1989-03-16,0.21817044913768768,0.21923463570089086,0.21497730484060326,0.21604209428026497,102888000
1989-03-17,0.19794981181621552,0.21497724914026833,0.19582083636496553,0.2139130628527945,245577600
1989-03-20,0.19794981181621552,0.19794981181621554,0.1947566500774917,0.19741770953798918,238996800
1989-03-21,0.21231688559055328,0.2128489697871695,0.1968856948602865,0.1990140499157366,224467200
1989-03-22,0.20859220623970032,0.21178472887053126,0.20646385172948611,0.21072056074991447,167025600
1989-03-23,0.21391309797763824,0.21391309797763824,0.20752805228027682,0.20752805228027682,87811200
1989-03-27,0.2117847353219986,0.21550998154093923,0.2107205671689647,0.21284892174401362,75542400
1989-03-28,0.2117847353219986,0.21497727631906258,0.20965639901593083,0.21391308989704752,70804800
1989-03-29,0.21072059869766235,0.21178476700992055,0.20965643038540419,0.21178476700992055,30009600
1989-03-30,0.21231688559055328,0.2128489697871695,0.2091243438728855,0.2117847831249518,46742400
1989-03-31,0.21231688559055328,0.2139131381804019,0.2107206147317194,0.2128489697871695,29736000
1989-04-03,0.21391309797763824,0.21604207377846915,0.21125265922557399,0.21284892978440528,35049600
1989-04-04,0.2128489464521408,0.21391311472870647,0.21072059163002627,0.21391311472870647,25027200
1989-04-05,0.2144451141357422,0.21497719801845958,0.21178465818420633,0.21284884421861558,19641600
1989-04-06,0.21817044913768768,0.21923463570089086,0.21391311827740012,0.21497730484060326,51681600
1989-04-07,0.21817044913768768,0.22029880399511043,0.21710628084346814,0.2181704491376877,29448000
1989-04-10,0.21870243549346924,0.2224270593957643,0.2181703515842772,0.2181703515842772,28670400
1989-04-11,0.21870243549346924,0.22136287330840482,0.21444512480579317,0.21923453767163667,28728000
1989-04-12,0.20486703515052795,0.22029882907857867,0.20273868005076837,0.22029882907857867,71020800
1989-04-13,0.20752814412117004,0.21444529524529213,0.2022066248476558,0.203270811780823,92880000
1989-04-14,0.2160421907901764,0.21817054659837376,0.20965652048885652,0.20965652048885652,62625600
1989-04-17,0.2192346602678299,0.22295926798395307,0.216042118489455,0.2181704735853764,51638400
1989-04-18,0.22668446600437164,0.22668446600437164,0.22136294913744708,0.22349130377226972,69336000
1989-04-19,0.2336016148328781,0.2373268429007357,0.2320053442838265,0.23413369892623476,168969600
1989-04-20,0.2383909970521927,0.24051933313720952,0.23200531284490916,0.23413366719890527,138801600
1989-04-21,0.23519852757453918,0.23839106920631353,0.23413373806445442,0.23839106920631353,58190400
1989-04-24,0.2346663773059845,0.23626264767233335,0.23200531772941457,0.23413367212821984,29332800
1989-04-25,0.23306962847709656,0.23732696102630943,0.2320054597607109,0.23626279230992378,24897600
1989-04-26,0.22987718880176544,0.23413390177450094,0.22828091686974025,0.23413390177450094,44510400
1989-04-27,0.23306962847709656,0.23360173110428023,0.22987710405894873,0.22987710405894873,34588800
1989-04-28,0.23785893619060516,0.2394552068013746,0.22881283030146163,0.23306952148187599,69782400
1989-05-01,0.2325374186038971,0.23839101933712442,0.2309411481219349,0.23573056244419377,33739200
1989-05-02,0.22987718880176544,0.23413390177450094,0.22774883231539772,0.23306971439681828,34372800
1989-05-03,0.22987718880176544,0.23306971439681828,0.22987718880176544,0.22987718880176544,28857600
1989-05-04,0.22349131107330322,0.23094116454944116,0.2224271428556184,0.23094116454944116,37425600
1989-05-05,0.22136290371418,0.22668441948913914,0.22029873574962489,0.22668441948913914,35827200
1989-05-08,0.2192346602678299,0.22242718377721915,0.21710630517190851,0.22136299709476565,49003200
1989-05-09,0.22562040388584137,0.22774875969354394,0.21923473358600584,0.2202989023553613,54590400
1989-05-10,0.22987718880176544,0.23306971439681828,0.22668466320671263,0.22774883231539772,58752000
1989-05-11,0.22987718880176544,0.23094135791045053,0.22774883231539772,0.23094135791045053,34401600
1989-05-12,0.23094117641448975,0.2341337177695317,0.227748653328431,0.23253744709201074,71092800
1989-05-15,0.23306962847709656,0.23413381546247305,0.22987710405894873,0.23040918841714156,74736000
1989-05-16,0.2394551932811737,0.24051936144894626,0.2320053401544533,0.23306950832222584,83433600
1989-05-17,0.24424460530281067,0.24690504396489985,0.23998727499051337,0.23998727499051337,89812800
1989-05-18,0.24796929955482483,0.24956555223591703,0.24371196805507078,0.24371196805507078,52574400
1989-05-19,0.24796929955482483,0.25329017836310486,0.24743719705880773,0.24743719705880773,62568000
1989-05-22,0.2522260844707489,0.2532902715854661,0.24584103485841818,0.24796939081885944,74275200
1989-05-23,0.24105145037174225,0.25116174162358523,0.23945517994003748,0.24796921902915608,97545600
1989-05-24,0.2447766810655594,0.2447766810655594,0.2373268282656474,0.23892309871626283,69364800
1989-05-25,0.2447766810655594,0.24903339008788006,0.24264770540905797,0.2447766810655594,33840000
1989-05-26,0.2506297826766968,0.2511618669965398,0.24584098726013062,0.24690515589981665,37886400
1989-05-30,0.2511617839336395,0.2538228440674361,0.24903342908915624,0.2511617839336395,63907200
1989-05-31,0.25754737854003906,0.25967571436292847,0.25116169511922115,0.25116169511922115,80971200
1989-06-01,0.2554191052913666,0.2586116283051493,0.25435491877411714,0.2564832735396332,62798400
1989-06-02,0.24796929955482483,0.2564833231398111,0.2479692995548248,0.2559512389127803,54043200
1989-06-05,0.24158355593681335,0.24903340931181067,0.24051936946459387,0.24903340931181067,61416000
1989-06-06,0.2490333914756775,0.2495654755391876,0.24051935223824855,0.24158353863424945,53899200
1989-06-07,0.25435492396354675,0.2554191105025081,0.2500975932002399,0.2500975932002399,44928000
1989-06-08,0.25435492396354675,0.2564832787724862,0.25329013454814064,0.25435492396354675,29217600
1989-06-09,0.25435492396354675,0.25595119463749716,0.25222594800917936,0.25435492396354675,36144000
1989-06-12,0.2511617839336395,0.2564832830557943,0.2495655132330312,0.25435492821131106,51681600
1989-06-13,0.24371199309825897,0.24903349359889754,0.24371199309825897,0.24850140931719125,40564800
1989-06-14,0.24584083259105682,0.24690500056122885,0.24051931678800953,0.24584083259105682,47304000
1989-06-15,0.24158355593681335,0.24584088643311627,0.23945520126135642,0.24584088643311627,52113600
1989-06-16,0.24158355593681335,0.2426477241400508,0.23945520126135642,0.24105147183519463,47361600
1989-06-19,0.2405194193124771,0.24264777442903773,0.23626272734834172,0.24264777442903773,27158400
1989-06-20,0.23200540244579315,0.2415836127487024,0.23200540244579315,0.240519426026224,45806400
1989-06-21,0.23413369059562683,0.23839102087434458,0.2266844587467366,0.2266844587467366,80496000
1989-06-22,0.23626261949539185,0.23626261949539185,0.2341336442051823,0.23519843328841544,36072000
1989-06-23,0.23573064804077148,0.23839110589974574,0.23519856377657167,0.2362627505739589,33537600
1989-06-26,0.23306962847709656,0.23626279230992378,0.2309412727753344,0.23519860532454726,30240000
1989-06-27,0.22934502363204956,0.23519860935617956,0.22881293926473606,0.23306963247223522,35899200
1989-06-28,0.22455550730228424,0.2298770063049429,0.22136296597275723,0.2298770063049429,57456000
1989-06-29,0.22136290371418,0.2250881492733285,0.21817038155153667,0.2250881492733285,77198400
1989-06-30,0.22562040388584137,0.22774875969354394,0.2181705465476587,0.2213630711247167,67248000
1989-07-03,0.22987718880176544,0.23094135791045053,0.2261525603833725,0.2261525603833725,14688000
1989-07-05,0.23519852757453918,0.23626271420812558,0.22987702806807853,0.23200538306626647,26539200
1989-07-06,0.22455550730228424,0.23839104663712854,0.22295923663752074,0.23732686010429185,94780800
1989-07-07,0.22774869203567505,0.23094121566432216,0.22402346303488288,0.22455554726149302,41457600
1989-07-10,0.2336016148328781,0.23413369892623476,0.2277486349990099,0.22881282145470494,27259200
1989-07-11,0.22774869203567505,0.23626273388291735,0.22668452358245478,0.23360167333534546,43488000
1989-07-12,0.22668446600437164,0.22774863418729213,0.22136294913744708,0.2256202795524695,52156800
1989-07-13,0.22562040388584137,0.22881294673189112,0.2234914269324193,0.22615248827051906,33408000
1989-07-14,0.22455550730228424,0.22774865150825258,0.2202987977089036,0.22668448324439894,42768000
1989-07-17,0.22668446600437164,0.22774863418729213,0.22349130377226972,0.22455549022417187,31291200
1989-07-18,0.22774869203567505,0.23094121566432216,0.22668452358245478,0.22668452358245478,42984000
1989-07-19,0.23040910065174103,0.232005371387273,0.22668449329414492,0.229877016496225,29764800
1989-07-20,0.22774869203567505,0.23519854716071076,0.22774869203567505,0.23094121566432216,44524800
1989-07-21,0.23519852757453918,0.24051940593551668,0.2245555285616178,0.2256203180717026,99763200
1989-07-24,0.23519852757453918,0.23732688257272716,0.2309411964326801,0.23306955143086805,38361600
1989-07-25,0.22136290371418,0.24264766971658341,0.21923456778506975,0.23413365004795886,326030400
1989-07-26,0.22455550730228424,0.22668448324439894,0.22136296597275723,0.22455550730228424,123638400
1989-07-27,0.22881288826465607,0.2298770567620907,0.2266845330007998,0.2282807857469517,45561600
1989-07-28,0.23094117641448975,0.2320053629558315,0.2266844850560725,0.22987700814213125,29217600
1989-07-31,0.23306962847709656,0.23413381546247305,0.22881293534256306,0.22987710405894873,33336000
1989-08-01,0.23094117641448975,0.23519850718731958,0.22987700814213125,0.23306953122819,62136000
1989-08-02,0.23094117641448975,0.23306953122819,0.22987700814213125,0.22987700814213125,28368000
1989-08-03,0.23413369059562683,0.2351984798898337,0.23094114961111595,0.23147325195452184,27590400
1989-08-04,0.24264773726463318,0.2447767132006334,0.23200536043530556,0.23306952869610287,178128000
1989-08-07,0.24584083259105682,0.24690500056122885,0.24264767099733164,0.24584083259105682,93571200
1989-08-08,0.2511617839336395,0.25222595222138944,0.24477671940018966,0.24477671940018966,110548800
1989-08-09,0.2500975430011749,0.2554190592353193,0.2500975430011749,0.2506296452983447,113774400
1989-08-10,0.2490333914756775,0.2511617459986986,0.24796922334865729,0.2511617459986986,48340800
1989-08-11,0.24584083259105682,0.2532900631891952,0.24584083259105682,0.2511617089798731,61473600
1989-08-14,0.24264773726463318,0.24584089973041373,0.2426477372646332,0.24584089973041373,68990400
1989-08-15,0.2447766810655594,0.24690503557671972,0.24105145322742316,0.24264770540905797,17856000
1989-08-16,0.23785893619060516,0.24690506034873116,0.2362626838488182,0.2458408921208732,46670400
1989-08-17,0.2405194193124771,0.24158360600525033,0.2351985406555685,0.23732689577212912,39960000
1989-08-18,0.2447766810655594,0.24584086745562986,0.2405193508978976,0.2405193508978976,24912000
1989-08-21,0.2389231026172638,0.24637295553881275,0.2383910185480313,0.24477668506213432,32097600
1989-08-22,0.24850136041641235,0.2500976129474162,0.23839106683197203,0.23839106683197203,64771200
1989-08-23,0.2522260844707489,0.2538229771540922,0.2469052037041423,0.2495656440874456,46094400
1989-08-24,0.2511617839336395,0.2575474696125277,0.24796926080140633,0.254887012355186,92764800
1989-08-25,0.2506297826766968,0.2522260356362258,0.24584098726013062,0.25009768008786426,85147200
1989-08-28,0.25169381499290466,0.25329008535684444,0.2479692085023513,0.2500975446289649,28540800
1989-08-29,0.2490333914756775,0.2554190761900853,0.2485013074121674,0.2548869738575945,54417600
1989-08-30,0.2522260844707489,0.2538229771540922,0.24903355966458354,0.25009772851030765,40377600
1989-08-31,0.2500975430011749,0.2543548729099593,0.2500975430011749,0.2532900837082755,14198400
1989-09-01,0.25488704442977905,0.2564833153312597,0.2500976288488065,0.2511618155394555,44409600
1989-09-05,0.2554191052913666,0.25967579655341594,0.2538228346499838,0.25435491877411714,93340800
1989-09-06,0.2522260844707489,0.2554192486916714,0.25009772851030765,0.2543550615769542,42379200
1989-09-07,0.24796929955482483,0.25222599164005705,0.246905112831777,0.25116182318599556,41904000
1989-09-08,0.2511617839336395,0.2532901387781228,0.24584090595692304,0.24690507424467295,39787200
1989-09-11,0.25275808572769165,0.2532901699370218,0.24903345972440916,0.25009762814306946,27907200
1989-09-12,0.2564833164215088,0.25967583996905486,0.252225985033271,0.25329017172844354,67795200
1989-09-13,0.26499730348587036,0.2703181810591338,0.2575474500841139,0.2596757864982336,181022400
1989-09-14,0.27138233184814453,0.2745754939477338,0.26499728647763066,0.26712564102412895,78163200
1989-09-15,0.2671257555484772,0.27457561166604555,0.26606156868449066,0.27244663506144357,89150400
1989-09-18,0.2703181803226471,0.2703181803226471,0.26606147096804095,0.26606147096804095,39110400
1989-09-19,0.2660614848136902,0.27244654917787353,0.2660614848136902,0.27138236264935145,49204800
1989-09-20,0.27670395374298096,0.27670395374298096,0.26499738727360084,0.2671257426296529,72129600
1989-09-21,0.27883225679397583,0.2841537748146087,0.2745755648704589,0.2798964434765943,89352000
1989-09-22,0.2809605598449707,0.2809605598449707,0.27563968222447705,0.2788322051429768,43948800
1989-09-25,0.28521791100502014,0.28947462071661006,0.2788322252921936,0.2809605801479886,69940800
1989-09-26,0.2862820625305176,0.28734623069368403,0.2830895215030554,0.28521787609836974,39988800
1989-09-27,0.2836216986179352,0.2868142406926117,0.2798964694105596,0.28202482470401485,69235200
1989-09-28,0.28947460651397705,0.28947460651397705,0.2830895422598657,0.2830895422598657,41428800
1989-09-29,0.2916030287742615,0.2958603604080269,0.2884104867736102,0.2894746735301562,64324800
1989-10-02,0.2963922917842865,0.29798854369234107,0.2894745242305494,0.29053869216925254,50428800
1989-10-03,0.2937319278717041,0.30011697365488066,0.2931998254989543,0.30011697365488066,68918400
1989-10-04,0.32140234112739563,0.3224665092536946,0.2916029297818803,0.293731905448803,260020800
1989-10-05,0.33736568689346313,0.3501370598385001,0.3203376402683957,0.32140242983391887,284760000
1989-10-06,0.3394939601421356,0.34268712214386404,0.3331089149673042,0.3389618578200827,87609600
1989-10-09,0.34800803661346436,0.3490722048339771,0.3363014554285308,0.33842982840752095,58536000
1989-10-10,0.34587976336479187,0.35332963727779226,0.34375142631008565,0.35120126368511084,68299200
1989-10-11,0.34055885672569275,0.3426872301467315,0.3363015252760592,0.34162302516722604,106401600
1989-10-12,0.33417320251464844,0.3426872446281779,0.333109034028145,0.34055887111719724,58881600
1989-10-13,0.3128882646560669,0.3320446770920034,0.31075930751151143,0.33098050909236076,102643200
1989-10-16,0.322466641664505,0.3245950153290142,0.29373202606064497,0.30118126081047425,253065600
1989-10-17,0.3347051739692688,0.3469438205983935,0.3160808605408867,0.3203375698227935,177206400
1989-10-18,0.34268707036972046,0.343751238315088,0.3341730325856309,0.33576930277265987,134784000
1989-10-19,0.35865047574043274,0.366100312269792,0.34162301393817107,0.3448155556958052,179424000
1989-10-20,0.36290764808654785,0.36397181602696727,0.35120106998283385,0.35758615070126026,93542400
1989-10-23,0.35386165976524353,0.36503614041906673,0.3512012205049737,0.3607794302950409,60912000
1989-10-24,0.34428343176841736,0.35120120193238197,0.3352373249239782,0.35120120193238197,157089600
1989-10-25,0.3394939601421356,0.3522653293204239,0.33736558739188466,0.34694379456844454,71481600
1989-10-26,0.3309805989265442,0.3416229760326907,0.32991580949262805,0.3352373086184207,135460800
1989-10-27,0.32778748869895935,0.3320448202158275,0.3245949833239413,0.33098065175748814,97041600
1989-10-30,0.3389618396759033,0.3394939419694735,0.33151262679367327,0.3320446925492847,45921600
1989-10-31,0.34800803661346436,0.3490722048339771,0.3405587859939456,0.3416229542144584,56563200
1989-11-01,0.3496049642562866,0.3533296086067479,0.3480081087182437,0.3480081087182437,74649600
1989-11-02,0.3245949149131775,0.3442833974169437,0.3235307466791194,0.3442833974169437,226051200
1989-11-03,0.33310896158218384,0.335237298092311,0.32459492132032425,0.32565908957538786,98755200
1989-11-06,0.3288516700267792,0.3394940480656906,0.3256591283435656,0.3331090012372337,88027200
1989-11-07,0.34481531381607056,0.3506689118984241,0.3288514470110992,0.32991561467116526,131544000
1989-11-08,0.3543938100337982,0.35971531041761373,0.3490723096499827,0.34960499679660595,106488000
1989-11-09,0.35652196407318115,0.35971512573750475,0.3512010875667242,0.357586168604838,111528000
1989-11-10,0.3597150444984436,0.3618434165431229,0.3565218835552724,0.3575860878465864,59169600
1989-11-13,0.3751465380191803,0.37567860406949255,0.3565221801314266,0.3597153437308594,178905600
1989-11-14,0.36822864413261414,0.37993581065262516,0.3661002710213378,0.37780685293387806,95241600
1989-11-15,0.3767426908016205,0.3799358168591846,0.3671644818438887,0.3692934395974141,94492800
1989-11-16,0.37248602509498596,0.37993586178763616,0.367164525262095,0.37887169335775656,68054400
1989-11-17,0.3698255121707916,0.37567845563961316,0.369293409792733,0.3730180168252494,31651200
1989-11-20,0.36822864413261414,0.36929343356470656,0.35971522476344264,0.36929343356470656,56937600
1989-11-21,0.3751465380191803,0.3767428092460751,0.3682287659156457,0.3682287659156457,67118400
1989-11-22,0.37567853927612305,0.3767427442691619,0.3724860339109246,0.37567853927612305,38232000
1989-11-24,0.37301814556121826,0.3788717487335968,0.37248607953749774,0.3783396461718991,17971200
1989-11-27,0.3692934513092041,0.3735501611983241,0.3650361202746165,0.3724859928605363,37281600
1989-11-28,0.3703576624393463,0.3756785412810462,0.36716453591157083,0.3703576624393463,56664000
1989-11-29,0.3639719486236572,0.37461432612606493,0.35865044929972245,0.3724859894698631,85896000
1989-11-30,0.3703576624393463,0.37142186743806466,0.35652212054465876,0.3575863255433771,111211200
1989-12-01,0.3618437349796295,0.3735502847898896,0.36131163236570163,0.3708898447962116,52070400
1989-12-04,0.3671644330024719,0.37142176333571825,0.3591830804389681,0.3618435556521111,40536000
1989-12-05,0.3692934513092041,0.37142182452274847,0.36610028861240435,0.3692934513092041,44049600
1989-12-06,0.36290764808654785,0.37035748135267427,0.35971510772733467,0.36822852432659986,57384000
1989-12-07,0.3639719486236572,0.36716449014592833,0.35758628097162154,0.35758628097162154,40348800
1989-12-08,0.36077946424484253,0.36610034326608354,0.3533296270847346,0.3639720062727768,107625600
1989-12-11,0.35332953929901123,0.3607793746081866,0.3490722086866092,0.3607793746081866,103377600
1989-12-12,0.35120105743408203,0.356521933484014,0.34268705653174975,0.356521933484014,93628800
1989-12-13,0.34055885672569275,0.3512012353624982,0.3373656937175925,0.3437513985882648,95788800
1989-12-14,0.3320448100566864,0.3394940621130924,0.3320448100566864,0.3363015202977796,61516800
1989-12-15,0.32778748869895935,0.334173193670479,0.31927348334873384,0.33310902521213964,107164800
1989-12-18,0.33310896158218384,0.3363014663473746,0.32778742608551503,0.3288516308785444,78436800
1989-12-19,0.3421550989151001,0.34268720136015496,0.330980618727226,0.3331089919694762,70473600
1989-12-20,0.3522654175758362,0.35332958594859454,0.34375137637234177,0.3458797131178584,111009600
1989-12-21,0.35545793175697327,0.35545793175697327,0.34587972193651156,0.35226542655730114,55022400
1989-12-22,0.36503615975379944,0.36716453319753045,0.3522654440977693,0.3554579494564068,54892800
1989-12-26,0.3639719486236572,0.3676965560409946,0.3607794071013862,0.3655682193847928,23817600
1989-12-27,0.3671644330024719,0.370357558635276,0.36290772381459074,0.3661002283020296,62798400
1989-12-28,0.36290764808654785,0.3650359839673867,0.35332944240162767,0.35545777828246644,123091200
1989-12-29,0.3703576624393463,0.3756785412810462,0.3629078255306163,0.3639719939913617,77630400
1990-01-02,0.3778069019317627,0.3778069019317627,0.36663242098231164,0.371421854845789,53035200
1990-01-03,0.3799359202384949,0.3841926311508544,0.37674279331209143,0.38100012537006783,113774400
1990-01-04,0.39111021161079407,0.3916423139162491,0.3778067770633897,0.3799357343546034,125740800
1990-01-05,0.38153213262557983,0.39164244519787644,0.38100006667973174,0.38951407180056863,69566400
1990-01-08,0.38738498091697693,0.38738498091697693,0.376742606049323,0.38099993599116133,58982400
1990-01-09,0.38632088899612427,0.39164238805147195,0.38419251590937753,0.3873850572705144,70300800
1990-01-10,0.37567853927612305,0.38844991264190687,0.37514647331757633,0.38312841268306747,103766400
1990-01-11,0.36822864413261414,0.3810000154772468,0.361843597874719,0.37780685293387806,95774400
1990-01-12,0.36663246154785156,0.37142189594124925,0.3575863529848121,0.36237575084023405,148910400
1990-01-15,0.36663246154785156,0.37035769086086306,0.36290785338042714,0.36503619046524804,62467200
1990-01-16,0.3778069019317627,0.379935859926615,0.3597152714150186,0.3639719816516583,80092800
1990-01-17,0.37248602509498596,0.38525674047500585,0.370357651697255,0.3746143619547451,97588800
1990-01-18,0.4044131934642792,0.4044131934642792,0.38100009766458276,0.38153216365370113,292363200
1990-01-19,0.400688499212265,0.4086704373197058,0.39802806022493076,0.4054773113122468,99259200
1990-01-22,0.38632088899612427,0.4001564284679565,0.3852566841837677,0.4001564284679565,167688000
1990-01-23,0.3820640444755554,0.38844970955087876,0.3799356721402156,0.38738492050697443,139348800
1990-01-24,0.38632088899612427,0.38632088899612427,0.37088969998915416,0.37461430721850286,180345600
1990-01-25,0.38632088899612427,0.3937707246002522,0.3852566841837677,0.3895140149647252,112752000
1990-01-26,0.38632088899612427,0.3884498466903351,0.3831283476349874,0.3852566841837677,68083200
1990-01-29,0.3895139694213867,0.3927065104092405,0.38419247098824727,0.3895139694213867,55080000
1990-01-30,0.38844984769821167,0.3937707256219344,0.38312834862905676,0.3905782207904807,73108800
1990-01-31,0.3937707841396332,0.3937707841396332,0.38844990542518243,0.3916424472690417,112939200
1990-02-01,0.3990921974182129,0.4012205703650347,0.39377069871271475,0.39377069871271475,89193600
1990-02-02,0.3990921974182129,0.4065414479251432,0.3958990716595366,0.3958990716595366,71395200
1990-02-05,0.4012204110622406,0.4012204110622406,0.39696308225152493,0.39855997333850146,59731200
1990-02-06,0.4001564085483551,0.4012205767697714,0.39270653677711187,0.4001564085483551,81964800
1990-02-07,0.3969634175300598,0.40334908729797564,0.3958992488493485,0.3980282073564388,134150400
1990-02-08,0.4012204110622406,0.40441291440795785,0.39696308225152493,0.39855997333850146,95227200
1990-02-09,0.4022848606109619,0.4033490291382285,0.4001565235564288,0.4012206920836954,62380800
1990-02-12,0.4033490717411041,0.40654161419808443,0.40015656582210285,0.40228490310143705,56088000
1990-02-13,0.4033490717411041,0.40547744555841736,0.40228490310143705,0.40441324038077126,58752000
1990-02-14,0.4044131934642792,0.40547739851846554,0.40228485643185613,0.40547739851846554,35870400
1990-02-15,0.41292718052864075,0.41718451170701903,0.40441313931737277,0.40441313931737277,89496000
1990-02-16,0.41718441247940063,0.42037695337921216,0.41611962321344304,0.4182485806000174,70876800
1990-02-20,0.4267626404762268,0.42782680864843586,0.4129271023328783,0.4161196433874685,132652800
1990-02-21,0.4092024266719818,0.42569777959650373,0.40760615641302855,0.4203769030919642,103348800
1990-02-22,0.41026681661605835,0.41824875683629403,0.40973475060053544,0.41186308773858027,60811200
1990-02-23,0.4150555729866028,0.41611974140948954,0.40654153138204835,0.40760632095045235,56851200
1990-02-26,0.4225054383277893,0.4256979803512656,0.41399139614494257,0.41505560117808404,69220800
1990-02-27,0.41718441247940063,0.4235694577410625,0.4171844124794006,0.4235694577410625,62020800
1990-02-28,0.42037707567214966,0.42463378593090817,0.41718453384358783,0.41718453384358783,39312000
1990-03-01,0.4256978929042816,0.43314772852363953,0.4193128467069212,0.4193128467069212,76867200
1990-03-02,0.4416618347167969,0.44432227407330854,0.4262306433807219,0.426762745867213,100209600
1990-03-05,0.4480475187301636,0.4501758555012927,0.43527614619848737,0.4405976458097758,75528000
1990-03-06,0.44485440850257874,0.4469833666709934,0.43634098733524634,0.44591919815957054,68630400
1990-03-07,0.4374048709869385,0.44911144774818007,0.4374048709869385,0.44591890775507703,47606400
1990-03-08,0.4523039758205414,0.45656130500890335,0.43314756560488454,0.43846909920750204,88977600
1990-03-09,0.4533684551715851,0.45975412398502147,0.4480475760253714,0.4512400815903146,75744000
1990-03-12,0.46081820130348206,0.46294657446351395,0.45123999228280604,0.4523041605938381,68875200
1990-03-13,0.4523039758205414,0.46401055321892815,0.4523039758205414,0.46188218092836986,85204800
1990-03-14,0.45922207832336426,0.46294672341733845,0.4512401374700184,0.4565616384207996,130968000
1990-03-15,0.4725246727466583,0.47571779807688824,0.45868975718613897,0.45922182294798,81676800
1990-03-16,0.4852960407733917,0.4906169180133961,0.4757178332884392,0.47678203796680957,118900800
1990-03-19,0.49593859910964966,0.4980669360177726,0.48103885230982735,0.4842320153555199,81172800
1990-03-20,0.4810388386249542,0.49700275342468725,0.4789105017773795,0.4959385850008999,92145600
1990-03-21,0.4821029007434845,0.491681107941086,0.47784619177159204,0.48050663031177976,69840000
1990-03-22,0.4735886752605438,0.4842316675231202,0.46933196796399534,0.48316687868838043,92419200
1990-03-23,0.469332218170166,0.48210296801312785,0.46401071920192816,0.47678209019031037,53596800
1990-03-26,0.47465384006500244,0.4789105507332593,0.4698644422538669,0.4703965082511644,55929600
1990-03-27,0.4789103865623474,0.4810387228978925,0.47146051516664556,0.4730567856872858,52516800
1990-03-28,0.4725246727466583,0.4778461707381298,0.46188226137106253,0.4778461707381298,99532800
1990-03-29,0.4703965187072754,0.47997472993484785,0.4682681815948254,0.46986445269815097,64785600
1990-03-30,0.4714607894420624,0.4725249947669062,0.4650757401829198,0.4682682830814831,36691200
1990-04-02,0.47465384006500244,0.4783784481979864,0.4650756290503373,0.46720400265345335,74059200
1990-04-03,0.4938100278377533,0.4948741958654972,0.4789103235448913,0.4799744915726352,84643200
1990-04-04,0.498066782951355,0.5055166540617637,0.49168111650592783,0.4938100739053128,79646400
1990-04-05,0.48742470145225525,0.49859918601615527,0.48742470145225525,0.49753498070929353,66369600
1990-04-06,0.4863603413105011,0.49061701471110014,0.48210301022645824,0.48848867801080065,72878400
1990-04-09,0.48742470145225525,0.4906172077588902,0.48423215860763685,0.48423215860763685,31176000
1990-04-10,0.502323567867279,0.502323567867279,0.48742448107944114,0.48795654695433266,45187200
1990-04-11,0.5150947570800781,0.5150947570800781,0.5033881792951057,0.5044523472065504,70372800
1990-04-12,0.5140306353569031,0.5193515123084033,0.5108375099634603,0.5182873442256952,48254400
1990-04-16,0.5172232985496521,0.5257373394474978,0.5119017991934411,0.5193516352187628,39470400
1990-04-17,0.5278655886650085,0.5363796281523315,0.5087091733738539,0.5161590447029224,66780000
1990-04-18,0.5161590576171875,0.525737265502411,0.5001951464013801,0.5246730973175312,97797600
1990-04-19,0.5065809488296509,0.521480037091806,0.5044525755055741,0.5108376589398339,58003200
1990-04-20,0.504452645778656,0.5150950619511468,0.5001953139299029,0.5108377301023939,44661600
1990-04-23,0.502323567867279,0.506580898701684,0.48742448107944114,0.5012593995795291,64879200
1990-04-24,0.4938100278377533,0.5087091109853287,0.48103865960037917,0.5087091109853287,47916000
1990-04-25,0.4938100278377533,0.5001950725421748,0.4852959893945994,0.49593840043119913,53870400
1990-04-26,0.48848867416381836,0.5001952201446863,0.48742450582204916,0.4980668834611481,46296000
1990-04-27,0.4789103865623474,0.4874244261258218,0.47358888804015353,0.48636025795804927,57124800
1990-04-30,0.4938100278377533,0.4938100278377533,0.47465361489595764,0.4789103235448913,51451200
1990-05-01,0.4863603413105011,0.500195224083861,0.48316717857660796,0.500195224083861,52473600
1990-05-02,0.49593859910964966,0.4980669360177726,0.487424557255677,0.487424557255677,33264000
1990-05-03,0.502323567867279,0.5087092352771838,0.49593852160281265,0.4980668581783125,45892800
1990-05-04,0.5257374048233032,0.5257374048233032,0.5023236524253295,0.5065809839763873,47815200
1990-05-07,0.5448936223983765,0.5619216634212604,0.5236088360199779,0.5278655448375331,97351200
1990-05-08,0.5342515110969543,0.5406365592049185,0.5299941790333681,0.5342515110969543,50824800
1990-05-09,0.5342515110969543,0.5385081854769455,0.527865805305395,0.5353156796919522,35164800
1990-05-10,0.5491504669189453,0.5534077979338597,0.5342513794993908,0.538508052830872,48801600
1990-05-11,0.5576645135879517,0.5619218449259661,0.5385080936996521,0.5534078399334204,49168800
1990-05-14,0.5597929358482361,0.5661786045712716,0.5576645622970966,0.5640502675581066,47232000
1990-05-15,0.5512792468070984,0.5597926637983284,0.5470219171662192,0.5576642912815426,54122400
1990-05-16,0.5512792468070984,0.5512792468070984,0.5406362515465107,0.5491502896830049,38556000
1990-05-17,0.5512792468070984,0.5555359553027134,0.5470219171662192,0.5512792468070984,41731200
1990-05-18,0.5810779929161072,0.5895920304627336,0.5491502516368842,0.5502144195525713,101822400
1990-05-21,0.5981057286262512,0.615133775203306,0.5853349768627384,0.5853349768627384,159595200
1990-05-22,0.6087488532066345,0.6151339015582037,0.5874634709058275,0.6044915209806208,142437600
1990-05-23,0.6459966897964478,0.6470615523489235,0.6119412205378416,0.6130053888689168,141184800
1990-05-24,0.6513183116912842,0.6704747326233809,0.6470616378048148,0.653446648634519,146649600
1990-05-25,0.6321616768836975,0.6491897551115513,0.6300333406605302,0.6321616768836975,104688000
1990-05-29,0.6406757235527039,0.642804132998276,0.6300333840211358,0.6321617203907811,61480800
1990-05-30,0.6428041458129883,0.6513181491446431,0.6364184058174801,0.6481256079885664,65073600
1990-05-31,0.6215197443962097,0.6428045845636388,0.617262410982833,0.6364188402094972,69436800
1990-06-01,0.6396116018295288,0.6406757334928983,0.6215193174262655,0.6236477269048603,69069600
1990-06-04,0.6513183116912842,0.6577039802045073,0.6300335538159529,0.6374834273387665,59162400
1990-06-05,0.6247119307518005,0.6598322258011454,0.6193910525923583,0.6577038891525558,80258400
1990-06-06,0.6215197443962097,0.6342905023447107,0.617262410982833,0.6236481553369744,86292000
1990-06-07,0.6130053997039795,0.6279051450451902,0.6044913586834895,0.6236478139622079,90122400
1990-06-08,0.625775933265686,0.6279049269092807,0.6087484782855656,0.613005186744281,63770400
1990-06-11,0.637483537197113,0.642804417010127,0.6215195823908066,0.6215195823908066,58240800
1990-06-12,0.6459966897964478,0.6470615523489235,0.6342901439332207,0.6428042213411909,46656000
1990-06-13,0.6513183116912842,0.6619607271669231,0.6396117642820013,0.6459967751117053,80265600
1990-06-14,0.6428041458129883,0.6534464855567181,0.6321617329933301,0.6513181491446431,58204800
1990-06-15,0.6470616459846497,0.65557499386521,0.6342902357208072,0.6342902357208072,51552000
1990-06-18,0.637483537197113,0.6491900866238005,0.6342903370104805,0.6449327543201407,52790400
1990-06-19,0.6385473012924194,0.6428040465350644,0.6279049631923463,0.6364183075258023,41716800
1990-06-20,0.6608964800834656,0.661960685025307,0.6385475186213191,0.6417400603709014,39564000
1990-06-21,0.6555749773979187,0.6619607189074111,0.647061629731204,0.6598323089147868,34308000
1990-06-22,0.6449325084686279,0.6619605889007718,0.6428041719699468,0.6577038428274782,34034400
1990-06-25,0.6342899799346924,0.6513180572720096,0.6321616438228329,0.6438681866592807,68983200
1990-06-26,0.6364184617996216,0.6438683341185263,0.6342901252003288,0.6406757926816198,50198400
1990-06-27,0.649189829826355,0.6513181662944711,0.6342900861068675,0.6364184225749836,35762400
1990-06-28,0.6513183116912842,0.6577039802045073,0.6481257697384589,0.6523825167008749,30052800
1990-06-29,0.6470616459846497,0.6513183199249298,0.6406759043147547,0.6513183199249298,34956000
1990-07-02,0.6279052495956421,0.6470616715260646,0.6268403868470378,0.6470616715260646,35474400
1990-07-03,0.6130053997039795,0.6257761506619772,0.6087486897664718,0.6247119457741235,79257600
1990-07-05,0.6151339411735535,0.6172622785818177,0.6023632225023247,0.6087488924107798,61855200
1990-07-06,0.6236478686332703,0.6300335369758109,0.6108771165557455,0.6140696584232376,41803200
1990-07-09,0.6321616768836975,0.6364183493300323,0.6236476743077316,0.6257760105308989,37317600
1990-07-10,0.6279052495956421,0.6385475925499541,0.6257762548579371,0.6321619237039455,29700000
1990-07-11,0.6428041458129883,0.6449324822250633,0.6236477296616753,0.6300333965812551,28922400
1990-07-12,0.6598324179649353,0.6619608283093208,0.640675994105888,0.640675994105888,89042400
1990-07-13,0.6672819256782532,0.6853742074918634,0.6598320551139467,0.6619604642878899,93628800
1990-07-16,0.6747313737869263,0.6875027832699347,0.6683463632668806,0.6704747001068958,48729600
1990-07-17,0.6619605422019958,0.6768602120084127,0.6555748023971288,0.6757960803721081,54475200
1990-07-18,0.6470616459846497,0.6619607355351049,0.6428043143608423,0.6577039885188773,41853600
1990-07-19,0.6534464359283447,0.6534464359283447,0.6279050124806432,0.6417398923297094,63136800
1990-07-20,0.6236478686332703,0.6662180409295952,0.6215194586709791,0.6555749680549157,87724800
1990-07-23,0.6130053997039795,0.6300334817449595,0.6066197319212279,0.6236478139622079,74203200
1990-07-24,0.5917205810546875,0.6172620071663587,0.568306833732059,0.6172620071663587,137102400
1990-07-25,0.6087488532066345,0.6108772270158102,0.5853350970966519,0.5959774776742347,60148800
1990-07-26,0.5853347778320312,0.6300333072548218,0.5619216556381281,0.606619563915616,303321600
1990-07-27,0.5874633193016052,0.5959773238728386,0.5768209049324873,0.5832066093197444,51019200
1990-07-30,0.5789492130279541,0.5874632531788471,0.5597927962437803,0.5832065436761062,87955200
1990-07-31,0.5661783814430237,0.5842706273678867,0.5619216725562682,0.5810780865683302,42307200
1990-08-01,0.5683069229125977,0.5725642542088775,0.5427654197169418,0.5640502127618235,111117600
1990-08-02,0.5619218349456787,0.5683069183900128,0.5470221255145153,0.5576645036832788,91771200
1990-08-03,0.538507878780365,0.5597926635391125,0.5140305900548521,0.5576642910233122,117180000
1990-08-06,0.5150947570800781,0.5278654662385412,0.49806668205470944,0.5236087580548084,113184000
1990-08-07,0.5214800834655762,0.529994125588572,0.510837704367207,0.5214800834655762,91065600
1990-08-08,0.5406363606452942,0.5448936911452898,0.5278656114360862,0.5321229419360819,86263200
1990-08-09,0.5544716119766235,0.5597924867790701,0.5385077087412029,0.5448934088795628,77054400
1990-08-10,0.5491504669189453,0.5597928444690502,0.5342513794993908,0.5544719662667301,73188000
1990-08-13,0.5534079074859619,0.5576645816600903,0.5385081594334342,0.542765491291126,53942400
1990-08-14,0.5470220446586609,0.5608575836500478,0.54276533517095,0.5555360847794916,33710400
1990-08-15,0.5470220446586609,0.5597927942672024,0.5470220446586609,0.5512793752917807,51408000
1990-08-16,0.5257374048233032,0.5491505360757339,0.5257374048233032,0.5448938256702192,53330400
1990-08-17,0.5129666328430176,0.5257373847166928,0.510837674845125,0.5193516799381097,95227200
1990-08-20,0.4725246727466583,0.5150948297804703,0.4725246727466583,0.5129664571192287,113601600
1990-08-21,0.4618823528289795,0.46613968360180935,0.4320835585388546,0.4618823528289795,165650400
1990-08-22,0.45762577652931213,0.47252486625287976,0.45443261335347346,0.4682681557251672,79236000
1990-08-23,0.44059768319129944,0.45762576724791376,0.43421201465266873,0.44698335172993015,107445600
1990-08-24,0.48742470145225525,0.4916814130657519,0.444854516126676,0.444854516126676,95443200
1990-08-27,0.5172232985496521,0.5214800084258421,0.5023235899610402,0.5023235899610402,110116800
1990-08-28,0.5353155732154846,0.5385080783654755,0.5108376542725539,0.5129666121847086,79826400
1990-08-29,0.5150947570800781,0.5427651689030665,0.5108374277511266,0.5321227955674928,77954400
1990-08-30,0.5108375549316406,0.5310581387255549,0.5108375549316406,0.5172232216732872,65383200
1990-08-31,0.5236090421676636,0.5278657526611085,0.5044526209250366,0.510837704934191,40737600
1990-09-04,0.5299939513206482,0.5321229087415515,0.5172232029080964,0.519351539183649,47376000
1990-09-05,0.502323567867279,0.536379693422798,0.4980668581783125,0.5321229837338315,54676800
1990-09-06,0.489552766084671,0.49806680571115997,0.4789103901068846,0.4938100964706019,115617600
1990-09-07,0.49168112874031067,0.5023235044965917,0.4810387164460673,0.48529604674338817,53704800
1990-09-10,0.47465384006500244,0.5108377259129413,0.4746538400650025,0.5001953098277303,74246400
1990-09-11,0.4725246727466583,0.48103867492305336,0.4640106340323041,0.4767820026764886,78868800
1990-09-12,0.48848867416381836,0.49168121572709456,0.4746537549614432,0.47891046486648853,75016800
1990-09-13,0.489552766084671,0.49806680571115997,0.485296056844113,0.4938100964706019,49867200
1990-09-14,0.5087091326713562,0.5129664626470645,0.4799745120337196,0.48529601008253664,67672800
1990-09-17,0.5172232985496521,0.5257373394474978,0.5044525477756165,0.5065809209826958,70394400
1990-09-18,0.5257374048233032,0.5310582836957035,0.5087093209101581,0.5161591943998453,60638400
1990-09-19,0.5278655886650085,0.5385079644688403,0.5257372523484998,0.5363796281523315,52696800
1990-09-20,0.5087091326713562,0.5278655464297807,0.5087091326713562,0.5236088375993855,52444800
1990-09-21,0.5150947570800781,0.5172230929029675,0.49806668205470944,0.5087090553902832,79891200
1990-09-24,0.498066782951355,0.5108375312348261,0.48955274371392604,0.5065808221887839,81439200
1990-09-25,0.5140306353569031,0.5150948399775711,0.5001950983771815,0.5076449691773762,53308800
1990-09-26,0.5129666328430176,0.5172233430857363,0.5065809646024063,0.5150950062333628,39268800
1990-09-27,0.504452645778656,0.5236090679650909,0.4959386397647119,0.5193517361163379,65728800
1990-09-28,0.5363797545433044,0.5406364647173234,0.4938102047590494,0.4959385781150445,97984800
1990-10-01,0.5714999437332153,0.5746924848912467,0.5491504018047156,0.5512793593634847,131623200
1990-10-02,0.5608575344085693,0.5832064904132118,0.5576643722932352,0.581078117587238,83469600
1990-10-03,0.5597929358482361,0.573628478338864,0.5555362252839317,0.5576645622970966,57600000
1990-10-04,0.5459577441215515,0.5597926586149721,0.5448935761419905,0.5555359501587717,69292800
1990-10-05,0.5512792468070984,0.5597926637983284,0.5299938774311873,0.5363795430508957,82101600
1990-10-08,0.5619218349456787,0.5661785450625779,0.5491504988419502,0.5619218349456787,38678400
1990-10-09,0.5363797545433044,0.5619218424859744,0.5321230443692855,0.5555361743484224,66376800
1990-10-10,0.5065809488296509,0.5299940784576719,0.5023236175739682,0.527865705133595,115596000
1990-10-11,0.4938100278377533,0.512966440779549,0.4852959893945994,0.5087091109853287,83815200
1990-10-12,0.4852960407733917,0.5001951254983485,0.4597539592777215,0.4980667892175316,109252800
1990-10-15,0.4810388386249542,0.49381021161535343,0.4725248335511657,0.4916812536222609,130334400
1990-10-16,0.46507537364959717,0.49061682938598206,0.4597538762255417,0.4831669960655826,300888000
1990-10-17,0.4810388386249542,0.48316721201050067,0.45549737147316305,0.46613974993249807,135820800
1990-10-18,0.520415723323822,0.5236088487565013,0.48316706308638346,0.48529602042327835,123739200
1990-10-19,0.5278655886650085,0.5385079644688403,0.515094876544668,0.5278655886650085,170337600
1990-10-22,0.5448936223983765,0.5512792885010408,0.5257372086977352,0.5278655448375331,80294400
1990-10-23,0.5470220446586609,0.5597927942672024,0.5385080045378302,0.54276533517095,71884800
1990-10-24,0.5566004514694214,0.5576646200862807,0.5385081965396405,0.5406365703113373,54734400
1990-10-25,0.5512792468070984,0.5640499934392077,0.54489358118739,0.5576642912815426,51501600
1990-10-26,0.5395722389221191,0.549150447805988,0.5385080340883195,0.5427653649550592,59126400
1990-10-29,0.5321229696273804,0.547022056020247,0.5278656389058363,0.5427653464441248,67881600
1990-10-30,0.5438295602798462,0.5470220651115215,0.5278656476787391,0.5321229784710383,52567200
1990-10-31,0.5427653789520264,0.5555361295906948,0.5427653789520264,0.5491504619676152,61200000
1990-11-01,0.5406363606452942,0.5470220275536108,0.534251314882367,0.536379651290688,49442400
1990-11-02,0.5534079074859619,0.5597929552851302,0.5385081594334342,0.5406365330584741,74764800
1990-11-05,0.558728814125061,0.5619219410577411,0.5512795608792947,0.5555362718000215,50702400
1990-11-06,0.5470220446586609,0.5661784613751951,0.5406363775506683,0.5597927942672024,59212800
1990-11-07,0.5427653789520264,0.551279419759625,0.5406364211600165,0.5427653789520264,63100800
1990-11-08,0.5406363606452942,0.5512793580536065,0.536379651290688,0.5406363606452942,43466400
1990-11-09,0.5512792468070984,0.5576642912815426,0.5491502896830049,0.5512792468070984,43344000
1990-11-12,0.5863989591598511,0.5895921210808649,0.5619216683567652,0.5619216683567652,87660000
1990-11-13,0.5842705368995667,0.5917204065776638,0.5768206672214695,0.5853347048219899,67658400
1990-11-14,0.5917205810546875,0.5959772539995198,0.5810781679333029,0.5832065409436843,59724000
1990-11-15,0.5778853297233582,0.5895925015156723,0.572564449355869,0.5874635428381526,63129600
1990-11-16,0.5789492130279541,0.585334880158494,0.5725641670428254,0.5746925035252132,67075200
1990-11-19,0.5917205810546875,0.5938489175271037,0.5789492103154785,0.5789492103154785,45554400
1990-11-20,0.5810779929161072,0.6002344038407342,0.5800138250004201,0.5895920304627336,68868000
1990-11-21,0.5853347778320312,0.5874631504803087,0.5704356943006225,0.5789491118178143,60739200
1990-11-23,0.5853347778320312,0.5981055252531216,0.5832064417217128,0.5895921077359297,22060800
1990-11-26,0.5981057286262512,0.600234686605779,0.5768209353052253,0.5832066400287242,47577600
1990-11-27,0.6119413375854492,0.6151338431893135,0.5938490840538184,0.6002347529451049,63417600
1990-11-28,0.5991703271865845,0.6193909091067596,0.5981055379634947,0.6151335791123884,77623200
1990-11-29,0.606619656085968,0.606619656085968,0.5938489067244782,0.5981056161298425,65865600
1990-11-30,0.6151339411735535,0.6321620288829546,0.6002348485560792,0.6066199338568342,72165600
1990-12-03,0.6289693713188171,0.6342902504053253,0.6193911605099397,0.6236479076247158,68241600
1990-12-04,0.6342899799346924,0.6406756459535325,0.6215192325043558,0.6257759778039926,54547200
1990-12-05,0.6406757235527039,0.6449324693679213,0.6321617203907811,0.6342900567604264,68630400
1990-12-06,0.6364184617996216,0.6534465430367239,0.6300334520017433,0.6491898698381383,108201600
1990-12-07,0.6321616768836975,0.6406756794596635,0.6151335986558438,0.6321616768836975,81921600
1990-12-10,0.6300336122512817,0.6417401607463418,0.6193911957885636,0.6236479431457909,55526400
1990-12-11,0.6140695810317993,0.6342901308086615,0.6130053761847759,0.6236477900346864,61768800
1990-12-12,0.6172621250152588,0.6193911195775202,0.600234699225716,0.6108771143789715,71560800
1990-12-13,0.6193909049034119,0.6257759864026441,0.6108769026557231,0.6215192410445163,50709600
1990-12-14,0.6268401741981506,0.6321617092497841,0.6172619664822449,0.6215192968298473,48636000
1990-12-17,0.6300336122512817,0.6321619493919187,0.6172622009643467,0.6215195329292006,27288000
1990-12-18,0.6406757235527039,0.6449324693679213,0.6321617203907811,0.6342900567604264,51876000
1990-12-19,0.637483537197113,0.6449327543201407,0.6364186743204943,0.6417402118171406,34264800
1990-12-20,0.6428041458129883,0.6470614763204932,0.6300333965812551,0.6321617329933301,46994400
1990-12-21,0.6449325084686279,0.6470615026506906,0.6406757623953343,0.6449325084686279,33472800
1990-12-24,0.6406757235527039,0.642804132998276,0.6364183931300716,0.642804132998276,13550400
1990-12-26,0.6385473012924194,0.6449323826184284,0.6342899714424383,0.6406756373757835,16214400
1990-12-27,0.6364184617996216,0.6406757926816198,0.6342901252003288,0.638547456082327,22629600
1990-12-28,0.6385473012924194,0.6406756373757835,0.6321616353590743,0.6342899714424383,20268000
1990-12-31,0.6406757235527039,0.6406757235527039,0.6342900567604264,0.6385473871830586,23702400
1991-01-02,0.6364184617996216,0.6406757926816198,0.6364184617996216,0.638547456082327,38109600
1991-01-03,0.6406757235527039,0.6470614634209082,0.6364183931300716,0.6364183931300716,52826400
1991-01-04,0.6459966897964478,0.6513182256732241,0.6385474749409533,0.6385474749409533,58485600
1991-01-07,0.637483537197113,0.6619608412434744,0.6364186743204943,0.6406760066241541,87552000
1991-01-08,0.625775933265686,0.640675600354773,0.6215191882690142,0.6364182707507987,76442400
1991-01-09,0.6300336122512817,0.6449327029952739,0.6257762802864278,0.6300336122512817,115624800
1991-01-10,0.6662179231643677,0.670474596184622,0.6321617621169293,0.6321617621169293,123890400
1991-01-11,0.664089024066925,0.6726030290100052,0.6534466092330022,0.6683463553802048,62006400
1991-01-14,0.6534464359283447,0.6598321023629419,0.6428040969928862,0.6577037661125111,58658400
1991-01-15,0.6672819256782532,0.6768601323405853,0.6534463891366119,0.6534463891366119,83440800
1991-01-16,0.7002736330032349,0.7055950969929992,0.6662181195979556,0.6683464567356203,139917600
1991-01-17,0.7151731848716736,0.7343296042467404,0.7130441904179642,0.732200609793031,163526400
1991-01-18,0.7258152961730957,0.7279436320539345,0.7002732194775484,0.7024015553583871,103032000
1991-01-21,0.7619999051094055,0.7662565775530304,0.7204938776777785,0.7204938776777785,154512000
1991-01-22,0.7566788792610168,0.7747711012194498,0.7439081225815636,0.7630645499046272,113716800
1991-01-23,0.7577430009841919,0.7683853457596566,0.7513572579694838,0.7513572579694838,77083200
1991-01-24,0.7705135345458984,0.7737067342791168,0.7556144447317868,0.7598711918233425,86083200
1991-01-25,0.7619999051094055,0.7747705801235762,0.7577425749824847,0.7726422439017637,86889600
1991-01-28,0.7854132056236267,0.8003129516715468,0.7577427810879216,0.7577427810879216,130989600
1991-01-29,0.7875415682792664,0.8035054467136675,0.7662568111304146,0.7854132314086749,146980800
1991-01-30,0.8194692730903625,0.8215976096359552,0.7790274441552553,0.7875414480210221,148586400
1991-01-31,0.8354323506355286,0.8471388938851294,0.8173401411417216,0.8215974711989542,111420000
1991-02-01,0.8492680788040161,0.8599104928921737,0.8279826660202046,0.8428824111233104,117878400
1991-02-04,0.8439469337463379,0.8577824791877803,0.8343687209227606,0.8513967360268587,88236000
1991-02-05,0.8620386123657227,0.868424278437548,0.8343681965562508,0.8450105348871148,88740000
1991-02-06,0.9003515839576721,0.9067372510534698,0.8556530835019734,0.8599104141269629,106351200
1991-02-07,0.8769386410713196,0.9280221594870776,0.8705528998310867,0.9046084082643928,133466400
1991-02-08,0.88545161485672,0.891837353403168,0.8662952030524048,0.876938271140279,74232000
1991-02-11,0.8875808119773865,0.8897091483944909,0.8705527321979101,0.8865166803067985,152337600
1991-02-12,0.8790667057037354,0.8918374534704366,0.8726810395167051,0.8790667057037354,96206400
1991-02-13,0.8982232809066772,0.8992874126437089,0.866295455771276,0.8726811961805956,95493600
1991-02-14,0.8577817678451538,0.8982229230694501,0.842882029488262,0.8960945873673476,133704000
1991-02-15,0.8790667057037354,0.8875807080586827,0.8620386279179209,0.8641669640858378,115452000
1991-02-19,0.8726810812950134,0.8811950840575559,0.8641670054565475,0.870552671949282,66564000
1991-02-20,0.8748089075088501,0.8854512403362049,0.8641665016056144,0.8662948366344998,52552800
1991-02-21,0.8513963222503662,0.8811951515104698,0.8513963222503662,0.8769384786450182,68277600
1991-02-22,0.8705532550811768,0.8897096827837458,0.8492684896831529,0.8492684896831529,105343200
1991-02-25,0.8769386410713196,0.8854519883790626,0.8641672316667965,0.8790669778982553,88524000
1991-02-26,0.8662954568862915,0.8726811973038302,0.8556531164392144,0.8641671203335557,55540800
1991-02-27,0.8960950374603271,0.9003517110025854,0.8620388722365179,0.8705528770044999,87674400
1991-02-28,0.8833236694335938,0.9046084265767355,0.8790669956935527,0.9024800897067149,55008000
1991-03-01,0.9003515839576721,0.9046082568992886,0.8684244176935688,0.8769384943361052,77724000
1991-03-04,0.9109943509101868,0.9152516831887659,0.8897095164162585,0.9003519336632226,47023200
1991-03-05,0.9493073225021362,0.9578213304819582,0.9109944692828579,0.9131228068568848,76356000
1991-03-06,0.913122832775116,0.9620780329377959,0.9088660844302695,0.9578213576689196,101088000
1991-03-07,0.88545161485672,0.9152510947489094,0.8811949429984995,0.8875806084690359,165391200
1991-03-08,0.8726810812950134,0.9024798351981803,0.8662953417263554,0.8897090868200984,134697600
1991-03-11,0.8450108766555786,0.8726813767324277,0.8322401239540882,0.8662956350019417,160970400
1991-03-12,0.815212070941925,0.8418182915479826,0.8141478659632495,0.8364968281989379,152884800
1991-03-13,0.8556531071662903,0.8609745696358914,0.8173402727467928,0.8173402727467928,110268000
1991-03-14,0.8343682885169983,0.8641670437402894,0.8258542123013475,0.8641670437402894,100216800
1991-03-15,0.822661817073822,0.840754104356941,0.8194693484996218,0.8364967731905911,76932000
1991-03-18,0.8450108766555786,0.8492682083197817,0.8173404496546777,0.819469444328546,66218400
1991-03-19,0.8428823947906494,0.859910476229557,0.8237259767272256,0.8364967272336798,92505600
1991-03-20,0.8428823947906494,0.859910476229557,0.840754058166133,0.8428823947906494,83217600
1991-03-21,0.8066981434822083,0.8577824035158396,0.8003131316442057,0.8471393286759651,119188800
1991-03-22,0.7981840372085571,0.8130837116742886,0.7917989530903297,0.8045697059343764,95688000
1991-03-25,0.8364965319633484,0.8407538619019778,0.8003126985911303,0.8003126985911303,59824800
1991-03-26,0.8950298428535461,0.8960947050655499,0.8407538042155713,0.8407538042155713,89928000
1991-03-27,0.9173800945281982,0.9301508501033684,0.8939663362393951,0.8939663362393951,91936800
1991-03-28,0.9035443067550659,0.9216365222969972,0.9024801017678611,0.9131225170196339,30492000
1991-04-01,0.9088652729988098,0.9173793466949326,0.8897088629482015,0.9024796081128603,59205600
1991-04-02,0.9556924104690552,0.9578207467459852,0.9088655047322591,0.9152512443222858,96256800
1991-04-03,0.9684630036354065,0.9940050809897745,0.9599489291333424,0.9599489291333424,91778400
1991-04-04,0.9684630036354065,0.9940050809897745,0.9599489291333424,0.9705913395711425,73850400
1991-04-05,0.9365357160568237,0.9727201988517019,0.9280216427306034,0.9705912055267847,108914400
1991-04-08,0.9482426047325134,0.9642064798160087,0.932278729649018,0.9365360601800602,46526400
1991-04-09,0.938664436340332,0.9642065206337103,0.9344077633124508,0.9493068496693533,60768000
1991-04-10,0.9152515530586243,0.9386646484452036,0.8982234686566526,0.9344079744554652,74340000
1991-04-11,0.9450500011444092,0.9493067467868915,0.9195079196191902,0.9237645921857486,47937600
1991-04-12,0.913122832775116,0.9365365928811031,0.8833239866898442,0.9322792599284944,176731200
1991-04-15,0.9684630036354065,0.9727203331900862,0.893965692115334,0.902479693541486,88819200
1991-04-16,0.9556924104690552,0.9748488254039749,0.9365359955341355,0.9684631588898719,81331200
1991-04-17,0.9493073225021362,1.0003908588492905,0.9461147796031115,0.9705920866858023,128383200
1991-04-18,0.9365357160568237,0.9535637896333626,0.9195076424802849,0.9471780519489427,88084800
1991-04-19,0.913122832775116,0.9322792599284944,0.8939664056217376,0.9046087514776607,96588000
1991-04-22,0.8694887161254883,0.9046083543408141,0.8662955168539765,0.9024800176407481,139708800
1991-04-23,0.8652310967445374,0.8769382965988853,0.8556528905643126,0.8705525578670513,103910400
1991-04-24,0.8769386410713196,0.8918377296192953,0.8556532266755706,0.8641672316667965,82130400
1991-04-25,0.8577817678451538,0.8833231847125581,0.855652774459916,0.8726808485189104,65707200
1991-04-26,0.8577817678451538,0.870552439740904,0.8407536937861595,0.8535244387578136,88372800
1991-04-29,0.8322400450706482,0.8641672161019666,0.8322400450706482,0.8620388793133651,71258400
1991-04-30,0.8428823947906494,0.8450107314151658,0.817340309170256,0.8322399809087115,115178400
1991-05-01,0.8577817678451538,0.8577817678451539,0.8258539554292675,0.838625358084057,111628800
1991-05-02,0.8556531071662903,0.8726811878463685,0.8535247706366198,0.8620387744386927,66888000
1991-05-03,0.8620386123657227,0.8620386123657227,0.8492678648294208,0.8556529462938973,23047200
1991-05-06,0.8748089075088501,0.8790662352495484,0.8535241687782594,0.855652503807145,44755200
1991-05-07,0.8620386123657227,0.8833233621033691,0.8620386123657227,0.8790666898443306,50904000
1991-05-08,0.8769386410713196,0.8790669778982553,0.8535248898486348,0.859910558012925,57592800
1991-05-09,0.9003515839576721,0.9024799204284804,0.8748095001819239,0.8790668308069134,76298400
1991-05-10,0.8748089075088501,0.9109933798833747,0.8684238293463127,0.90460764403791,52070400
1991-05-13,0.8780025243759155,0.8833234014748351,0.8620386507884853,0.8790667290260682,68745600
1991-05-14,0.8620386123657227,0.8790666898443306,0.8577819401066841,0.8737451552993055,58816800
1991-05-15,0.8343682885169983,0.8556530406005654,0.8226616712172401,0.8535247042364693,111160800
1991-05-16,0.8460752367973328,0.8513967013942983,0.8386260194275427,0.8450110315690935,70243200
1991-05-17,0.8450108766555786,0.8471392136459134,0.8343685340203711,0.8428825396652438,44812800
1991-05-20,0.8439469337463379,0.8513967360268587,0.832240310379704,0.8471394034089937,65937600
1991-05-21,0.8684245347976685,0.8790669493461064,0.847139121093271,0.8492681155345398,83570400
1991-05-22,0.9088652729988098,0.9088652729988099,0.8705524528975932,0.8748091974420343,88783200
1991-05-23,0.9322789311408997,0.9344079257082359,0.9109941738595964,0.9109941738595964,67752000
1991-05-24,0.9365357160568237,0.9578204609169635,0.9322783870901061,0.9365357160568237,67932000
1991-05-28,0.9429215788841248,0.9514356599386846,0.9365365661629662,0.9407932413104052,43941600
1991-05-29,0.938664436340332,0.9535641803806207,0.9344077633124508,0.9471784400794808,64202400
1991-05-30,0.938664436340332,0.9514351861832939,0.9280220230113108,0.9376002315453958,61833600
1991-05-31,0.934407651424408,0.9450499904031601,0.9195079091682473,0.9407926602016747,81784800
1991-06-03,0.9535639882087708,0.9556923242937876,0.9280218359869733,0.9322785812329241,46951200
1991-06-04,0.9620776772499084,0.9663350086285475,0.9407929203312385,0.9535643298596094,35035200
1991-06-05,0.9535639882087708,0.9727204014163469,0.9535639882087708,0.9578206603788044,41385600
1991-06-06,0.9461148381233215,0.9620780651375986,0.940793299637402,0.9599497274319271,32680800
1991-06-07,0.938664436340332,0.938664436340332,0.9258936864973701,0.9344077633124508,51984000
1991-06-10,0.9407930374145508,0.9450503693230221,0.9344080260772007,0.9386647003021008,29498400
1991-06-11,0.9418574571609497,0.9620780162426709,0.9407932518242129,0.9450505847029433,41846400
1991-06-12,0.9461148381233215,0.9556930520205842,0.9386649619317305,0.9429216373430734,51069600
1991-06-13,0.9450500011444092,0.9556924133200441,0.9407926708945359,0.9450500011444093,38001600
1991-06-14,0.9663349390029907,0.9684633487731543,0.9450501836179122,0.9471785203121378,46360800
1991-06-17,0.9663349390029907,0.976977353233499,0.957820934542646,0.9684633487731543,29419200
1991-06-18,0.9493073225021362,0.9663353384617801,0.9344082287242649,0.9642070008877531,46850400
1991-06-19,0.8801312446594238,0.9344080439312445,0.8769387754677255,0.9344080439312445,157039200
1991-06-20,0.8577817678451538,0.8662951106535637,0.842882029488262,0.8599101035472563,187999200
1991-06-21,0.8705532550811768,0.8769389989272652,0.8620392466156059,0.8620392466156059,67680000
1991-06-24,0.8354323506355286,0.8641669718234098,0.8301114736301342,0.8599102994494625,79696800
1991-06-25,0.8407541513442993,0.8535249032660963,0.834368483079626,0.845010825065086,97228800
1991-06-26,0.8577817678451538,0.8641667749514612,0.8364963646988192,0.842882029488262,96638400
1991-06-27,0.8684245347976685,0.8716170764723494,0.8524606572092208,0.8652314085154661,56510400
1991-06-28,0.8700210452079773,0.8780029862001448,0.8364970099624102,0.8652316467696037,61526400
1991-07-01,0.9115259051322937,0.9147190304311759,0.8652311420682471,0.8780024740490926,72388800
1991-07-02,0.8700210452079773,0.9227009203839911,0.8684247739310803,0.9099301655611325,43920000
1991-07-03,0.8173402547836304,0.8301115890477524,0.7886056296005248,0.8237259219156914,191630400
1991-07-05,0.7886055111885071,0.8141475912740678,0.7854129704055712,0.8141475912740678,78758400
1991-07-08,0.8556531071662903,0.8588462331062209,0.7726423556623516,0.7758348969948234,109185600
1991-07-09,0.8668280243873596,0.8780025017678748,0.8492678808148245,0.8620386285915047,76948800
1991-07-10,0.8333039879798889,0.878002481054822,0.8301114472628743,0.871616815013447,67310400
1991-07-11,0.8460752367973328,0.8524609066225376,0.8301119391458592,0.8396901515798203,51148800
1991-07-12,0.8684245347976685,0.8748096181470303,0.8428824475776565,0.8556531988839018,35174400
1991-07-15,0.89236980676651,0.8971592041017746,0.8748096575497862,0.8780027839758119,36763200
1991-07-16,0.8620386123657227,0.8939657735101517,0.8620386123657227,0.8939657735101517,42734400
1991-07-17,0.8652310967445374,0.8652310967445374,0.8301113971552536,0.8396896033354784,40526400
1991-07-18,0.8556531071662903,0.8843877329809133,0.8524605658338184,0.8684244417110952,25656000
1991-07-19,0.8652310967445374,0.8684242218761529,0.8428821438597831,0.8620385562202327,24441600
1991-07-22,0.8620386123657227,0.8780024852416116,0.8492678648294208,0.8524604055616591,35136000
1991-07-23,0.8492680788040161,0.8716170387752414,0.849268078804016,0.8684244972386368,35596800
1991-07-24,0.8364965319633484,0.858846070891761,0.8301114505043863,0.8556529455549317,54321600
1991-07-25,0.8428823947906494,0.8684244804110428,0.8412861240532783,0.8556531452971037,90211200
1991-07-26,0.9067374467849731,0.9163156571925343,0.8524607262729375,0.8556532682062682,149294400
1991-07-29,0.8971588015556335,0.9099295477069873,0.87800239002496,0.9067370073209702,136468800
1991-07-30,0.929086446762085,0.9322789888233414,0.8907736035966382,0.9003518143879998,78038400
1991-07-31,0.938664436340332,0.9450501035655402,0.929086227806247,0.9322787691151239,111628800
1991-08-01,0.9354717135429382,0.9450499202187794,0.9322785882460971,0.9418567949219383,53942400
1991-08-02,0.9354717135429382,0.9546281268946206,0.9354717135429382,0.9418567949219383,81369600
1991-08-05,0.9227002859115601,0.9354716165602058,0.9163152051945175,0.9354716165602058,28252800
1991-08-06,0.9514351487159729,0.9578208156897148,0.9227005242452814,0.9227005242452814,53097600
1991-08-07,0.97059166431427,0.9769773319412195,0.9514352460409127,0.9546283721581331,69235200
1991-08-08,1.0089046955108643,1.0120978222441406,0.9705918515723808,0.9705918515723808,91852800
1991-08-09,1.0312540531158447,1.0472173453937166,0.9993262993451092,1.0057119670207555,114806400
1991-08-12,1.0599887371063232,1.0695669468253337,1.018482771918927,1.018482771918927,56899200
1991-08-13,1.0536028146743774,1.0695666885537238,1.0504102737414625,1.0695666885537238,94497600
1991-08-14,1.0536028146743774,1.0663735630134232,1.0472171482011616,1.0567953556072924,67008000
1991-08-15,1.0408320426940918,1.0631809979316387,1.0344463763659189,1.0536027907430654,45460800
1991-08-16,1.0440243482589722,1.052006283218428,1.0248679381991745,1.0312536030881874,52075200
1991-08-19,1.024868130683899,1.0376388782532109,0.9833627626281227,0.9897478441091034,85425600
1991-08-20,1.028060793876648,1.0456209392556335,1.0216757116351405,1.0296576490444447,57326400
1991-08-21,1.0727595090866089,1.079145177224161,1.0440248793789317,1.047217421143939,73214400
1991-08-22,1.0727595090866089,1.08872338712672,1.06318129918405,1.0759520508516158,43627200
1991-08-23,1.088723063468933,1.1046863521559076,1.0727591901745945,1.0727591901745945,43161600
1991-08-26,1.088723063468933,1.088723063468933,1.0663735239353862,1.0823373972297248,44136000
1991-08-27,1.0823376178741455,1.0855301593408964,1.0727594088664096,1.0823376178741455,34204800
1991-08-28,1.0935121774673462,1.1078797843318646,1.079145155210354,1.0823376969102354,41558400
1991-08-29,1.0951087474822998,1.1046869598060742,1.0855305351585256,1.0983018746620152,27974400
1991-08-30,1.088723063468933,1.1014938113399855,1.0791448564138029,1.0951081451007771,22032000
1991-09-03,1.0615849494934082,1.0855301801684314,1.0536030110659023,1.0855301801684314,33494400
1991-09-04,1.0551995038986206,1.0663739862058217,1.0344468103841586,1.0631814440059408,38467200
1991-09-05,1.028060793876648,1.0599885435138654,1.0216757116351405,1.0599885435138654,58459200
1991-09-06,1.0312540531158447,1.0504104715352875,1.0248683854401983,1.03444659464992,50788800
1991-09-09,1.0312540531158447,1.0408322623255661,1.0248683854401983,1.0312540531158447,31915200
1991-09-10,1.0216755867004395,1.0536027478260521,1.0216755867004395,1.0472170817579902,65937600
1991-09-11,1.0472173690795898,1.0504104952933828,1.0280609502268687,1.0280609502268687,64032000
1991-09-12,1.0935121774673462,1.095108448317287,1.0599887357960136,1.0599887357960136,53808000
1991-09-13,1.0599887371063232,1.0951084496710102,1.0536030690911409,1.0919159079671823,51360000
1991-09-16,1.0599887371063232,1.066373820513979,1.050410527387313,1.0599887371063232,21686400
1991-09-17,1.079145073890686,1.0823376153499915,1.0472173208677042,1.0567955298531024,23366400
1991-09-18,1.0823376178741455,1.0919158268818812,1.0695668673996588,1.0727594088664096,26942400
1991-09-19,1.1014937162399292,1.1142644630083889,1.0823373037835826,1.085529844323869,51364800
1991-09-20,1.1046866178512573,1.111072285626324,1.0983015346836955,1.107879744042543,30316800
1991-09-23,1.0839338302612305,1.1046865178929959,1.0791450183188778,1.1014939765980942,49771200
1991-09-24,1.1238430738449097,1.1270362001421061,1.0887233614359442,1.0887233614359442,47625600
1991-09-25,1.1206506490707397,1.1286325887351858,1.1046867697418477,1.123843191093484,25766400
1991-09-26,1.1398069858551025,1.1493851958202714,1.1142648977454714,1.117458024138889,48000000
1991-09-27,1.1270363330841064,1.142999628022976,1.1206506643440026,1.142999628022976,33273600
1991-09-30,1.136614441871643,1.1429995254310492,1.1110723538113962,1.1270362319249931,27700800
1991-10-01,1.1350177526474,1.1398065635519388,1.1238426913221589,1.1366140229489128,19627200
1991-10-02,1.1110717058181763,1.1557701877029165,1.1014935014576748,1.1302281145391793,67219200
1991-10-03,1.1174582242965698,1.1270364359773757,1.1014943432926778,1.1046868856503975,34632000
1991-10-04,1.1254397630691528,1.1366142419400522,1.1174578254163852,1.123842907852649,26457600
1991-10-07,1.1302287578582764,1.135018155068222,1.107879796498618,1.1142648799685018,27187200
1991-10-08,1.1398069858551025,1.1429995276409781,1.1238431077106403,1.1238431077106403,37708800
1991-10-09,1.142999291419983,1.1653488331248107,1.1398067502939022,1.142999291419983,60931200
1991-10-10,1.1461926698684692,1.1557708799659563,1.130228791503474,1.1557708799659563,42048000
1991-10-11,1.1445963382720947,1.1621559020135999,1.1206505219941023,1.158963360352875,69921600
1991-10-14,1.1781197786331177,1.1781197786331177,1.1493851498859686,1.1493851498859686,50625600
1991-10-15,1.1669448614120483,1.1781193376407575,1.158962925646599,1.1781193376407575,57854400
1991-10-16,1.1589634418487549,1.1685416521119678,1.1477889606429332,1.1685416521119678,100200000
1991-10-17,1.1398069858551025,1.1589634057854403,1.1302287758899334,1.1589634057854403,95563200
1991-10-18,1.1493847370147705,1.1653486087868563,1.1461921965032766,1.1493847370147705,37843200
1991-10-21,1.1621555089950562,1.1685411747645158,1.146192221482389,1.1493847620634583,28704000
1991-10-22,1.1669448614120483,1.184505003174577,1.1653485911804184,1.1685411316436782,32496000
1991-10-23,1.1525774002075195,1.174926939988804,1.1461923185048988,1.171733814530123,36724800
1991-10-24,1.1525774002075195,1.1557705256662005,1.1398066521949073,1.1557705256662005,26942400
1991-10-25,1.142999291419983,1.1589631662652284,1.1398067502939022,1.152577499405646,28080000
1991-10-28,1.1525774002075195,1.1525774002075195,1.120650237872304,1.1429991930462178,37953600
1991-10-29,1.1589634418487549,1.1589634418487549,1.1461926897003245,1.1525777734707596,36523200
1991-10-30,1.206854224205017,1.2100467653787441,1.1589631835619607,1.1589631835619607,65592000
1991-10-31,1.1988722085952759,1.2164323531221557,1.190890271573295,1.2068541456172568,41092800
1991-11-01,1.1829094886779785,1.1972765145487267,1.1749275478130414,1.1940839720458212,34296000
1991-11-04,1.1621555089950562,1.1813119216961139,1.158962968413987,1.1781193811150446,28838400
1991-11-05,1.1972763538360596,1.2068545646667481,1.1621560525876702,1.1653491792696296,51739200
1991-11-06,1.2164326906204224,1.2196252324720263,1.1908906019849297,1.2004688121472953,38308800
1991-11-07,1.2100468873977661,1.2228182225953734,1.2068543459021086,1.2196250964922273,20894400
1991-11-08,1.2164326906204224,1.2355891109451536,1.2132401487688185,1.2132401487688185,36494400
1991-11-11,1.2451670169830322,1.2515526837341335,1.2212217897293718,1.2260106013371395,40564800
1991-11-12,1.2754980325698853,1.2866725119939197,1.251552803033735,1.2547453444098973,80035200
1991-11-13,1.2898658514022827,1.299444061723073,1.2611312204399117,1.270709430760702,57523200
1991-11-14,1.2675158977508545,1.296250519497907,1.2611308159897603,1.296250519497907,44371200
1991-11-15,1.2132400274276733,1.283480033390843,1.2100469012878732,1.2643236149820243,71592000
1991-11-18,1.2419748306274414,1.248359914594754,1.2132401989518007,1.216432740935457,72432000
1991-11-19,1.2292031049728394,1.2435707085733902,1.2036616079611384,1.2292031049728394,71976000
1991-11-20,1.2323967218399048,1.2451674754367137,1.2260110527376873,1.2387818063344962,36441600
1991-11-21,1.2419748306274414,1.2419748306274414,1.2228184095103476,1.2292034934776601,35558400
1991-11-22,1.226010799407959,1.2451672181487083,1.2164325900375843,1.2387815503659567,38102400
1991-11-25,1.2212220430374146,1.2387816071822098,1.2164326458288106,1.2228183139044386,33724800
1991-11-26,1.206854224205017,1.2292031816359668,1.1845052667740674,1.227606911049103,58809600
1991-11-27,1.2164326906204224,1.2196252324720263,1.2004688121472953,1.203661938606453,15009600
1991-11-29,1.2419748306274414,1.248359914594754,1.2100470723605663,1.2100470723605663,20524800
1991-12-02,1.2930580377578735,1.2962505787844378,1.226010583948206,1.2292031249747704,55852800
1991-12-03,1.2946546077728271,1.3122147566960503,1.270709375319369,1.2898657951251509,64996800
1991-12-04,1.3026366233825684,1.315407375801442,1.2770945339372488,1.2994440814297432,36297600
1991-12-05,1.2994437217712402,1.3058288039096353,1.286672388279629,1.2994437217712402,24892800
1991-12-06,1.3313707113265991,1.344141458532563,1.2898653444517156,1.2962504257510308,51580800
1991-12-09,1.3026366233825684,1.3249855862674904,1.2930584129165201,1.3186005023618397,57720000
1991-12-10,1.2994437217712402,1.3026362628404378,1.2770941804646256,1.3026362628404378,46252800
1991-12-11,1.2866723537445068,1.312214435434753,1.2707090642195737,1.304232498368589,39134400
1991-12-12,1.3026366233825684,1.3186005023618397,1.283480202450472,1.2898658709636948,36979200
1991-12-13,1.3026366233825684,1.3122148338486168,1.2962509548693455,1.3058291653353937,26193600
1991-12-16,1.3042325973510742,1.3058288679639742,1.2866724513942953,1.3026363267381742,27225600
1991-12-17,1.3010399341583252,1.3217926193954284,1.2802872489212218,1.3026362046215816,27480000
1991-12-18,1.3138103485107422,1.318599743290467,1.293057668548819,1.3026358735010326,33561600
1991-12-19,1.3122143745422363,1.3186000408203236,1.2930579603153425,1.307425563289197,38116800
1991-12-20,1.3185999393463135,1.340948892688684,1.305828607772968,1.3281781457226611,35356800
1991-12-23,1.3632985353469849,1.3632985353469849,1.309022394842598,1.3186006060619155,46113600
1991-12-24,1.3569130897521973,1.3728763811301599,1.3537199637906345,1.3632981724603972,23995200
1991-12-26,1.377665400505066,1.3824542112248348,1.3505270526044684,1.3569127181714626,24326400
1991-12-27,1.409592866897583,1.4239604714085343,1.3760694307177477,1.3824545130715655,36657600
1991-12-30,1.4143826961517334,1.4207677804597496,1.3984188161664748,1.4111895693901162,35524800
1991-12-31,1.420766830444336,1.4303450351093703,1.3888396764299615,1.414381750405792,40512000
1992-01-02,1.455887794494629,1.4654660036689358,1.3984185394487882,1.4143824162751308,74265600
1992-01-03,1.4431171417236328,1.4590804350257027,1.4271532638140296,1.4558878932867954,38246400
1992-01-06,1.4878143072128296,1.5037781769969503,1.4351344722968091,1.4463089473027992,63057600
1992-01-07,1.5325134992599487,1.5357060408475718,1.4782367846253237,1.4878149939956984,64363200
1992-01-08,1.5867902040481567,1.6059466226700359,1.5165496126962652,1.5197427388715796,90763200
1992-01-09,1.6251033544540405,1.6474523189504424,1.5835973830366468,1.5867905098272859,88348800
1992-01-10,1.5995607376098633,1.6314879027728555,1.583596862724656,1.6219096947632154,64641600
1992-01-13,1.6235069036483765,1.6458558656708593,1.5676339139846196,1.5835972077403002,52804800
1992-01-14,1.6378734111785889,1.6410659520037723,1.6091387899298417,1.6282952040956733,44006400
1992-01-15,1.6793789863586426,1.7017285286988248,1.6378736121099913,1.644259279151106,65294400
1992-01-16,1.6314879655838013,1.685764674597177,1.6282954243268186,1.676186466218784,58761600
1992-01-17,1.615524411201477,1.6538372384662763,1.5804041246729614,1.6314876994902436,85027200
1992-01-20,1.564440369606018,1.6251027404157659,1.564440369606018,1.6251027404157659,58862400
1992-01-21,1.5245312452316284,1.5708260117105064,1.4814296042871666,1.5612478043220277,120019200
1992-01-22,1.602753758430481,1.6027537584304807,1.5197429872410073,1.5325137402068654,56131200
1992-01-23,1.5963685512542725,1.6522415411623426,1.5804046728212375,1.6027536349414446,75590400
1992-01-24,1.5915789604187012,1.602753440120503,1.5835970221724194,1.589982689690941,37756800
1992-01-27,1.5404958724975586,1.60275395866777,1.5388996012533487,1.5931757465948395,46233600
1992-01-28,1.5420913696289062,1.5548621177794817,1.4814295851544519,1.545283910514706,95539200
1992-01-29,1.5899826288223267,1.6059465047037522,1.5548623357261746,1.564440544333538,97344000
1992-01-30,1.5772113800048828,1.5931746662296131,1.551669303595131,1.589982125906122,41923200
1992-01-31,1.5357062816619873,1.5804047939354207,1.529321197485495,1.5772122518471743,49948800
1992-02-03,1.5963685512542725,1.6027536349414446,1.5005864498711672,1.5101646600094776,80265600
1992-02-04,1.5899826288223267,1.6091390460370536,1.564440544333538,1.5995608374296901,58440000
1992-02-05,1.6251033544540405,1.6410666499767785,1.5772122986705974,1.5931755941933354,71212800
1992-02-06,1.6123316287994385,1.6474519227980116,1.60594654596877,1.6155247548222469,62356800
1992-02-07,1.605946660041809,1.6282956207515804,1.583597114724522,1.6123317433260205,36499200
1992-02-10,1.5899826288223267,1.6091390460370536,1.558055461666935,1.6043502340371014,41371200
1992-02-11,1.564440369606018,1.593174992218827,1.5516696210916787,1.5867899102653542,41078400
1992-02-12,1.605946660041809,1.6187174112177476,1.5149533771666395,1.5149533771666395,83342400
1992-02-13,1.564440369606018,1.615524532878163,1.5516696210916787,1.60275319975643,97358400
1992-02-14,1.5133577585220337,1.5644413698476145,1.5069720878784234,1.5612488268296931,82632000
1992-02-18,1.5101643800735474,1.561247963139432,1.5069712542143119,1.5229351296881575,73694400
1992-02-19,1.4702547788619995,1.5069707446652365,1.4495015139202836,1.5069707446652365,145372800
1992-02-20,1.500586748123169,1.522935714685388,1.4782371969532815,1.481430324039076,74323200
1992-02-21,1.4622735977172852,1.513357189847163,1.4526953876549613,1.4942007697225153,91118400
1992-02-24,1.46706223487854,1.4878149234288034,1.4431170048920758,1.4622734227242384,59049600
1992-02-25,1.4782360792160034,1.487814284015691,1.4463089247527878,1.4686578744163161,57388800
1992-02-26,1.5580552816390991,1.5580552816390991,1.4814296216340186,1.4814296216340186,100670400
1992-02-27,1.594772219657898,1.5995610322410823,1.5676338611972633,1.5676338611972633,79579200
1992-02-28,1.5772113800048828,1.6155242023158738,1.5612475091728788,1.5963677911603784,58276800
1992-03-02,1.5708264112472534,1.6059467088069186,1.554862533336945,1.5804046210719318,34876800
1992-03-03,1.5740187168121338,1.59956080071465,1.564440508424621,1.5772118426796018,27734400
1992-03-04,1.564440369606018,1.5867899102653542,1.554862162068415,1.574018577143621,33086400
1992-03-05,1.5484778881072998,1.5740193984634825,1.5229357931434184,1.5644411859279894,55689600
1992-03-06,1.5101643800735474,1.5580554218876403,1.4910079633479103,1.5420915464137948,61867200
1992-03-09,1.5197429656982422,1.5388993871792807,1.510164754957723,1.516549839046343,30427200
1992-03-10,1.554862380027771,1.5676337149397794,1.5229352119627009,1.5261277533869653,45480000
1992-03-11,1.5357062816619873,1.574019125151331,1.5229355287014053,1.5612483721907489,39532800
1992-03-12,1.546881079673767,1.55166989197488,1.5133570551359938,1.535706015089512,50025600
1992-03-13,1.5452842712402344,1.5708263581112138,1.5388991879781246,1.5644406902415906,36763200
1992-03-16,1.5867902040481567,1.5867902040481565,1.5388991574934587,1.5452842406290839,55132800
1992-03-17,1.6346814632415771,1.6442596737984465,1.5931754944234242,1.601157433988745,94473600
1992-03-18,1.6139287948608398,1.6474522399988845,1.6091393972082126,1.6410665713312436,69230400
1992-03-19,1.6282951831817627,1.6634154702371555,1.6123313100461554,1.621909517006048,111576000
1992-03-20,1.6410670280456543,1.6474526984904485,1.6282962717638154,1.6282962717638154,35774400
1992-03-23,1.6410670280456543,1.650645241408971,1.6314888146823379,1.6410670280456545,37843200
1992-03-24,1.6282951831817627,1.65862607445353,1.6155244354376919,1.647451597101548,70228800
1992-03-25,1.6410670280456543,1.650645241408971,1.6219106013190212,1.6282962717638154,36739200
1992-03-26,1.5963685512542725,1.6474521437894112,1.5867903411159618,1.644259601945825,60403200
1992-03-27,1.5484778881072998,1.5963689507847658,1.5261283357860165,1.5899832808918708,89971200
1992-03-30,1.5325134992599487,1.5580555857834497,1.5325134992599487,1.551669918000698,40713600
1992-03-31,1.5133577585220337,1.5580562838117715,1.5037795448605018,1.5388998564887078,86702400
1992-04-01,1.5388991832733154,1.5420917248946098,1.4942006775376344,1.4973932191589288,74203200
1992-04-02,1.4942009449005127,1.5516702120120707,1.4910084027079649,1.5388994586342633,56918400
1992-04-03,1.500586748123169,1.522935714685388,1.4910085360811225,1.500586748123169,59534400
1992-04-06,1.5484778881072998,1.553266702071197,1.503779368072432,1.503779368072432,40123200
1992-04-07,1.481430172920227,1.564440945745025,1.4782370461601593,1.5580558614401077,72758400
1992-04-08,1.497393012046814,1.5005861378339627,1.4463094301341766,1.478236595753646,105388800
1992-04-09,1.5325134992599487,1.5357060408475718,1.4894118493970154,1.5101645389315763,70008000
1992-04-10,1.481430172920227,1.5580558614401077,1.4558880818777304,1.5484776503751225,126446400
1992-04-13,1.500586748123169,1.5085686889261525,1.4590807728691886,1.4910085360811225,45552000
1992-04-14,1.4942009449005127,1.535706331834099,1.4878152759078007,1.5101648250784843,72806400
1992-04-15,1.6458549499511719,1.650643760031216,1.6155240656225511,1.6442586799244903,223305600
1992-04-16,1.6298919916152954,1.6474521409397491,1.6219100524125847,1.6474521409397491,66393600
1992-04-20,1.5085679292678833,1.596368064672507,1.4750439116983252,1.5899823983241688,226118400
1992-04-21,1.4830267429351807,1.5133576533202695,1.475044801337478,1.5101651105242793,99244800
1992-04-22,1.5021822452545166,1.5133567227771707,1.4622731464133085,1.4878146422915561,61790400
1992-04-23,1.4782360792160034,1.519742023086133,1.433538179888947,1.5133563583505993,115334400
1992-04-24,1.4335383176803589,1.4910075520024142,1.4303451927020563,1.4814293462820716,90393600
1992-04-27,1.446310043334961,1.4878154346983055,1.4367318311274448,1.4367318311274448,99585600
1992-04-28,1.3920327425003052,1.4622733263260475,1.3664912434795256,1.4526951180413952,199876800
1992-04-29,1.4223642349243164,1.423960505551045,1.3824545462188818,1.3984184217010556,137308800
1992-04-30,1.407996654510498,1.43992382142163,1.4016109872852898,1.430345612887545,95870400
1992-05-01,1.4526952505111694,1.4558877920280315,1.4079967462376357,1.411189287754498,62083200
1992-05-04,1.455887794494629,1.4814298804952781,1.4367313761460154,1.4495021268425932,73920000
1992-05-05,1.4878143072128296,1.5005856368830204,1.4463089473027992,1.4526946121378945,59246400
1992-05-06,1.481430172920227,1.4973934682901295,1.4750445040077007,1.4942009261376707,50016000
1992-05-07,1.4686583280563354,1.4878147435727547,1.4590801202981258,1.4814296614722195,40579200
1992-05-08,1.4622735977172852,1.4942007697225153,1.4463097194108963,1.4814300178419328,59822400
1992-05-11,1.455887794494629,1.4718516713209715,1.4463095853203223,1.4654660036689358,41112000
1992-05-12,1.459080457687378,1.4718517940564315,1.43992403774134,1.4654661258719048,49905600
1992-05-13,1.439923644065857,1.4590800587745263,1.4175746884415368,1.4526949769432247,64320000
1992-05-14,1.4143826961517334,1.4431173293606336,1.3952262740124668,1.4399242025990164,72307200
1992-05-15,1.4048038721084595,1.423960285888996,1.3984182059791626,1.4079964128694307,40814400
1992-05-18,1.439923644065857,1.4495018514201916,1.4111890220028527,1.414382147525886,37526400
1992-05-19,1.4622735977172852,1.4622735977172852,1.4463097194108963,1.4463097194108963,51240000
1992-05-20,1.4910080432891846,1.4942005847121462,1.4622734166601048,1.4622734166601048,58800000
1992-05-21,1.4894115924835205,1.4942004040389172,1.4718514475655895,1.4942004040389172,48566400
1992-05-22,1.4782360792160034,1.4941999487512245,1.4686578744163161,1.4941999487512245,36969600
1992-05-26,1.4750440120697021,1.4942004278108671,1.4686583452868425,1.4814296788525618,38217600
1992-05-27,1.4686583280563354,1.4846222025224871,1.4654657870060679,1.478236535814545,31166400
1992-05-28,1.5197429656982422,1.5261280497868623,1.462273701255127,1.465466243299437,62702400
1992-05-29,1.5452842712402344,1.5612481486105358,1.5261278522388781,1.5293209784774464,89918400
1992-06-01,1.5867902040481567,1.5867902040481565,1.5325134897503316,1.5388991574934587,68529600
1992-06-02,1.569230079650879,1.589982769366662,1.5612481410046137,1.58679022775116,42585600
1992-06-03,1.5708264112472534,1.5867902891575618,1.5644407431616234,1.5644407431616234,28190400
1992-06-04,1.5660383701324463,1.5772128563316523,1.564441513868713,1.574019728412007,41755200
1992-06-05,1.5452842712402344,1.5708263581112138,1.5420917296091794,1.5644406902415906,40939200
1992-06-08,1.5101643800735474,1.5452840876655862,1.5101643800735474,1.5420915464137948,40228800
1992-06-09,1.4686583280563354,1.519742492505058,1.4558875792478583,1.513356825797116,84604800
1992-06-10,1.4367314577102661,1.4750442965825399,1.4303457896957115,1.471851754879026,65457600
1992-06-11,1.3792612552642822,1.4718507473617137,1.3728755916208684,1.4367304742336273,130732800
1992-06-12,1.4367314577102661,1.4431171257248205,1.3904366799716807,1.4079968285560607,138028800
1992-06-15,1.4510995149612427,1.494201179766024,1.436731903621177,1.436731903621177,54940800
1992-06-16,1.393629550933838,1.4654658183533307,1.3888401546485813,1.4463094024271432,57376000
1992-06-17,1.3864457607269287,1.4032077709582764,1.3696837504955812,1.3888401665864285,70032000
1992-06-18,1.3840515613555908,1.4319426087276266,1.360105745365817,1.3984185832634457,53356800
1992-06-19,1.407996654510498,1.4223642596153527,1.3936296340130978,1.407996654510498,43110400
1992-06-22,1.4223642349243164,1.427153046804502,1.3696837965976092,1.4032078181886856,54080000
1992-06-23,1.407996654510498,1.4510988852176079,1.3936296340130978,1.4319424681494377,57420800
1992-06-24,1.3840515613555908,1.4127861897788123,1.3744733518811836,1.4127861897788123,34096000
1992-06-25,1.3409494161605835,1.3840516539838064,1.2739019453525544,1.3840516539838064,165340800
1992-06-26,1.278691291809082,1.3361605502138156,1.2595348723408377,1.3313711530429906,140982400
1992-06-29,1.3840515613555908,1.393629770829998,1.3074258855603336,1.3122146979937812,90963200
1992-06-30,1.3409494161605835,1.39841867685318,1.3313712060451508,1.393629864099239,74048000
1992-07-01,1.3816561698913574,1.3936293667181225,1.331370730883909,1.34573833323309,45136000
1992-07-02,1.338554859161377,1.398418519494725,1.3170040349785692,1.39362970727965,80563200
1992-07-06,1.3313707113265991,1.3457383134647256,1.2978472806831933,1.3409489178829055,36224000
1992-07-07,1.3026366233825684,1.3361606523175238,1.2882695999872822,1.3361606523175238,54396800
1992-07-08,1.3146089315414429,1.32179273385556,1.2547452763411475,1.3026363174228708,93417600
1992-07-09,1.3217929601669312,1.3553169869676862,1.3074259376862756,1.3217929601669312,61174400
1992-07-10,1.3313707113265991,1.3409489178829055,1.2954522905886163,1.3265819003521127,28905600
1992-07-13,1.3409494161605835,1.364895233752941,1.3122147858142854,1.3361606034066427,35113600
1992-07-14,1.362499713897705,1.3696835148476885,1.3457382911575098,1.3505271020526157,41116800
1992-07-15,1.369684100151062,1.403208129171833,1.3601058896604952,1.3744734977001323,80172800
1992-07-16,1.3840515613555908,1.3840515613555908,1.3553169329323693,1.360105745365817,42291200
1992-07-17,1.3457385301589966,1.379261966200432,1.3361603220603824,1.374473154454839,59865600
1992-07-20,1.326582670211792,1.3457390944415097,1.312215059735667,1.3313714839653847,48707200
1992-07-21,1.374472737312317,1.3936291476957134,1.3313705216460499,1.340948726837748,45907200
1992-07-22,1.3409494161605835,1.3744734438683737,1.3313712060451508,1.3744734438683737,59008000
1992-07-23,1.360105276107788,1.3840510838358762,1.3170036406474641,1.3361600529870103,68441600
1992-07-24,1.393629550933838,1.4127859668600253,1.3601055307593002,1.3624999365982189,76259200
1992-07-27,1.398418664932251,1.4079968749660337,1.3840516421853502,1.3936298522191328,30512000
1992-07-28,1.4175752401351929,1.4271534512171873,1.3936300047340116,1.4079970290531982,45363200
1992-07-29,1.4175752401351929,1.4319428490619897,1.3792623958072148,1.4271534512171873,145273600
1992-07-30,1.4008128643035889,1.4271530841563256,1.3984184583008292,1.407996666919328,32035200
1992-07-31,1.393629550933838,1.4079965705747686,1.3840513429707442,1.4079965705747686,35312000
1992-08-03,1.4127856492996216,1.4223638551097637,1.3792616366604797,1.393629237679337,31516800
1992-08-04,1.4151803255081177,1.4271529389108892,1.4079965236234948,1.417574731267192,31430400
1992-08-05,1.3792612552642822,1.412785258633297,1.3648942428255093,1.412785258633297,60150400
1992-08-06,1.369684100151062,1.3792623106416289,1.3457388662284318,1.369684100151062,3705600
1992-08-07,1.3553171157836914,1.4127863803835456,1.350527718096575,1.3696841396298596,55008000
1992-08-10,1.3577111959457397,1.3888402273023788,1.3553167899815637,1.3601056019099158,42067200
1992-08-11,1.367289662361145,1.3768678726323134,1.3409494379635425,1.3648952559452432,33436800
1992-08-12,1.360105276107788,1.3888398946171077,1.3553164653265566,1.374472877666103,30441600
1992-08-13,1.3577111959457397,1.3744732069098724,1.3505273934457613,1.364894998445718,28227200
1992-08-14,1.360105276107788,1.374472877666103,1.3553164653265566,1.360105276107788,33942400
1992-08-17,1.3313707113265991,1.3601053309955184,1.3313707113265991,1.3553165200210322,63318400
1992-08-18,1.3313707113265991,1.3553165200210322,1.3026360916576798,1.3217925047702928,66313600
1992-08-19,1.326582670211792,1.3505279081951027,1.3170044580969331,1.3313714839653847,27433600
1992-08-20,1.3481329679489136,1.3553167703448081,1.3217927489022616,1.3313709572276404,36534400
1992-08-21,1.3361603021621704,1.3577111239112585,1.321792697924499,1.3505273217924227,52710400
1992-08-24,1.3217929601669312,1.3409493798794954,1.3170041475425578,1.3337655763354,42800000
1992-08-25,1.3481329679489136,1.3553167703448081,1.312214540576883,1.317003937043293,37123200
1992-08-26,1.3720784187316895,1.3840516195336208,1.345738780025528,1.345738780025528,50016000
1992-08-27,1.4103909730911255,1.4175747751983772,1.379261943436259,1.379261943436259,88028800
1992-08-28,1.4247584342956543,1.427152839888594,1.407996425930358,1.407996425930358,49468800
1992-08-31,1.42715322971344,1.436731439308832,1.4079968105226555,1.4223644172195034,25651200
1992-09-01,1.42715322971344,1.429547635960408,1.4032079980287189,1.4175750201180477,30825600
1992-09-02,1.4439152479171753,1.4510990512917685,1.412786212770633,1.4271532349122982,61955200
1992-09-03,1.467860221862793,1.4798334202532237,1.446309400131888,1.4510987964095439,85296000
1992-09-04,1.455887794494629,1.4654660036689358,1.4463095853203223,1.4606771913855292,28585600
1992-09-08,1.4702547788619995,1.4726491839912277,1.4415201634895232,1.4558871788721381,49376000
1992-09-09,1.4965956211090088,1.5013850198681047,1.4654665753019116,1.4702559740610075,60982400
1992-09-10,1.5133577585220337,1.5133577585220337,1.4846231175374383,1.4989907303336196,53302400
1992-09-11,1.5085679292678833,1.5181461364867037,1.4942003261359658,1.5037785333547862,30796800
1992-09-14,1.5660383701324463,1.5708271851001827,1.5277255119592712,1.5277255119592712,95100800
1992-09-15,1.5564593076705933,1.5660375169959275,1.5325134920535057,1.561248120029509,44614400
1992-09-16,1.5396966934204102,1.5660369049220801,1.5229346875005043,1.5277240825950236,35708800
1992-09-17,1.5540642738342285,1.561248076781105,1.5373028464348315,1.5420916586610915,23590400
1992-09-18,1.5301196575164795,1.561248703301543,1.501385018805408,1.5564598891535584,71683200
1992-09-21,1.515750765800476,1.5229345655634312,1.4989893458298842,1.5085675506447485,31811200
1992-09-22,1.4894115924835205,1.5157512252530119,1.484622196320719,1.5133568194753135,30777600
1992-09-23,1.515750765800476,1.5277239602744772,1.484621746303974,1.4894111410150197,37654400
1992-09-24,1.5373023748397827,1.5420911855969894,1.518145962596342,1.518145962596342,36953600
1992-09-25,1.5085679292678833,1.5396969565772056,1.4558874972606846,1.5373025509243443,41817600
1992-09-28,1.4750440120697021,1.4989898240498654,1.4606769925675354,1.4654658041991195,52854400
1992-09-29,1.5085679292678833,1.5133567405736064,1.4750439116983252,1.4750439116983252,39392000
1992-09-30,1.5420913696289062,1.5420913696289062,1.5085679365058795,1.527724351035431,59843200
1992-10-01,1.5253297090530396,1.5516699311974669,1.522935302841958,1.5325135122937943,47804800
1992-10-02,1.5085679292678833,1.527724343705524,1.4942003261359658,1.5181461364867037,36803200
1992-10-05,1.5660383701324463,1.5660383701324465,1.4510997956129208,1.5037796832971262,71347200
1992-10-06,1.5804044008255005,1.5995608178052036,1.5564591719045977,1.5756155888843006,74316800
1992-10-07,1.5540642738342285,1.6139285189148858,1.5516698677210983,1.5804044949011187,58153600
1992-10-08,1.5971667766571045,1.618717604530016,1.5660377381065005,1.5756159487841928,59532800
1992-10-09,1.578010082244873,1.5995609063886576,1.5612480703074922,1.5995609063886576,40182400
1992-10-12,1.6067445278167725,1.6091389336495154,1.5851937061072496,1.5899825177727356,34700800
1992-10-13,1.6139287948608398,1.635479622778696,1.594772373465504,1.6235070055585077,86643200
1992-10-14,1.5995607376098633,1.628295361638783,1.5899825296002232,1.6163227477785886,47456000
1992-10-15,1.6187175512313843,1.6235069487163254,1.585194107267062,1.5947723176293778,35942400
1992-10-16,1.6354786157608032,1.6378730208090098,1.6043495963124388,1.6235060059125441,47644800
1992-10-19,1.683370590209961,1.690554394017859,1.628295735362004,1.628295735362004,83280000
1992-10-20,1.683370590209961,1.7192890246418944,1.6666085761940512,1.690554394017859,84150400
1992-10-21,1.7240772247314453,1.7240772247314453,1.6809755864168336,1.6905537932208972,60396800
1992-10-22,1.71928870677948,1.728866915216671,1.6905540814679076,1.7240775186943513,49174400
1992-10-23,1.6977381706237793,1.7288678024760424,1.6905549490650247,1.7288678024760424,46006400
1992-10-26,1.7240772247314453,1.7288666204371517,1.6809755864168336,1.6953426043192545,40121600
1992-10-27,1.6857647895812988,1.728867022527745,1.676186580549587,1.7240776257081465,49116800
1992-10-28,1.6953426599502563,1.7001320558131217,1.6713974344580327,1.6905538486947587,36172800
1992-10-29,1.7240772247314453,1.7240772247314453,1.6953426043192545,1.700132000024961,32774400
1992-10-30,1.700132131576538,1.7240773581358388,1.6953427355002415,1.7216829524013877,24998400
1992-11-02,1.7168937921524048,1.7240775949498979,1.6809759473798875,1.7049211772282322,31091200
1992-11-03,1.6905547380447388,1.7192893745162554,1.6785815343925168,1.7144999761338315,35267200
1992-11-04,1.6953426599502563,1.7192884700498479,1.6857644528318931,1.6905538486947587,23657600
1992-11-05,1.7599958181381226,1.7671796200939995,1.6905539581843934,1.7049209774887415,90361600
1992-11-06,1.7767575979232788,1.7863358044225761,1.7480229784253876,1.7576011849246846,61155200
1992-11-09,1.7599958181381226,1.7767578278327005,1.7336556007048438,1.7767578278327005,54796800
1992-11-10,1.7791523933410645,1.7863361959418762,1.752812173543061,1.762390382141657,38710400
1992-11-11,1.795914888381958,1.8198601240258587,1.7671802548447075,1.776758466023791,60748800
1992-11-12,1.791124701499939,1.8054923042434572,1.7623900806202608,1.7959140972835645,46960000
1992-11-13,1.7863363027572632,1.7959145119285957,1.7719686966965178,1.791125115039183,25811200
1992-11-16,1.7767575979232788,1.7911246153685594,1.7671793914239817,1.7815464088692623,19312000
1992-11-17,1.7240772247314453,1.800702879163954,1.7097102068290244,1.7791520600066482,56649600
1992-11-18,1.7623907327651978,1.7719689432693564,1.721683484274417,1.7336561012527218,33273600
1992-11-19,1.8007031679153442,1.8198595845952947,1.7671797310291522,1.7671797310291522,46857600
1992-11-20,1.8198596239089966,1.8198596239089966,1.7959143948455005,1.8007032068152176,41113600
1992-11-23,1.6953426599502563,1.7576012985233,1.6713974344580327,1.7288666771682109,309884800
1992-11-24,1.7528125047683716,1.7767583230935817,1.7097108502335894,1.7480236918678707,145513600
1992-11-25,1.745629072189331,1.7719693025686256,1.7288676388640463,1.7623910901223088,53152000
1992-11-27,1.7576006650924683,1.7719676782885263,1.7432330672892529,1.7528112709556773,17593600
1992-11-30,1.783941388130188,1.7863363789808364,1.7576017502407224,1.7719687723070203,35251200
1992-12-01,1.783941388130188,1.791125191467096,1.7623905627269822,1.7767581694007983,33593600
1992-12-02,1.7384452819824219,1.791125140881055,1.7336558850239088,1.7815469315715307,49881600
1992-12-03,1.7552063465118408,1.7719683554858494,1.7336555261780473,1.738444922145213,26048000
1992-12-04,1.7576006650924683,1.7719676782885263,1.7480224614260438,1.7528112709556773,23548800
1992-12-07,1.7887303829193115,1.7911247886239139,1.743233751494932,1.762390166346525,46422400
1992-12-08,1.7719693183898926,1.8007039559854043,1.7528128933262181,1.795915142023335,26908800
1992-12-09,1.7623907327651978,1.7863365513293818,1.748023709312747,1.7576019198169057,26048000
1992-12-10,1.7049212455749512,1.7576016887251171,1.695343036330148,1.7240776640645574,89296000
1992-12-11,1.6546363830566406,1.7049218533663626,1.6426637633843653,1.6953436407070008,112934400
1992-12-14,1.669002652168274,1.6905540593252624,1.6570300379304632,1.661819434390052,51286400
1992-12-15,1.6546363830566406,1.6809766140218116,1.6378743647508314,1.67139840136245,45289600
1992-12-16,1.6666079759597778,1.6905537851594246,1.6330845446090874,1.6570297692013882,73792000
1992-12-17,1.7240772247314453,1.7288666204371517,1.6666079839070638,1.6713973796127701,51859200
1992-12-18,1.7240772247314453,1.7288666204371517,1.6953426043192545,1.7049208111233183,74387200
1992-12-21,1.7336556911468506,1.7623903158619916,1.7097104628546178,1.7192886710929982,64928000
1992-12-22,1.6809754371643066,1.7528116895128232,1.6666078359302252,1.7432334835592012,56928000
1992-12-23,1.67139732837677,1.6905537413976652,1.6474515197969857,1.685764345838776,59974400
1992-12-24,1.67139732837677,1.67139732837677,1.6474515197969857,1.67139732837677,32723200
1992-12-28,1.6761863231658936,1.6809757192500652,1.6474517004830498,1.671397511689117,45731200
1992-12-29,1.6570309400558472,1.6761873671085161,1.6522421255965598,1.6713985526492285,60035200
1992-12-30,1.6450575590133667,1.6666083833356624,1.6330849437907011,1.6618195710895918,50860800
1992-12-31,1.6354786157608032,1.652240620312702,1.6330842107125967,1.6474512256090625,30851200
1993-01-04,1.6306895017623901,1.6426626982789296,1.6187168898531776,1.628295096302013,72646400
1993-01-05,1.6570309400558472,1.661820339122894,1.6235074850175566,1.6282962994768442,71529600
1993-01-06,1.7049212455749512,1.7097106425011017,1.6618195962770863,1.6666084085957389,87440000
1993-01-07,1.67139732837677,1.7216827664047871,1.6666079328178809,1.704920758859671,58748800
1993-01-08,1.669002652168274,1.6905540593252624,1.6522412260783153,1.671397642701789,43977600
1993-01-11,1.7073153257369995,1.7097103160465208,1.6522410715509634,1.6713974863828158,58348800
1993-01-12,1.71928870677948,1.7480233320910525,1.7001322899050983,1.7049211018199695,85129600
1993-01-13,1.7480233907699585,1.7671798082873966,1.6905541382176443,1.7144993678107079,83696000
1993-01-14,1.7480233907699585,1.8007032466391792,1.733655785328146,1.7671798082873966,121264000
1993-01-15,1.71928870677948,1.743233935568733,1.6666082680712062,1.6761864765083971,181958400
1993-01-18,1.7097110748291016,1.7192892864959097,1.690554651495485,1.7144998883586828,50611200
1993-01-19,1.6929484605789185,1.7097104712300562,1.6905540546594529,1.7049210747836856,52960000
1993-01-20,1.6929484605789185,1.7049210747836856,1.6809758463741513,1.695342866498384,47968000
1993-01-21,1.7144999504089355,1.7240781624223933,1.6618200766387514,1.680976500665667,73363200
1993-01-22,1.712105393409729,1.728867409115206,1.700132775594795,1.7192891979417357,49088000
1993-01-25,1.6953426599502563,1.7288666771682109,1.6809756415763957,1.7097102629314849,49609600
1993-01-26,1.6857647895812988,1.7240776257081465,1.676186580549587,1.6953429986130109,42345600
1993-01-27,1.6522417068481445,1.6809763401445676,1.6378740978961273,1.6761869422913585,64192000
1993-01-28,1.6666079759597778,1.6690023814975385,1.623506337850698,1.6522409581258666,77030400
1993-01-29,1.6570309400558472,1.6857655806348504,1.6426639120702253,1.6761873671085161,39424000
1993-02-01,1.6761863231658936,1.6857645307268416,1.6378734929221017,1.6522410965672212,42854400
1993-02-02,1.7049212455749512,1.7144994548197543,1.6713978055218894,1.6737922116812156,70371200
1993-02-03,1.6929484605789185,1.7288668878006592,1.6857646582130825,1.7144992830689874,71728000
1993-02-04,1.6282951831817627,1.6809756137648517,1.6187169762218698,1.6809756137648517,124214400
1993-02-05,1.7049212455749512,1.7144994548197543,1.5756157130738584,1.6235067592978738,177216000
1993-02-08,1.6426628828048706,1.7049209394122973,1.6282952792139918,1.6953427318875092,92665600
1993-02-09,1.6067445278167725,1.6713975775527594,1.5995607257111255,1.6618193696143695,64550400
1993-02-10,1.6378734111785889,1.6522410141066455,1.6091387899298417,1.6187169970127575,39193600
1993-02-11,1.6330856084823608,1.6570308486737833,1.6235073954842465,1.6522420344785895,31635200
1993-02-12,1.6019549369812012,1.6330845474557392,1.5947717203553975,1.6330845474557392,34752000
1993-02-16,1.534907579421997,1.6043500210626211,1.5277243623756276,1.587588012072996,91180800
1993-02-17,1.5373023748397827,1.5564587870832236,1.4798331381094603,1.5516693917187099,121913600
1993-02-18,1.5636425018310547,1.5851939109326876,1.5133570498088982,1.5564592834046707,138553600
1993-02-19,1.5277247428894043,1.570826394332571,1.5229353457248709,1.5684319880540678,97094400
1993-02-22,1.4702547788619995,1.5516692301137263,1.4702547788619995,1.5277240096069524,76256000
1993-02-23,1.5229358673095703,1.5420922933134642,1.4702559881027255,1.4942012283037294,105974400
1993-02-24,1.6067445278167725,1.6091389336495154,1.5085680426001298,1.5133568542656157,77548800
1993-02-25,1.6163229942321777,1.6282956099179318,1.5804045625674044,1.5804045625674044,60806400
1993-02-26,1.5971667766571045,1.6282958152077085,1.5899829724969388,1.6139287914949625,29833600
1993-03-01,1.5612481832504272,1.6043504192635583,1.5564593706975942,1.6043504192635583,26432000
1993-03-02,1.6211116313934326,1.623506621957653,1.556459162915898,1.5660373713504343,38380800
1993-03-03,1.6235069036483765,1.637873926489244,1.5995610861035308,1.6235069036483765,42352000
1993-03-04,1.6043503284454346,1.6235067467874247,1.566037491761454,1.6235067467874247,56659200
1993-03-05,1.585193157196045,1.6282947856901167,1.5804037625815837,1.5995601718249968,35724800
1993-03-08,1.6019549369812012,1.6187169449894374,1.5708259111140104,1.5827985234310302,48022400
1993-03-09,1.6139287948608398,1.6282958186035486,1.604350584163172,1.6091393972082126,41312000
1993-03-10,1.6282951831817627,1.642662785925281,1.5995605623020845,1.6187169762218698,26592000
1993-03-11,1.6570309400558472,1.6809767661755628,1.6282962994768442,1.6330856985438909,57779200
1993-03-12,1.7049212455749512,1.7097106425011017,1.633084968542677,1.6474519901061326,73580800
1993-03-15,1.6785808801651,1.7097104959988891,1.6666082657868837,1.7097104959988891,35347200
1993-03-16,1.6809754371643066,1.7001318490715507,1.6666078359302252,1.6905536431179287,36336000
1993-03-17,1.6354786157608032,1.6761858400092207,1.6330842107125967,1.6618188251127548,39644800
1993-03-18,1.6330856084823608,1.6618202474767039,1.6282962096794402,1.6426638214804752,34406400
1993-03-19,1.6139287948608398,1.6426634269538436,1.6091393972082126,1.6426634269538436,45404800
1993-03-22,1.5971667766571045,1.6091393938523235,1.5804047618192465,1.5947723701395777,34083200
1993-03-23,1.5923775434494019,1.628295983351719,1.5899831366846198,1.5995613483513944,34409600
1993-03-24,1.6522417068481445,1.6618199179469522,1.5899830424020884,1.5947724402552979,50576000
1993-03-25,1.6737912893295288,1.6905532924230167,1.654634881396164,1.6570292862360407,43833600
1993-03-26,1.6594246625900269,1.6905542821620358,1.6474520467740716,1.685764885071143,28380800
1993-03-29,1.6666079759597778,1.6953425962349462,1.661819164884256,1.661819164884256,48262400
1993-03-30,1.7432342767715454,1.7480236742312927,1.6713979917358401,1.6953432252118874,140777600
1993-03-31,1.7719693183898926,1.8054933545551723,1.7384458668323115,1.7480240793641486,179660800
1993-04-01,1.781546950340271,1.8150709755805354,1.7719687409298395,1.7719687409298395,100412800
1993-04-02,1.71928870677948,1.7623903524431146,1.7192887067794802,1.7576015405282435,73251200
1993-04-05,1.7528125047683716,1.7671801126850113,1.685765031908379,1.700132639825019,61187200
1993-04-06,1.71928870677948,1.7815467693174962,1.7097104983422893,1.7576015405282435,55699200
1993-04-07,1.728867530822754,1.7336563444428006,1.7097111071272533,1.7240781325950503,39417600
1993-04-08,1.7049212455749512,1.728867060990708,1.6905542240114955,1.7240776640645574,40185600
1993-04-12,1.7264717817306519,1.748023187385845,1.6953427530385734,1.7001321491644164,48976000
1993-04-13,1.7025271654129028,1.7671802363468685,1.7001327587950992,1.7288673920315718,53337600
1993-04-14,1.7049212455749512,1.728867060990708,1.6809760147666923,1.7049212455749512,38592000
1993-04-15,1.669002652168274,1.7216830901865467,1.6474518296187264,1.6857646628656735,109152000
1993-04-16,1.6666079759597778,1.680975578401035,1.6378733556846092,1.6713973716426456,49600000
1993-04-19,1.6666079759597778,1.6713973716426456,1.6282951489262196,1.6666079759597776,45673600
1993-04-20,1.6618194580078125,1.676186478375881,1.6282954361365702,1.6618194580078123,46009600
1993-04-21,1.6259006261825562,1.661819045089111,1.6139280147494723,1.661819045089111,92528000
1993-04-22,1.594772219657898,1.6282956615627784,1.5875884161755913,1.6187174517888796,79872000
1993-04-23,1.5588537454605103,1.5947721773107446,1.546881129712937,1.5899827802472064,89296000
1993-04-26,1.5396966934204102,1.5804039209910894,1.5277240825950236,1.5612475098275609,65376000
1993-04-27,1.5804044008255005,1.5851937973741521,1.5373027549248945,1.5420915668660944,58208000
1993-04-28,1.6474515199661255,1.6474515199661255,1.5851934699454897,1.5899822808975397,55372800
1993-04-29,1.6378734111785889,1.6426628070237297,1.6091387899298417,1.6426628070237297,49660800
1993-04-30,1.6378734111785889,1.6618192211895613,1.6282952040956733,1.6282952040956733,46825600
1993-05-03,1.6498465538024902,1.6666085677333053,1.6282957270957583,1.637873937255145,38096000
1993-05-04,1.6857647895812988,1.6953429986130109,1.6570301624861632,1.6618195593057614,49664000
1993-05-05,1.7097110748291016,1.724078100025491,1.6761870416914497,1.6857652533582579,51868800
1993-05-06,1.67139732837677,1.7192883609290082,1.6618191218663225,1.704920758859671,47244800
1993-05-07,1.6666079759597778,1.680975578401035,1.6570297692013882,1.6713973716426456,31798400
1993-05-10,1.7073153257369995,1.7240773348667169,1.6857645052030121,1.6953427126189382,69091200
1993-05-11,1.6809754371643066,1.7001318490715507,1.6713972312106848,1.6905536431179287,38220800
1993-05-12,1.6522417068481445,1.685765153390166,1.6426634957493367,1.6761869422913585,48272000
1993-05-13,1.6426628828048706,1.6474516942635682,1.6187170716892036,1.6426628828048704,43708800
1993-05-14,1.6378734111785889,1.6618192211895613,1.6235063928578983,1.6474516182615047,49116800
1993-05-17,1.6570309400558472,1.6594253472854912,1.6330856985438909,1.6426639120702253,27763200
1993-05-18,1.6953426599502563,1.7001320558131217,1.6570298314768042,1.6618192273396697,84185600
1993-05-19,1.7719693183898926,1.78154753092173,1.714500043198869,1.7384458668323115,181017600
1993-05-20,1.803098440170288,1.82464985774547,1.7623911813189286,1.7671805800937657,150256000
1993-05-21,1.7719693183898926,1.8054933545551723,1.7623911058580553,1.7911257434535672,75500800
1993-05-24,1.764784336090088,1.8007027552861876,1.7623899307056303,1.7671793260818542,64252800
1993-05-25,1.7480233907699585,1.762390411604303,1.724077576569427,1.7576015995286776,36716800
1993-05-26,1.8246489763259888,1.8246489763259885,1.7480233098053684,1.7528121216591865,87484800
1993-05-27,1.803098440170288,1.8294386719125835,1.78154760720283,1.8198604589706329,95052800
1993-05-28,1.7743618488311768,1.7959132426911382,1.7576004330828694,1.7911238491865644,35136000
1993-06-01,1.843805193901062,1.8773286270809615,1.7767577429338848,1.7815465542707085,173088000
1993-06-02,1.8342278003692627,1.8677512484217313,1.8246495888388947,1.8342278003692627,70710400
1993-06-03,1.8126763105392456,1.8390165373035698,1.8102819039082017,1.8342277240414817,23936000
1993-06-04,1.8007031679153442,1.8102813762553194,1.7911249595753689,1.8007031679153442,32652800
1993-06-07,1.7863363027572632,1.834227348613926,1.7815469058678504,1.8054927210999283,52761600
1993-06-08,1.767180323600769,1.786336746704259,1.738445688945534,1.7815473486245672,48131200
1993-06-09,1.7432342767715454,1.7815471180192715,1.738445463919361,1.7767583051670872,62480000
1993-06-10,1.745629072189331,1.7719693025686256,1.7145000278907243,1.7480240637566802,56544000
1993-06-11,1.712105393409729,1.771969067092015,1.7049215888777225,1.7576020426356171,67542400
1993-06-14,1.767180323600769,1.767180323600769,1.728867477393789,1.7432345024175873,40489600
1993-06-15,1.7719693183898926,1.78154753092173,1.7528128933262181,1.78154753092173,42345600
1993-06-16,1.7480233907699585,1.7863362258048348,1.7097105557350825,1.7767580170461157,66966400
1993-06-17,1.7408397197723389,1.7576017325202875,1.733655916507859,1.7528123354747969,28083200
1993-06-18,1.6761863231658936,1.7480231721767008,1.6666081156049457,1.7336555685315813,75910400
1993-06-21,1.6977381706237793,1.7097113757705336,1.6666091233792646,1.7001331624177791,68102400
1993-06-22,1.6857647895812988,1.7192888134960331,1.6713977683374734,1.709710604464321,41062400
1993-06-23,1.6977381706237793,1.7097113757705336,1.6809767357122705,1.6857655500847732,33129600
1993-06-24,1.6953426599502563,1.7144990741869823,1.6713974344580327,1.6905538486947587,35782400
1993-06-25,1.6953426599502563,1.7097102629314849,1.6618192273396697,1.6953426599502561,45484800
1993-06-28,1.728867530822754,1.7288675308227537,1.6953434970517995,1.700132895279503,52224000
1993-06-29,1.7049212455749512,1.7576016887251171,1.695343036330148,1.728867060990708,42361600
1993-06-30,1.6857647895812988,1.728867022527745,1.6713977683374734,1.709710604464321,56422400
1993-07-01,1.669002652168274,1.6953428711774103,1.6570300379304632,1.6905540593252624,57907200
1993-07-02,1.67139732837677,1.6761861393283284,1.6570297263074332,1.67139732837677,25404800
1993-07-06,1.6474515199661255,1.6809755350597995,1.6330845025026446,1.6618191220369374,47721600
1993-07-07,1.5971667766571045,1.6139287914949625,1.556459527428808,1.5732209576590808,182569600
1993-07-08,1.6259006261825562,1.6378732376156397,1.6091386194118567,1.6091386194118567,70105600
1993-07-09,1.6211116313934326,1.628295433871197,1.5995608085675876,1.628295433871197,50000000
1993-07-12,1.6043503284454346,1.6235067467874247,1.5995609315561903,1.6235067467874247,26540800
1993-07-13,1.585193157196045,1.6091383764467033,1.5804037625815837,1.6091383764467033,36476800
1993-07-14,1.6139287948608398,1.6378740293012164,1.5804047651152089,1.5899829758128767,43491200
1993-07-15,1.5995607376098633,1.6139283419280344,1.5851937178991147,1.6139283419280344,34432000
1993-07-16,1.5540642738342285,1.594772100794872,1.5468810554948382,1.594772100794872,86217600
1993-07-19,1.5085679292678833,1.5373025509243443,1.4942003261359658,1.5229349477924268,122435200
1993-07-20,1.5420913696289062,1.5420913696289062,1.4942003333050273,1.5181461437706554,74822400
1993-07-21,1.5133577585220337,1.5133577585220337,1.4702560893490242,1.5037795448605018,178963200
1993-07-22,1.4870164394378662,1.5660370829247086,1.470255016220058,1.5468806695837785,147584000
1993-07-23,1.4870164394378662,1.4989896362314532,1.470255016220058,1.4750438272516202,92790400
1993-07-26,1.4989898204803467,1.5181462361758946,1.4894116126325725,1.4989898204803467,65801600
1993-07-27,1.446310043334961,1.5085687149876563,1.4463100433349612,1.5037793165800588,112220800
1993-07-28,1.4989898204803467,1.5229350477960755,1.4319423655459282,1.455887592861657,113459200
1993-07-29,1.5133577585220337,1.546881798641279,1.4846231175374383,1.49420133119897,96534400
1993-07-30,1.4175752401351929,1.422364637979995,1.3792623958072148,1.3984188179712038,287936000
1993-08-02,1.393629550933838,1.4510987987124,1.3840513429707442,1.4319423827862126,148208000
1993-08-03,1.398418664932251,1.4032080622529153,1.3792622448646858,1.398418664932251,85136000
1993-08-04,1.398418664932251,1.4127862722866977,1.3744734321515677,1.4032080622529153,94416000
1993-08-05,1.4319419860839844,1.4367307964351392,1.4032073701552814,1.4079961805064365,67910400
1993-08-06,1.403207778930664,1.453493225302981,1.3936295708308215,1.4319424032301922,71760000
1993-08-09,1.398418664932251,1.417575084999816,1.3840516421853502,1.4032080622529153,70876800
1993-08-10,1.360105276107788,1.4032074961754224,1.3481326645473992,1.3984181007868808,192028800
1993-08-11,1.3864457607269287,1.3984183746318521,1.3624999483096574,1.3648949387765819,95974400
1993-08-12,1.4175752401351929,1.4271534512171873,1.384051793652017,1.3888406068892092,77366400
1993-08-13,1.4415203332901,1.4510985395425016,1.3984181128506352,1.4175745253554384,61900800
1993-08-16,1.4894115924835205,1.4989898002017186,1.4463093654479262,1.4510987616107276,78451200
1993-08-17,1.479833960533142,1.5037791968414511,1.4558881396172012,1.4942009853966012,54272000
1993-08-18,1.479833960533142,1.5181468063125423,1.4654663510620511,1.4894121719779922,66012800
1993-08-19,1.4223642349243164,1.4918060994391174,1.4127860265565009,1.4798334851312092,114742400
1993-08-20,1.4606772661209106,1.4702554757852855,1.403208008134662,1.4079968206630877,73683200
1993-08-23,1.4750440120697021,1.4989898240498654,1.4463093884579548,1.4463093884579548,59472000
1993-08-24,1.453493595123291,1.4750444226793749,1.4510991886409654,1.4654662121424957,39417600
1993-08-25,1.4223642349243164,1.4558876719079483,1.396024015760963,1.4367312551723175,68800000
1993-08-26,1.3816561698913574,1.4127857801121355,1.369683557671935,1.407996384459961,136256000
1993-08-27,1.3768682479858398,1.3888408679368134,1.3648956280348663,1.384052053799512,67763200
1993-08-30,1.3912347555160522,1.4032079556039325,1.3744733276865226,1.3888403493414767,54012800
1993-08-31,1.4391260147094727,1.446309818902275,1.4079969760174464,1.412786373681844,93020800
1993-09-01,1.4702547788619995,1.4798329839861584,1.4367307686238207,1.4415201634895232,86035200
1993-09-02,1.467860221862793,1.5037786478192476,1.4582820139148998,1.4798334202532237,55497600
1993-09-03,1.4510995149612427,1.4702559403428583,1.441521302270435,1.4654665416936004,26800000
1993-09-07,1.4319419860839844,1.4606766020126871,1.4223637807744167,1.4510983967031195,38659200
1993-09-08,1.42715322971344,1.4319426268148956,1.4032079980287189,1.4175750201180477,54777600
1993-09-09,1.4606772661209106,1.4654660786493363,1.4271532399918372,1.436731449656212,29856000
1993-09-10,1.4942009449005127,1.4989903427969506,1.4606774980559118,1.4750445225299933,56540800
1993-09-13,1.4630722999572754,1.5037795623400139,1.4606778926660025,1.5037795623400139,33481600
1993-09-14,1.4415203332901,1.4606767457949033,1.4223639207852967,1.455887350365045,57756800
1993-09-15,1.465466022491455,1.4702554194438704,1.4247587791296787,1.4510990008492108,60428800
1993-09-16,1.455887794494629,1.4798336097341427,1.4510989822112224,1.4702554005598358,25641600
1993-09-17,1.455887794494629,1.4654660036689358,1.4415207730369155,1.4463095853203223,25286400
1993-09-20,1.4487042427062988,1.489412077212556,1.436731625313915,1.4606774447062778,34691200
1993-09-21,1.455887794494629,1.4822280158758459,1.4319425638626089,1.4463095853203223,57846400
1993-09-22,1.479833960533142,1.4942009853966012,1.4415211147537421,1.4558881396172012,72051200
1993-09-23,1.5085679292678833,1.5181461364867037,1.470255100392602,1.4798333076114225,72214400
1993-09-24,1.5325134992599487,1.5468811056192635,1.5037788711488247,1.5037788711488247,91481600
1993-09-27,1.575615406036377,1.580404217421842,1.5564589912797486,1.5660371986580628,73472000
1993-09-28,1.6091394424438477,1.613928840231113,1.5756159963634024,1.5756159963634024,84012800
1993-09-29,1.5899826288223267,1.6091390460370536,1.5468809823929208,1.6043502340371014,87529600
1993-09-30,1.5804044008255005,1.5947720058640036,1.5756155888843006,1.5851937973741521,38400000
1993-10-01,1.5708264112472534,1.5947722281127161,1.5708264112472534,1.5804046210719318,46048000
1993-10-04,1.5827991962432861,1.6091394222232442,1.5804047896835434,1.5804047896835434,40505600
1993-10-05,1.594772219657898,1.623506848979594,1.580404612693285,1.5851940098839992,86931200
1993-10-06,1.6259006261825562,1.6378732376156397,1.5899822072760013,1.594771602613617,77321600
1993-10-07,1.6115331649780273,1.6426627758625008,1.6043499482576302,1.628295173206997,41596800
1993-10-08,1.6187175512313843,1.6235069487163254,1.575615896904746,1.6139287383540095,38086400
1993-10-11,1.6091394424438477,1.6235070511980407,1.5756159963634024,1.6187176534107754,36457600
1993-10-12,1.6139287948608398,1.6330852162561758,1.575615952070168,1.6139287948608398,79296000
1993-10-13,1.594772219657898,1.6139286392056953,1.556459380562303,1.6043504294317967,62409600
1993-10-14,1.5732202529907227,1.6091386730955797,1.570825847545685,1.6043498622055046,63257600
1993-10-15,1.546881079673767,1.5899827288137658,1.5373028704640455,1.5756157073029313,126425600
1993-10-18,1.5899826288223267,1.594772025429738,1.5468809823929208,1.5516697943928732,67750400
1993-10-19,1.5373023748397827,1.6091386284490325,1.5229347733535485,1.5708258039621508,91392000
1993-10-20,1.5516704320907593,1.5660380432102639,1.5181469804914134,1.542092219546989,81590400
1993-10-21,1.5229358673095703,1.5325140803115174,1.4942012283037294,1.5085688401105133,127142400
1993-10-22,1.5396966934204102,1.5468804937585519,1.5181458770132594,1.5181458770132594,47625600
1993-10-25,1.5420913696289062,1.5564589728297586,1.5133567478345789,1.5420913696289062,48553600
1993-10-26,1.5229358673095703,1.5468816921183013,1.5181470531124603,1.5420922933134642,66944000
1993-10-27,1.5301196575164795,1.5420922774941621,1.5229358516867813,1.5229358516867813,45564800
1993-10-28,1.5133577585220337,1.5420923995066294,1.5085689439951515,1.5277253713182153,56009600
1993-10-29,1.534907579421997,1.5373025697115017,1.5181461550397533,1.5229349664039997,39843200
1993-11-01,1.5492753982543945,1.5612480129379425,1.5277245749025155,1.5373027835708464,30163200
1993-11-02,1.5373023748397827,1.5612475978404303,1.5229347733535485,1.5564587870832236,42422400
1993-11-03,1.5037788152694702,1.542091651327291,1.4894117940515292,1.532513442312836,56796800
1993-11-04,1.465466022491455,1.5133570689781037,1.4654660224914549,1.5085682566331895,63177600
1993-11-05,1.5085679292678833,1.5133567405736064,1.4558874972606846,1.460676893173782,56432000
1993-11-08,1.5037788152694702,1.5229352332983805,1.4894117940515292,1.5133570242839254,28819200
1993-11-09,1.4989898204803467,1.5325132556438494,1.4942004242527533,1.5133568399483013,36320000
1993-11-10,1.5588537454605103,1.5636425579165338,1.5133571040907146,1.5325135231298375,57177600
1993-11-11,1.5636425018310547,1.580404514040938,1.5516698865129208,1.5564592834046707,31158400
1993-11-12,1.5684322118759155,1.5804048295845017,1.5660378052557204,1.5660378052557204,34339200
1993-11-15,1.5420913696289062,1.5708259914232339,1.5420913696289062,1.5708259914232339,29244800
1993-11-16,1.575615406036377,1.5851936134146911,1.5420913879085854,1.5516695952868995,47664000
1993-11-17,1.546881079673767,1.5899827288137658,1.5468810796737669,1.585193916512653,72217600
1993-11-18,1.5373023748397827,1.5612475978404303,1.532512979475269,1.5468805809615032,48438400
1993-11-19,1.534907579421997,1.5373025697115017,1.5229349664039997,1.5277243623756276,38403200
1993-11-22,1.4750440120697021,1.5277244476616127,1.4654658041991195,1.5277244476616127,80355200
1993-11-23,1.4822279214859009,1.503778744603837,1.4798335154966762,1.4894117240610318,98256000
1993-11-24,1.5085679292678833,1.527724343705524,1.4846221189171456,1.4846221189171456,32467200
1993-11-26,1.5133577585220337,1.5181471576566834,1.5085689439951515,1.5133577585220337,6403200
1993-11-29,1.5229358673095703,1.5325140803115174,1.5133576543076233,1.5133576543076233,32105600
1993-11-30,1.5325134992599487,1.5420917086303234,1.49899005876739,1.5037788711488247,44153600
1993-12-01,1.5612481832504272,1.5756157901239798,1.5420917638240417,1.5420917638240417,58886400
1993-12-02,1.5875884294509888,1.5899828357626027,1.5660376034313914,1.5708264160546197,51936000
1993-12-03,1.6426628828048706,1.6570299017883563,1.5995606566396272,1.6043500527057177,114502400
1993-12-06,1.6259006261825562,1.6378732376156397,1.6091386194118567,1.628295031547712,59337600
1993-12-07,1.6378734111785889,1.6474516182615047,1.6282952040956733,1.6282952040956733,32780800
1993-12-08,1.5995607376098633,1.6043501339183943,1.5756155098894746,1.5899825296002232,105900800
1993-12-09,1.5540642738342285,1.5995609130211321,1.5420916586610915,1.5995609130211321,61465600
1993-12-10,1.5684322118759155,1.5756160163441113,1.5468813830789387,1.5564595941673296,19916800
1993-12-13,1.5588537454605103,1.5708263612080835,1.546881129712937,1.561248151688522,20112000
1993-12-14,1.5325134992599487,1.5612481273710728,1.5181464775081395,1.551669918000698,47414400
1993-12-15,1.5277247428894043,1.551669974889491,1.5277247428894043,1.5325135554464109,35219200
1993-12-16,1.5325134992599487,1.551669918000698,1.5277246868785141,1.5325134992599487,29113600
1993-12-17,1.5420913696289062,1.5420913696289062,1.527724351035431,1.5420913696289062,26112000
1993-12-20,1.5708264112472534,1.5708264112472534,1.5420917817732183,1.5516699915978966,35462400
1993-12-21,1.5804044008255005,1.5804044008255005,1.5612479838457975,1.570826192335649,31008000
1993-12-22,1.5540642738342285,1.5804044949011187,1.5516698677210983,1.5756156826748586,24169600
1993-12-23,1.5492753982543945,1.5756156182441703,1.5468809922391773,1.5516698042696115,31820800
1993-12-27,1.5420913696289062,1.5564589728297586,1.527724351035431,1.5468807655649828,24537600
1993-12-28,1.585193157196045,1.5899819672032902,1.5420909440947574,1.5420909440947574,27776000
1993-12-29,1.5612481832504272,1.5995610221031986,1.5420917638240417,1.5851939998371727,48988800
1993-12-30,1.5564593076705933,1.575615726321262,1.5468810983452588,1.5660375169959275,25328000
1993-12-31,1.5444856882095337,1.5612476961296327,1.5373024716215005,1.5516694894049108,22995200
1994-01-03,1.534907579421997,1.546880777047376,1.5181461550397533,1.5420913810757482,36646400
1994-01-04,1.5420913696289062,1.5468807655649828,1.5181461437706554,1.537302558300207,45302400
1994-01-05,1.575615406036377,1.580404217421842,1.532513180530271,1.53730257652312,53974400
1994-01-06,1.6211116313934326,1.623506621957653,1.5804043916985149,1.5827987976552869,82006400
1994-01-07,1.6330856084823608,1.6426638214804752,1.5947727564899035,1.6139291824861322,70832000
1994-01-10,1.6426628828048706,1.6570299017883563,1.6282952792139918,1.6282952792139918,74185600
1994-01-11,1.6330856084823608,1.647452635675669,1.616323589583729,1.6282962096794402,35360000
1994-01-12,1.6378734111785889,1.6426628070237297,1.6043499786920667,1.6282952040956733,39488000
1994-01-13,1.6354786157608032,1.6378730208090098,1.6091384064088516,1.6235060059125441,40755200
1994-01-14,1.6402677297592163,1.6474515308420474,1.6235063067090572,1.6378733242673842,45216000
1994-01-17,1.6235069036483765,1.6474521365856722,1.6187175062963872,1.6330851137448048,30755200
1994-01-18,1.6211116313934326,1.6378736423057334,1.609139017002124,1.6330848303921894,43686400
1994-01-19,1.594772219657898,1.6139286392056953,1.580404612693285,1.6043504294317967,76563200
1994-01-20,1.6522417068481445,1.6546361134709435,1.5947724402552979,1.5947724402552979,145004800
1994-01-21,1.6522417068481445,1.6666087311925506,1.6282958867973196,1.6522417068481445,99078400
1994-01-24,1.6330856084823608,1.6666090616718976,1.6282962096794402,1.647452635675669,38374400
1994-01-25,1.6306895017623901,1.6354788972904712,1.6091386834043422,1.6330844918300942,70361600
1994-01-26,1.6139287948608398,1.6282958186035486,1.6091393972082126,1.6282958186035486,50489600
1994-01-27,1.6139287948608398,1.6235070055585077,1.594772373465504,1.6091393972082126,51129600
1994-01-28,1.6259006261825562,1.6378732376156397,1.6139280147494723,1.6187168254797843,41875200
1994-01-31,1.6306895017623901,1.6450571037393067,1.623506285381259,1.6330844918300942,62566400
1994-02-01,1.6306895017623901,1.6426626982789296,1.6187168898531776,1.628295096302013,44003200
1994-02-02,1.6091394424438477,1.6378740753446306,1.6091394424438477,1.6235070511980407,40924800
1994-02-03,1.6187175512313843,1.6187175512313845,1.5995611305067527,1.6139287383540095,31792000
1994-02-04,1.5564593076705933,1.6187173759815154,1.5564593076705933,1.6091391666561812,78217600
1994-02-07,1.546881079673767,1.5564592888834885,1.5229352643457155,1.527724661254324,118851200
1994-02-08,1.5085679292678833,1.5420913622300672,1.4942003261359658,1.5420913622300672,149875200
1994-02-09,1.5253297090530396,1.5373029093234678,1.4942006744864496,1.5037788839382857,98585600
1994-02-10,1.5205403566360474,1.5468805694261825,1.5133565559465008,1.5277241573255937,66620800
1994-02-11,1.5085679292678833,1.5229349477924268,1.4942003261359658,1.5181461364867037,53747200
1994-02-14,1.515750765800476,1.5229345655634312,1.5085675506447485,1.513356360748567,55270400
1994-02-15,1.5277247428894043,1.5373029526109443,1.5181465331678643,1.5277247428894043,28876800
1994-02-16,1.5085679292678833,1.5373025509243443,1.5085679292678833,1.5373025509243443,43731200
1994-02-17,1.5061737298965454,1.5229357474830274,1.4942011107380646,1.5133575352347064,85017600
1994-02-18,1.5325134992599487,1.5468811056192635,1.5037788711488247,1.5037788711488247,79465600
1994-02-22,1.5229358673095703,1.5373034791163542,1.5037794413056762,1.5325140803115174,63235200
1994-02-23,1.5516704320907593,1.5708268571782995,1.4989905554038732,1.5277251930351834,139462400
1994-02-24,1.5301196575164795,1.5468816762498678,1.5181470375387967,1.5325140645904716,82553600
1994-02-25,1.5516704320907593,1.5564598306664938,1.5277251930351834,1.5373034055789536,52995200
1994-02-28,1.5804044008255005,1.589982609315352,1.5516697753559459,1.5564591719045977,55494400
1994-03-01,1.594772219657898,1.594772219657898,1.5756158001101006,1.5899828224671835,48070400
1994-03-02,1.585193157196045,1.5899819672032902,1.551669148716464,1.5660367479526318,68499200
1994-03-03,1.5516704320907593,1.5947726808415743,1.542092219546989,1.5899832822658397,31564800
1994-03-04,1.5516704320907593,1.5612486446345293,1.542092219546989,1.5516704320907593,25705600
1994-03-07,1.5564593076705933,1.575615726321262,1.5468810983452588,1.5564593076705933,30540800
1994-03-08,1.5516704320907593,1.5564598306664938,1.5277251930351834,1.5564598306664938,24723200
1994-03-09,1.5492753982543945,1.5660374095758391,1.5325133869329497,1.5564592009075082,37024000
1994-03-10,1.5492753982543945,1.5756156182441703,1.5420915956012806,1.5612480129379425,46588800
1994-03-11,1.5660383701324463,1.5756165846757402,1.5468819410458587,1.5516707560135952,34857600
1994-03-14,1.6067445278167725,1.6139283299224196,1.5756154981688597,1.5804043098343457,69203200
1994-03-15,1.6259006261825562,1.633084426885328,1.599560413343929,1.6091386194118567,62934400
1994-03-16,1.6235069036483765,1.6330851137448048,1.6187175062963872,1.6282957163928156,41286400
1994-03-17,1.6187175512313843,1.6330851590786413,1.6187175512313845,1.6235069487163254,30992000
1994-03-18,1.6235069036483765,1.6282957163928156,1.5995610861035308,1.6187175062963872,36857600
1994-03-21,1.594772219657898,1.6354794650450848,1.5899828224671835,1.6282956615627784,65078400
1994-03-22,1.6235069036483765,1.6426633238412331,1.5756158531662348,1.5756158531662348,89024000
1994-03-23,1.6522417068481445,1.6761869422913585,1.6282958867973196,1.6330852846505288,116441600
1994-03-24,1.67139732837677,1.67139732837677,1.6282951067760905,1.6426627088454273,60166400
1994-03-25,1.6761863231658936,1.709710341932909,1.6666081156049457,1.6666081156049457,102051200
1994-03-28,1.6546363830566406,1.6857654280476393,1.6043509127469189,1.6761872153882778,118403200
1994-03-29,1.5804044008255005,1.6570300687443127,1.5804044008255005,1.6570300687443127,78339200
1994-03-30,1.6019549369812012,1.6282951517645228,1.5804041178890957,1.585193513580312,86860800
1994-03-31,1.6235069036483765,1.6426633238412331,1.580404665910674,1.5995610861035308,72297600
1994-04-04,1.6187175512313843,1.6426633694409571,1.570826499419805,1.5804047097821208,73996800
1994-04-05,1.6809754371643066,1.6809754371643069,1.6282950121157374,1.6330844073961968,101878400
1994-04-06,1.7049212455749512,1.7097106425011017,1.6713978055218894,1.676186617840542,80780800
1994-04-07,1.71928870677948,1.7264719246517868,1.7001322899050983,1.7097104983422893,76630400
1994-04-08,1.6666079759597778,1.7240772165101148,1.661819164884256,1.7192884054345932,118710400
1994-04-11,1.6666079759597778,1.6713973716426456,1.6474515624429986,1.6666079759597776,40400000
1994-04-12,1.6235069036483765,1.6618197440340896,1.609139296199959,1.6618197440340896,84969600
1994-04-13,1.6259006261825562,1.6378732376156397,1.5899822072760013,1.6235062208174003,69644800
1994-04-14,1.6115331649780273,1.6330845689612832,1.6043499482576302,1.6187169663057792,53088000
1994-04-15,1.6259006261825562,1.633084426885328,1.599560413343929,1.599560413343929,35241600
1994-04-18,1.5899826288223267,1.642663068466555,1.5756156082150112,1.6235066512518281,78006400
1994-04-19,1.6881592273712158,1.7144994488546557,1.6426631720723146,1.666608402797263,291273600
1994-04-20,1.7144999504089355,1.7168943572603834,1.666608890341647,1.6953435263820202,104732800
1994-04-21,1.7528125047683716,1.757601902276441,1.7097108502335894,1.71449966313409,141980800
1994-04-22,1.7576006650924683,1.7767570724253172,1.7384442577596193,1.7623894746221018,66060800
1994-04-25,1.795914888381958,1.8054930995610414,1.7528126457722744,1.7623908569513578,142745600
1994-04-26,1.8186631202697754,1.8246496488249742,1.8007038269080073,1.8102820387532628,113193600
1994-04-28,1.764784336090088,1.82464856295269,1.757601119936715,1.82464856295269,141382400
1994-04-29,1.7719693183898926,1.7911257434535672,1.7480240793641486,1.7623911058580553,56803200
1994-05-02,1.8294373750686646,1.8306345046858612,1.7623899320033207,1.7767575335352632,79260800
1994-05-03,1.791124701499939,1.8294375293395098,1.7863358903236717,1.8246487181632427,41929600
1994-05-04,1.8222538232803345,1.8246488136010957,1.776757776296702,1.7959141912184595,68889600
1994-05-05,1.8078866004943848,1.843805020573551,1.800702799557087,1.8246486078123054,56374400
1994-05-06,1.7719693183898926,1.8054933545551723,1.7408402738133462,1.7863369294914977,96403200
1994-05-09,1.767180323600769,1.7935199669123387,1.7552071207053588,1.757602112049024,47600000
1994-05-10,1.8007031679153442,1.8102813762553194,1.7767579393691273,1.7815467512353937,65305600
1994-05-11,1.791124701499939,1.8054923042434572,1.776757683363779,1.8007029084598316,57433600
1994-05-12,1.8102812767028809,1.825546399253384,1.7863360494734792,1.7911248610763955,58998400
1994-05-13,1.8485946655273438,1.8677510869317722,1.8102818227184867,1.8677510869317722,179920000
1994-05-16,1.8198596239089966,1.8533836461268371,1.8150708119392793,1.8438054375799477,56633600
1994-05-17,1.8126763105392456,1.8246495129096922,1.7911254816446227,1.819860115039991,122464000
1994-05-18,1.8593696355819702,1.8677507144267782,1.8150708583748862,1.8246490671668185,96953600
1994-05-19,1.8845131397247314,1.8964857571914646,1.858172913611839,1.8629623113630915,89651200
1994-05-20,1.872540831565857,1.9012754689969873,1.8629626190888133,1.877329645500531,78140800
1994-05-23,1.9371923208236694,1.9539543301013869,1.858172255096417,1.877328670097411,74947200
1994-05-24,1.9587445259094238,1.9874791601432469,1.9252204936661483,1.963533339311246,85144000
1994-05-25,2.0114238262176514,2.021002034913926,1.9252199479511807,1.9539545740400042,86003200
1994-05-26,1.99226713180542,2.0210017538987675,1.9635325097120724,2.0210017538987675,64296000
1994-05-27,2.006634473800659,2.021001490672402,1.9635322539708169,1.9826886662046785,47544000
1994-05-31,2.0593149662017822,2.0599138965770987,1.987478689917094,2.001845711331035,76000000
1994-06-01,2.0305802822113037,2.049736699968014,2.006635052319153,2.049736699968014,100764800
1994-06-02,2.0018463134765625,2.044948559898313,1.9922681014503587,2.040159161581377,60291200
1994-06-03,2.0257914066314697,2.0497366357736957,2.0018455928817867,2.0114238014601686,86841600
1994-06-06,2.0880486965179443,2.0928380913365143,1.9826884411890573,2.0162124510973234,764504000
1994-06-07,2.0545270442962646,2.0784722852323965,2.049737645344391,2.068894071936395,166171200
1994-06-08,1.99226713180542,2.0545257719780308,1.9779001130624376,2.0545257719780308,203835200
1994-06-09,2.0018463134765625,2.0138189323574,1.9826898894241551,1.9874792877410907,79356800
1994-06-10,2.0138182640075684,2.0305802756423335,1.9874786281329073,2.001845649100225,53726400
1994-06-13,2.0257914066314697,2.0449478237882333,1.987478572317943,2.016213198053088,56628800
1994-06-14,2.052130699157715,2.073682103316602,2.0305798796061874,2.0353692753995043,59249600
1994-06-15,2.0784716606140137,2.0928392685441626,2.0401588189437097,2.054526426873858,58860800
1994-06-16,2.052130699157715,2.0784709145025593,2.049736293564736,2.0784709145025593,48478400
1994-06-17,2.0305802822113037,2.0545260967109296,2.025791470075864,2.049736699968014,47622400
1994-06-20,2.049736261367798,2.049736261367798,2.0066346229417764,2.011423434052512,45668800
1994-06-21,2.0162124633789062,2.044947078643637,1.992266658354675,1.997056053202419,86995200
1994-06-22,1.9731112718582153,2.0305805322036,1.963533061800651,2.021002322146036,82924800
1994-06-23,1.92043137550354,2.001845867275572,1.9156419782541358,1.9731112376017599,85979200
1994-06-24,1.8964852094650269,1.930009230218881,1.8869070013364155,1.9156416257222493,81454400
1994-06-27,1.9874790906906128,1.9970573017671756,1.8916969799249834,1.9060640042360228,76161600
1994-06-28,1.9659268856048584,2.0210017232675477,1.922825245421797,1.992267101609715,99417600
1994-06-29,1.9683231115341187,1.9874795379986467,1.9491666850695908,1.9683231115341187,53435200
1994-06-30,1.9779013395309448,1.9970577661384707,1.9539555139676643,1.9826901538789534,40827200
1994-07-01,1.9252206087112427,1.9826898806130708,1.9102546524868083,1.9779010669250843,66622400
1994-07-05,1.8821187019348145,1.953954990151288,1.8773293042630022,1.930009755614993,40430400
1994-07-06,1.850989818572998,1.8773300547792542,1.8294389819532528,1.8605680331381982,89254400
1994-07-07,1.9300092458724976,1.9347980576719288,1.8366215697092465,1.8581723920215554,89667200
1994-07-08,1.8964852094650269,1.9491656464761034,1.8821181895758248,1.9108528139616585,48945600
1994-07-11,1.8533834218978882,1.9012744588383068,1.8294376111239867,1.9012744588383068,85406400
1994-07-12,1.8390175104141235,1.8485957266141972,1.7959158298177538,1.8485957266141972,83752000
1994-07-13,1.8964852094650269,1.8964852094650266,1.8342271489327686,1.8485941688219705,82956800
1994-07-14,1.8677512407302856,1.901275273252339,1.8533842157977163,1.8916970617614146,81446400
1994-07-15,1.8629616498947144,1.891696272376838,1.8390158388559157,1.8677504613380396,45520000
1994-07-18,1.9347988367080688,1.9826898970226252,1.896485988456424,1.973111684959714,150499200
1994-07-19,1.92043137550354,1.9395877952860812,1.9012749557209985,1.9395877952860812,70126400
1994-07-20,1.8533834218978882,1.91564147761674,1.834227007121721,1.91564147761674,112604800
1994-07-21,1.8294373750686646,1.8725395950571828,1.8198591689164725,1.862961388904991,85740800
1994-07-22,1.9371923208236694,1.94437612260089,1.810281217593932,1.858172255096417,152916800
1994-07-25,1.9611384868621826,1.977900499173974,1.9252200560819142,1.9395876622370205,51513600
1994-07-26,1.9300092458724976,1.9635326822908188,1.9060634330530388,1.9587438704913878,54308800
1994-07-27,1.8964852094650269,1.930009230218881,1.8964852094650266,1.930009230218881,29291200
1994-07-28,1.8964852094650269,1.9252198338508604,1.8869070013364155,1.8964852094650266,39899200
1994-07-29,1.9731112718582153,1.977900669190771,1.9012749887302578,1.910853198787822,67064000
1994-08-01,2.044948101043701,2.054526310920703,1.9731112346624176,1.9779006319046868,83934400
1994-08-02,2.0233964920043945,2.092838945260633,2.0162132737564904,2.059314921673831,95249600
1994-08-03,2.044948101043701,2.0688933334324378,2.035369891166699,2.059315123555436,58771200
1994-08-04,2.0210025310516357,2.054526562022173,2.0210025310516357,2.04973716419455,40192000
1994-08-05,2.0114238262176514,2.0257914315657954,2.001845617521377,2.016213222869521,31204800
1994-08-08,2.0305802822113037,2.0305802822113037,1.9922674466978827,2.006635052319153,34537600
1994-08-09,2.049736261367798,2.0641038639147054,2.0210016408813334,2.030579847710155,40198400
1994-08-10,2.0736825466156006,2.083260755642445,2.040158522717902,2.049736731744747,48646400
1994-08-11,2.11678409576416,2.145518721498515,2.0641042408882377,2.0641042408882377,81428800
1994-08-12,2.11678409576416,2.1311517009350665,2.1024170752007114,2.121573492356948,38088000
1994-08-15,2.0856544971466064,2.1263617263873322,2.0832600918047515,2.1263617263873322,36113600
1994-08-16,2.102416515350342,2.111994721377889,2.0688925019502746,2.102416515350342,56779200
1994-08-17,2.1407299041748047,2.1550969247024265,2.1119952785121057,2.1215734870663385,79790400
1994-08-18,2.1263630390167236,2.1598870729266726,2.121574225376822,2.1407306491517475,61276800
1994-08-19,2.102416515350342,2.145518150170655,2.097627120032917,2.140729339460532,74761600
1994-08-22,2.0928397178649902,2.107206744272089,2.088050319324161,2.107206744272089,62835200
1994-08-23,2.1263630390167236,2.1598870729266726,2.088050191466873,2.092839589714434,58363200
1994-08-24,2.1359405517578125,2.1455187605100896,2.1263623430055354,2.1263623430055354,35246400
1994-08-25,2.152702569961548,2.174253393569733,2.1359405584407507,2.1407299551356083,55174400
1994-08-26,2.1790430545806885,2.2125664970811787,2.1550972374167325,2.15988663469254,60961600
1994-08-29,2.1862261295318604,2.2269339575675784,2.183831723355495,2.1981993296286904,56625600
1994-08-30,2.236511707305908,2.2413005186745987,2.1694642558925654,2.1838312746060193,39851200
1994-08-31,2.2269344329833984,2.2700360917895126,2.2125668236429425,2.2365126443411603,60968000
1994-09-01,2.150308132171631,2.1838315701108297,2.135940526906645,2.1838315701108297,115568000
1994-09-02,2.1455190181732178,2.1646754379783357,2.1359408082706586,2.1646754379783357,46964800
1994-09-06,2.1455190181732178,2.1550972280757765,2.1335464019469033,2.140730205525707,28804800
1994-09-07,2.1790430545806885,2.214960903415312,2.1503084247484656,2.1550972374167325,43588800
1994-09-08,2.2197494506835938,2.2221438561008386,2.183831030995652,2.183831030995652,28377600
1994-09-09,2.1790430545806885,2.217355894356986,2.140730214804391,2.1503084247484656,60800000
1994-09-12,2.150308132171631,2.188620966734979,2.140729923530794,2.188620966734979,36238400
1994-09-13,2.2053825855255127,2.2173557858252146,2.159886528973687,2.159886528973687,41134400
1994-09-14,2.2077763080596924,2.2269327160055155,2.2029869137696485,2.2125651177425603,29968000
1994-09-15,2.231722831726074,2.231722831726074,2.198199390506051,2.2077776000842744,40640000
1994-09-16,2.1790430545806885,2.2269341043010606,2.174253657304881,2.222144707025253,52921600
1994-09-19,2.1790430545806885,2.19341007719303,2.169464844636614,2.188621264524763,48350400
1994-09-20,2.1455190181732178,2.1886212550385022,2.1431246118494625,2.179043045135943,40276800
1994-09-21,2.1934103965759277,2.1981997945491205,2.1072064945270923,2.157491957903673,82948800
1994-09-22,2.183830976486206,2.202987388560646,2.169463959734027,2.193409182523426,44320000
1994-09-23,2.1455190181732178,2.2029882775885716,2.1455190181732178,2.179043045135943,48371200
1994-09-26,2.1287567615509033,2.1455187731177534,2.116784146692069,2.1455187731177534,29921600
1994-09-27,2.164675235748291,2.164675235748291,2.10241716950175,2.1263623997173475,50585600
1994-09-28,2.183830976486206,2.202987388560646,2.1646745644117655,2.169463959734027,33355200
1994-09-29,2.164675235748291,2.193409862771498,2.1598864235481647,2.1790428415636365,27105600
1994-09-30,2.150308132171631,2.202987987392504,2.150308132171631,2.164675152829156,34608000
1994-10-03,2.1407299041748047,2.159886321283271,2.1263622990397275,2.1503081127290375,28833600
1994-10-04,2.107205629348755,2.150307854980036,2.1024168179493823,2.1455184589732776,42622400
1994-10-05,2.1263630390167236,2.1407306491517475,2.0736831659395083,2.1024178016018964,50985600
1994-10-06,2.0880486965179443,2.1407291164860083,2.0784704914880456,2.1263615166375396,40790400
1994-10-07,2.0832595825195312,2.102415989785885,2.0641031752531775,2.092837786152708,51518400
1994-10-10,2.097628355026245,2.121574176497034,2.083261329829888,2.083261329829888,39480000
1994-10-11,2.1383347511291504,2.1694643650210503,2.1119951180616505,2.1119951180616505,55692800
1994-10-12,2.155097007751465,2.1646752166748047,2.135940589904785,2.1407299866701943,27912000
1994-10-13,2.1934103965759277,2.2125668192534467,2.169465160532842,2.169465160532842,63033600
1994-10-14,2.143123149871826,2.1981979653929526,2.1143885397660824,2.1934085714050924,99878400
1994-10-17,2.111994504928589,2.1550961353316005,2.1072051101020093,2.145517930285682,31160000
1994-10-18,2.169464588165283,2.174253400267423,2.1096003446362372,2.1167841473969182,52686400
1994-10-19,2.2077763080596924,2.2221433217154716,2.155095893905091,2.1694634921680462,59488000
1994-10-20,2.284403085708618,2.293981294485997,2.217355624266965,2.2317226451292993,136558400
1994-10-21,2.274825096130371,2.284403305830694,2.236512257329081,2.270035698976447,67099200
1994-10-24,2.255668878555298,2.279614112644837,2.2365124574406354,2.279614112644837,57145600
1994-10-25,2.2867980003356934,2.2891924069106873,2.2365125392228187,2.250879563280383,44780800
1994-10-26,2.3370821475982666,2.3418715426633736,2.289191119983548,2.293980515048655,97904000
1994-10-27,2.3610284328460693,2.3610284328460693,2.327504414408913,2.341872017912663,41238400
1994-10-28,2.3801848888397217,2.389763096471657,2.3514502659439143,2.36102847357585,58414400
1994-10-31,2.413708448410034,2.442443072795868,2.375395615895589,2.3849738240242004,59932800
1994-11-01,2.4041295051574707,2.408918900061012,2.38018428446152,2.4041295051574707,39624000
1994-11-02,2.413708448410034,2.4568106772924994,2.3945520321528115,2.4041302402814226,61408000
1994-11-03,2.3993420600891113,2.4232872944099237,2.38976384943927,2.4137090837600823,63441600
1994-11-04,2.3562395572662354,2.4184982118554847,2.3490557539275687,2.3993417926907186,46947200
1994-11-07,2.3706066608428955,2.375395472314025,2.332293830644282,2.3562390572147183,47094400
1994-11-08,2.4376542568206787,2.4472324649327297,2.3634229978004266,2.370606800036322,43328000
1994-11-09,2.442443609237671,2.475967637354516,2.418498375960689,2.4616000297022804,60206400
1994-11-10,2.4400479793548584,2.466388190438209,2.432864179130805,2.432864179130805,24689600
1994-11-11,2.3849737644195557,2.401735774377571,2.3275045170841446,2.3849737644195557,132899200
1994-11-14,2.471177101135254,2.471177101135254,2.404129660406778,2.404129660406778,48934400
1994-11-15,2.4735729694366455,2.495124531155316,2.4616004966788125,2.4711787087281465,52544000
1994-11-16,2.475966691970825,2.48554489854594,2.4711772963796004,2.4807555029547155,30196800
1994-11-17,2.461599588394165,2.4807560054244697,2.447232567925163,2.47596719347062,33232000
1994-11-18,2.456810712814331,2.480755941178357,2.452021316377063,2.456810712814331,25694400
1994-11-21,2.4328653812408447,2.4807564320526727,2.428076568463439,2.471178221890307,35560000
1994-11-22,2.3753957748413086,2.4472326329164535,2.3706069627602826,2.423286818688916,56358400
1994-11-23,2.3562395572662354,2.3777903826747178,2.3394775443451854,2.361028954361186,87507200
1994-11-25,2.3849737644195557,2.3897631606678806,2.361028537000175,2.365817348641085,12563200
1994-11-28,2.4280762672424316,2.4328650794257496,2.384974034555164,2.394552243529281,43449600
1994-11-29,2.456810712814331,2.466388921081429,2.4328648998428672,2.4376542962801353,37673600
1994-11-30,2.4089205265045166,2.461600398368105,2.404131128367293,2.461600398368105,40934400
1994-12-01,2.396946668624878,2.4292735626244344,2.3945522625142353,2.3993416593430066,43096000
1994-12-02,2.423285961151123,2.423285961151123,2.3753949342509033,2.404129550391035,37715200
1994-12-05,2.425680637359619,2.461599057699676,2.4184974209774697,2.428075627427663,38166400
1994-12-06,2.4280762672424316,2.456810894164783,2.4137086614775156,2.4232868704516326,38830400
1994-12-07,2.413708448410034,2.4472324691638883,2.413708448410034,2.4328648646672564,36744000
1994-12-08,2.394552707672119,2.4424437618255617,2.384974496841431,2.4184985270526376,41934400
1994-12-09,2.4184980392456055,2.423286851391257,2.3849740157961383,2.394552224694918,79956800
1994-12-12,2.4184980392456055,2.4328650602900366,2.3610287858529273,2.4184980392456055,65313600
1994-12-13,2.4041295051574707,2.4328641207569626,2.3849730947578096,2.428075310460673,30219200
1994-12-14,2.423285961151123,2.43765356152482,2.394551345010991,2.394551345010991,33641600
1994-12-15,2.4328653812408447,2.4568111989505357,2.413708960916114,2.428076568463439,28854400
1994-12-16,2.4280762672424316,2.461599706348101,2.4214908101171155,2.437654476216549,54020800
1994-12-19,2.3993420600891113,2.437654902688478,2.394552662460399,2.4280766920386365,31507200
1994-12-20,2.293980836868286,2.404129923531178,2.2508786136646486,2.399341112401525,253456000
1994-12-21,2.3562395572662354,2.361028954361186,2.3035596968668877,2.30834850935432,69395200
1994-12-22,2.3227157592773438,2.3753956115854025,2.308348154806782,2.3562391953629396,57355200
1994-12-23,2.3322935104370117,2.3514499229062795,2.313137097967744,2.3227153042023776,19486400
1994-12-27,2.3275043964385986,2.361028414616921,2.322715585045915,2.33708260383135,20566400
1994-12-28,2.3370821475982666,2.3370821475982666,2.2987693255064916,2.3275039420753227,34961600
1994-12-29,2.368212938308716,2.37060792993382,2.322716866547356,2.3322950792246484,23446400
1994-12-30,2.341872453689575,2.3706070814366402,2.341872453689575,2.3706070814366402,20686400
1995-01-03,2.3059542179107666,2.3562396745698213,2.303559811547847,2.3562396745698213,39545600
1995-01-04,2.3227157592773438,2.327504571029245,2.2796135304730876,2.308348154806782,51611200
1995-01-05,2.284403085708618,2.337082941680468,2.2748248769312394,2.332294129595513,39824000
1995-01-06,2.3227157592773438,2.346660987251708,2.2891917385843192,2.293981134943649,46681600
1995-01-09,2.3083488941192627,2.337083527656017,2.2891924717614263,2.332294714370366,46000000
1995-01-10,2.3370821475982666,2.356238558644154,2.3179257365523793,2.3227151316174863,42184000
1995-01-11,2.351450204849243,2.3658172236201676,2.327504394087857,2.3418719974661655,31512000
1995-01-12,2.3466618061065674,2.38018583849762,2.337083594653071,2.3466618061065674,26996800
1995-01-13,2.4041295051574707,2.4137077103573015,2.370606079261689,2.3753948895579793,41307200
1995-01-16,2.456810712814331,2.4711777329112588,2.4137084833086715,2.423286691575769,74648000
1995-01-17,2.475966691970825,2.495123105121055,2.4663884853957105,2.4807555029547155,73932800
1995-01-18,2.4927289485931396,2.4999128986516683,2.461600057293022,2.4855458754459585,50504000
1995-01-19,2.4328653812408447,2.490334642215038,2.430470974852142,2.471178221890307,67108800
1995-01-20,2.3610284328460693,2.43286469654265,2.3466608293423197,2.4089194701795864,82388800
1995-01-23,2.406524896621704,2.4137086996176773,2.3179266083630075,2.3370830266139415,53843200
1995-01-24,2.3759946823120117,2.418497983317451,2.37539575196595,2.413708586675078,36739200
1995-01-25,2.3658182621002197,2.3849746852751204,2.337083627337869,2.361029448610315,52459200
1995-01-26,2.293980836868286,2.3370824754645714,2.289191441131281,2.3322936643349186,80836800
1995-01-27,2.293980836868286,2.3083478548645973,2.289191441131281,2.3035590437349445,58376000
1995-01-30,2.2604575157165527,2.3035597521759312,2.2556687031141402,2.3035597521759312,55164800
1995-01-31,2.274825096130371,2.289192118377092,2.231722860175157,2.2652468864300483,59945600
1995-02-01,2.265246629714966,2.3275046934077395,2.2598583027616552,2.2748248383298124,66705600
1995-02-02,2.2604575157165527,2.2748251227388567,2.2365122834894233,2.2508793059041947,46312000
1995-02-03,2.3035590648651123,2.3179260829932096,2.2700350482206226,2.27961325517514,60332800
1995-02-06,2.3322935104370117,2.3418717166716454,2.30355889173311,2.30355889173311,48345600
1995-02-07,2.3370821475982666,2.3418715426633736,2.3227151316174863,2.3275039420753227,33152000
1995-02-08,2.3706066608428955,2.375395472314025,2.3370826421154116,2.346660849665065,49150400
1995-02-09,2.3706066608428955,2.3945518874133316,2.3658172647643716,2.380184868392549,42398400
1995-02-10,2.3753957748413086,2.3993415890688468,2.356239357302266,2.3753957748413086,49862400
1995-02-13,2.3753957748413086,2.4041304011498728,2.361028753990761,2.3753957748413086,38160000
1995-02-14,2.3706066608428955,2.3849736798636783,2.3562390572147183,2.380184868392549,31121600
1995-02-15,2.3275043964385986,2.351450207224169,2.2844027554749093,2.3035591702604123,147001600
1995-02-16,2.3322935104370117,2.3418717166716454,2.30834770254677,2.3322935104370117,56744000
1995-02-17,2.3131375312805176,2.3322939473382966,2.308348134962361,2.32750455102014,37824000
1995-02-21,2.289191961288452,2.3275047974606435,2.279613752245404,2.317926588417596,55392000
1995-02-22,2.3562395572662354,2.3753959764310015,2.284403277702122,2.289192090189554,60902400
1995-02-23,2.3610284328460693,2.3801848477794763,2.3370826218756164,2.3466608293423197,59939200
1995-02-24,2.3466618061065674,2.3706076270441243,2.3466618061065674,2.3514512041371316,34177600
1995-02-27,2.3658182621002197,2.3753964736876703,2.3418730254354143,2.351451237022865,28592000
1995-02-28,2.413708448410034,2.4232866565386453,2.365817407766978,2.370606804134998,52544000
1995-03-01,2.423285961151123,2.452020577291255,2.404129550391035,2.418497150764732,52032000
1995-03-02,2.442443609237671,2.442443609237671,2.418498375960689,2.423287188773062,26038400
1995-03-03,2.4376542568206787,2.4472324649327297,2.418497840596577,2.4376542568206787,31776000
1995-03-06,2.4639945030212402,2.466389640393985,2.4089203740307186,2.4232873983177305,45156800
1995-03-07,2.503504514694214,2.5292465404067506,2.461600135431803,2.466389533057446,91750400
1995-03-08,2.6244287490844727,2.6292181449448804,2.519068470836556,2.519068470836556,140096000
1995-03-09,2.6004836559295654,2.634007090228778,2.5621708255262376,2.6244288826279463,58238400
1995-03-10,2.626824140548706,2.6340080912832886,2.547804190114017,2.600484644243493,44324800
1995-03-13,2.6435859203338623,2.669926289742406,2.614851290765016,2.6292188978532067,34550400
1995-03-14,2.7489452362060547,2.758523442603985,2.6531631722267495,2.6579525677293767,78643200
1995-03-15,2.7010560035705566,2.753736466156818,2.696267189485104,2.7489470674636514,57294400
1995-03-16,2.686687469482422,2.7010544882866365,2.667531054671878,2.681898073476093,47510400
1995-03-17,2.679503917694092,2.7489456317677976,2.6771093657500433,2.7010545928868255,59868800
1995-03-20,2.7250003814697266,2.739367400708201,2.6818981545394975,2.686687550690591,37772800
1995-03-21,2.6986613273620605,2.7393684331026056,2.696266774535922,2.729790221798051,74772800
1995-03-22,2.717817544937134,2.720211805278836,2.677110149963771,2.7010553841149005,52464000
1995-03-23,2.7872583866119385,2.806414801640199,2.729789141527156,2.7345785375879172,105286400
1995-03-24,2.8303606510162354,2.8399388586599326,2.8016260280851437,2.8064148396032924,65683200
1995-03-27,2.796837329864502,2.830361357286514,2.782470307117601,2.7872591198307193,61008000
1995-03-28,2.8207828998565674,2.8351499213434113,2.792048272275384,2.792048272275384,47603200
1995-03-29,2.7681021690368652,2.835149626418381,2.760918220585129,2.820782606426059,65763200
1995-03-30,2.7633132934570312,2.787258521093991,2.696265837623155,2.777680313117723,75011200
1995-03-31,2.7250003814697266,2.7633132122488626,2.7010545699290653,2.748945608402985,63080000
1995-04-03,2.681898832321167,2.7345792802598226,2.6627424120903016,2.720211672782898,65617600
1995-04-04,2.677109718322754,2.739367784763639,2.6723203215001936,2.6914767395754637,66689600
1995-04-05,2.705843925476074,2.705843925476074,2.634007076539482,2.6771093028229163,65792000
1995-04-06,2.681898832321167,2.715422860028957,2.660348151865219,2.7058446499135247,35414400
1995-04-07,2.6675305366516113,2.710632169301533,2.6627411415753577,2.691475758211063,43148800
1995-04-10,2.717817544937134,2.7297900158608037,2.6579537287998356,2.6627425417870296,43169600
1995-04-11,2.7633132934570312,2.763911639151838,2.7250004615519594,2.7441568775044956,43624000
1995-04-12,2.744157552719116,2.80641562758008,2.7106335242497015,2.7633139733851917,40430400
1995-04-13,2.7776811122894287,2.7776811122894287,2.7250012455670443,2.7489464800933314,32814400
1995-04-17,2.9644558429718018,2.993190468664869,2.8926189864354064,2.8926189864354064,187913600
1995-04-18,2.94050931930542,2.9692439380608473,2.911774700549992,2.9644551272386006,75609600
1995-04-19,2.9165642261505127,2.950087657224392,2.8926184171485922,2.9357206395091127,59163200
1995-04-20,2.883040189743042,2.9452988250145835,2.835149156690832,2.9309312227952518,83913600
1995-04-21,2.8734629154205322,2.906986941737535,2.868674102865261,2.897408732019467,53555200
1995-04-24,2.978822946548462,2.9794218769041576,2.87825204612307,2.887830254954416,68089600
1995-04-25,3.0650269985198975,3.0698163955088376,2.9740343018050908,2.9740343018050908,69371200
1995-04-26,3.0506598949432373,3.0746051254231617,3.0315034767163014,3.055448707196226,44305600
1995-04-27,3.01234769821167,3.084183989514569,2.926143797883623,3.050660542801913,128844800
1995-04-28,3.1320765018463135,3.146444117553221,3.0123490991255504,3.021927314727527,92104000
1995-05-01,3.1464409828186035,3.2086990299010925,3.1320733814258426,3.1368627767591972,65550400
1995-05-02,3.0482637882232666,3.151229795737176,3.045869529010401,3.1464409850077923,78099200
1995-05-03,3.098550796508789,3.103339608539223,3.0746049825342303,3.0746049825342303,61566400
1995-05-04,3.1224963665008545,3.1895438344932043,3.103339947074469,3.122496366500855,66524800
1995-05-05,3.0650269985198975,3.1272856517310856,3.060238186138463,3.117707442360711,43707200
1995-05-08,3.060239315032959,3.0793957408403396,3.0315046763218874,3.0602393150329585,43988800
1995-05-09,3.0578434467315674,3.0793950052242844,3.0315039521462053,3.0650273969970696,36748800
1995-05-10,3.0362911224365234,3.0793933391911477,3.0219241065898252,3.0698151337575936,38688000
1995-05-11,3.1177074909210205,3.122496303377044,3.026714208181429,3.0315036052449673,38673600
1995-05-12,3.093761682510376,3.1512309397706306,3.0793946604990703,3.1177074986725737,36192000
1995-05-15,3.1153130531311035,3.14165342752546,3.0602389206403613,3.088973555648216,35232000
1995-05-16,3.2518012523651123,3.2571889932783216,3.122495178144436,3.122495178144436,86708800
1995-05-17,3.294903039932251,3.3284270550259247,3.261379609445908,3.266168420397958,66515200
1995-05-18,3.2422235012054443,3.3236379719022384,3.2422235012054443,3.280536330852732,58326400
1995-05-19,3.2709572315216064,3.2757460416180195,3.2182768128177033,3.227855017617756,45190400
1995-05-22,3.342794418334961,3.3523726258373534,3.2182777208038593,3.2709581543707134,91382400
1995-05-23,3.3906853199005127,3.3906853199005123,3.2961005246066777,3.3523724914270603,55516800
1995-05-24,3.352372646331787,3.428998306819371,3.3332162312098914,3.4146312877816465,68684800
1995-05-25,3.4194211959838867,3.424210593604182,3.338006697907109,3.3667413298061333,43440000
1995-05-26,3.352372646331787,3.419420099258423,3.3332162312098914,3.4170258396718833,52934400
1995-05-30,3.1799652576446533,3.3858970350066966,3.165598237037338,3.371529429791922,99612800
1995-05-31,3.2446186542510986,3.2470129142439914,3.103339776445585,3.1895436591246287,119756800
1995-06-01,3.223067283630371,3.280536531618365,3.2134890756323724,3.256590719319657,61153600
1995-06-02,3.18475604057312,3.2230688916801187,3.1655996150196204,3.2087012802111374,55556800
1995-06-05,3.2470128536224365,3.2709586684455174,3.132074345529607,3.1655983693604237,55852800
1995-06-06,3.18475604057312,3.295504125804288,3.18475604057312,3.2518035300103674,49036800
1995-06-07,3.2182788848876953,3.2470135177884782,3.1464425949395394,3.1751772278403223,64590400
1995-06-08,3.223067283630371,3.2422236996263694,3.2039108676343733,3.223067283630371,29320000
1995-06-09,3.2518012523651123,3.290114076636823,3.165597397753763,3.2086990327557854,81214400
1995-06-12,3.2086997032165527,3.2470125354937656,3.1895432870779463,3.2422237237628266,45832000
1995-06-13,3.213489055633545,3.247012491114201,3.194332639756765,3.2230672635719353,37691200
1995-06-14,3.211094379425049,3.2230677256721063,3.170387282154311,3.194333097737173,43096000
1995-06-15,3.2518012523651123,3.256590063095424,3.2134884280934015,3.2182772388237133,43912000
1995-06-16,3.3332159519195557,3.3523723654363344,3.2518014867769174,3.2565902978524393,92278400
1995-06-19,3.4409708976745605,3.443964379948674,3.3284275393947262,3.342794558948965,78982400
1995-06-20,3.5008363723754883,3.5008363723754883,3.4385777092906604,3.462523528817932,56670400
1995-06-21,3.467311382293701,3.539148236385272,3.4481549658169404,3.5199918199085114,57224000
1995-06-22,3.519991636276245,3.5247804478418927,3.4721005975827413,3.4721005975827413,46296000
1995-06-23,3.4912586212158203,3.5319660228560834,3.457734586384707,3.4768910106860074,46356800
1995-06-26,3.4385766983032227,3.49125713500991,3.428998490229955,3.486467738669563,41048000
1995-06-27,3.328427791595459,3.467311524442031,3.323638394976201,3.4289986899178095,66004800
1995-06-28,3.366741180419922,3.409842834052197,3.2518026579237804,3.3236389421800907,107286400
1995-06-29,3.424210786819458,3.438577811275856,3.3715303330615636,3.3715303330615636,57643200
1995-06-30,3.462522506713867,3.4864677345651347,3.433787882527891,3.433787882527891,53342400
1995-07-03,3.4840736389160156,3.4912572953007834,3.462522669761713,3.48167908678776,16763200
1995-07-05,3.4744954109191895,3.524780713026853,3.4625226503450492,3.5104136926416096,48547200
1995-07-06,3.5535147190093994,3.5630929257991824,3.4625220468101374,3.4721002535999204,47070400
1995-07-07,3.6636645793914795,3.6636645793914795,3.553514903292994,3.558304299239935,66699200
1995-07-10,3.7881810665130615,3.821704497874958,3.668453189689496,3.678031396451088,111982400
1995-07-11,3.6971893310546875,3.79776083573173,3.6971893310546875,3.7929714380768296,78227200
1995-07-12,3.826493263244629,3.8312820735329196,3.7067654061431,3.7067654061431,94675200
1995-07-13,3.8360726833343506,3.88875253622581,3.759447017595911,3.8360726833343506,84811200
1995-07-14,3.970167398452759,3.9701673984527583,3.754657432112014,3.764235639846994,89905600
1995-07-17,4.176097393035889,4.185675598065788,4.080315342736901,4.128206367886395,155830400
1995-07-18,3.90312123298645,4.104263661831445,3.879175413439199,4.099474264078956,289624000
1995-07-19,3.6205625534057617,3.7833920862308887,3.3906855658879356,3.716344631538189,305092800
1995-07-20,3.68282151222229,3.7307125553941827,3.6014064465263416,3.6492974896982346,177848000
1995-07-21,3.5247814655303955,3.6780328335969346,3.515203255026237,3.601407149563665,169257600
1995-07-24,3.587038278579712,3.5918270890614905,3.529569045154728,3.5487254562963892,94811200
1995-07-25,3.6924002170562744,3.7402912666639594,3.6397197701840516,3.6588761900271254,109422400
1995-07-26,3.678035020828247,3.759450150832834,3.6349333402318775,3.7402937184326865,77470400
1995-07-27,3.6971893310546875,3.7402915715184446,3.6876111203524733,3.6971893310546875,52916800
1995-07-28,3.5487236976623535,3.6780291164852983,3.5247779032984106,3.6780291164852983,158468800
1995-07-31,3.467311382293701,3.5822498811542656,3.4481549658169404,3.567882861100413,101435200
1995-08-01,3.428999900817871,3.48227870514273,3.366741815034229,3.47689096088516,166144000
1995-08-02,3.4098424911499023,3.5487268175032964,3.3715296541706903,3.4864681651083274,129804800
1995-08-03,3.4912586212158203,3.5008368333664706,3.3523742527275555,3.3715306770288556,113536000
1995-08-04,3.596616268157959,3.596616268157959,3.496044823400357,3.500834218201785,77705600
1995-08-07,3.587038278579712,3.658874528057305,3.515201444494845,3.6205617057739823,64273600
1995-08-08,3.582249402999878,3.634929833582967,3.577460591823611,3.606195212703289,43913600
1995-08-09,3.6971893310546875,3.759447992922873,3.678032909650259,3.7450803845657585,144384000
1995-08-10,3.606196880340576,3.721135417011071,3.5966186689513684,3.7163460190126525,71883200
1995-08-11,3.6971893310546875,3.7019787287095878,3.529570936069732,3.6301418561391876,97195200
1995-08-14,3.7833914756774902,3.8025478882125663,3.6684530004670353,3.711555220974614,88872000
1995-08-15,3.769026279449463,3.807339123029088,3.7115570140800243,3.8025497252778355,63267200
1995-08-16,3.7833914756774902,3.7881808711149176,3.721133427242152,3.7690244585798416,38118400
1995-08-17,3.797760009765625,3.8600180734858607,3.7792019382624438,3.7881818011465533,74564800
1995-08-18,3.7211344242095947,3.821705324660071,3.716345027488991,3.8193110647553734,77502400
1995-08-21,3.6205625534057617,3.7642356706044033,3.6157737418028457,3.735501047164675,110491200
1995-08-22,3.8049442768096924,3.8073394143242663,3.6157751817697785,3.6445098166529517,94320000
1995-08-23,3.749868154525757,3.85043903094069,3.735500552405147,3.831282617851433,111188800
1995-08-24,3.68282151222229,3.7594471812973183,3.658875698332613,3.7594471812973183,95275200
1995-08-25,3.6157732009887695,3.706765869301025,3.6157732009887695,3.692398852033752,73489600
1995-08-28,3.4505491256713867,3.6157737976072455,3.443366054308004,3.6157737976072455,112622400
1995-08-29,3.519991636276245,3.519991636276245,3.333216293067877,3.4529441821053397,163929600
1995-08-30,3.5726723670959473,3.591828787294853,3.5056248963997763,3.5583053442505426,79499200
1995-08-31,3.543938636779785,3.6014079119708087,3.5056257866524363,3.5774626729450647,38764800
1995-09-01,3.4385766983032227,3.524780570962635,3.424209678497034,3.515202362889367,80262400
1995-09-05,3.639719247817993,3.6445086443951653,3.4577332854270932,3.4816790990980446,92052800
1995-09-06,3.582249402999878,3.6971878865185905,3.563092989080092,3.649296851719127,100265600
1995-09-07,3.6253535747528076,3.7019792716077395,3.5726731158612055,3.6109859642886715,93932800
1995-09-08,3.658874750137329,3.6636641455170795,3.5726708947676014,3.5918273070719855,64417600
1995-09-11,3.7402915954589844,3.749869806222506,3.639720090138212,3.65408769858729,77408000
1995-09-12,3.687609910964966,3.745079156330654,3.6636646843662937,3.745079156330654,71155200
1995-09-13,3.68282151222229,3.7163449501388843,3.6445086776847755,3.6828215122222896,61208000
1995-09-14,3.634932041168213,3.6971901319147342,3.630142642475866,3.682823105053119,54230400
1995-09-15,3.5798561573028564,3.654087282262704,3.5439375787282006,3.630141465778346,88316800
1995-09-18,3.5247814655303955,3.577461915607056,3.4816798105654687,3.572672518051189,76827200
1995-09-19,3.575066089630127,3.6205628730636255,3.505624369156844,3.5247807864746408,58011200
1995-09-20,3.567883253097534,3.6253525088418637,3.548726834516091,3.582250274729866,44652800
1995-09-21,3.472101926803589,3.5654889033997463,3.4673125287970157,3.4960471630135657,83836800
1995-09-22,3.4385766983032227,3.476889530596295,3.4098420740834188,3.44336609464357,99899200
1995-09-25,3.457134485244751,3.4721010212701873,3.3906859532527522,3.4673116245127016,57878400
1995-09-26,3.3811087608337402,3.519993124050001,3.376319947244035,3.4625238533276144,76548800
1995-09-27,3.395476818084717,3.4002656323052256,3.1943343440610277,3.3715309931589843,140756800
1995-09-28,3.505625009536743,3.5056250095367427,3.4050540925505386,3.4098429054510397,105510400
1995-09-29,3.467311382293701,3.5535152564391246,3.450549225572817,3.510413611670131,95158400
1995-10-02,3.3811087608337402,3.481680276901743,3.376319947244035,3.46731266691732,67731200
1995-10-03,3.4050543308258057,3.419421355140237,3.3427956665096437,3.376319697589333,80736000
1995-10-04,3.2996931076049805,3.3763187753042843,3.2757472941452233,3.3763187753042843,73473600
1995-10-05,3.352372646331787,3.352372646331787,3.2565905707223077,3.2949034009660996,101289600
1995-10-06,3.2901151180267334,3.409842439468367,3.2757475120735435,3.3523731848705856,76616000
1995-10-09,3.18475604057312,3.2853269824251345,3.170388429104139,3.2518035300103674,108614400
1995-10-10,3.2086997032165527,3.2230673076242207,3.0793941865846732,3.1129176225235216,157644800
1995-10-11,3.318849802017212,3.347584429806939,3.2565911495023876,3.290115174227485,107009600
1995-10-12,3.3571622371673584,3.376318653400532,3.3188494047010115,3.333216424572177,78700800
1995-10-13,3.3044824600219727,3.4002645603124644,3.294904249992923,3.3906863502834153,68644800
1995-10-16,3.323638439178467,3.347584253378299,3.27574739538627,3.285325604144709,61067200
1995-10-17,3.4912586212158203,3.505625647137958,3.323639616275605,3.3427960405769053,123140800
1995-10-18,3.6636645793914795,3.778603066829528,3.6349299575319676,3.7642354635960826,294329600
1995-10-19,3.706766366958618,3.7163445746251775,3.63014070562614,3.6492971209592597,95840000
1995-10-20,3.658874750137329,3.7115551762780394,3.6349295270605038,3.697187574746097,79984000
1995-10-23,3.6924002170562744,3.7211348468208856,3.6205633503409778,3.6397197701840516,93473600
1995-10-24,3.7355024814605713,3.7594483024917,3.6924008220552285,3.6924008220552285,68681600
1995-10-25,3.6732425689697266,3.745078827057177,3.6732425689697266,3.7402900160014405,60211200
1995-10-26,3.754657745361328,3.759447141932098,3.6540868480571627,3.668453868554563,82841600
1995-10-27,3.8312830924987793,3.836670834347606,3.7307122036243894,3.7355010151863097,130683200
1995-10-30,3.9366462230682373,3.960592052008819,3.7738165739388942,3.802551217902896,125464000
1995-10-31,3.8312830924987793,3.960589189174316,3.8217048847675326,3.946221585273743,91958400
1995-11-01,3.769026279449463,3.8695972015421805,3.76423688169821,3.8360737557138074,72819200
1995-11-02,3.8312830924987793,3.8456506963993524,3.764235638380051,3.778603242280624,63504000
1995-11-03,3.8121259212493896,3.8360717281337466,3.7833913037525346,3.8312823329139594,40635200
1995-11-06,3.7307119369506836,3.788181179230227,3.711555522857503,3.716344334077116,87729600
1995-11-07,3.563093900680542,3.7307128576668482,3.5583050882790803,3.697188832426584,115921600
1995-11-08,3.6492974758148193,3.658875684412758,3.5774612036340048,3.596617620829883,71280000
1995-11-09,3.7929704189300537,3.7935693492418063,3.6780319213867188,3.697188337643941,99814400
1995-11-10,3.711556911468506,3.792971409520586,3.701379770370231,3.773814988260381,60819200
1995-11-13,3.690004587173462,3.72592316188612,3.680426378531081,3.701977932583899,59003200
1995-11-14,3.6014063358306885,3.6780320025504905,3.5966175239644222,3.673243190684224,75657600
1995-11-15,3.6014063358306885,3.625352148984348,3.5199918572446203,3.6157739406443725,108686400
1995-11-16,3.4433648586273193,3.5187926355216304,3.433786653992205,3.4673100779114976,195126400
1995-11-17,3.3475825786590576,3.4720992302259273,3.347582578659057,3.4481534280056336,143803200
1995-11-20,3.294903039932251,3.4242091201402345,3.28532483342082,3.3858962940945108,115296000
1995-11-21,3.3715295791625977,3.4002642062577335,3.227856443686919,3.2901150946967888,130163200
1995-11-22,3.3475825786590576,3.428997020072269,3.342793184372128,3.385895394525787,65428800
1995-11-24,3.3715295791625977,3.38110778819431,3.3475843488870605,3.3571625579187723,15014400
1995-11-27,3.342794418334961,3.428998285856493,3.3386039525526643,3.395474851901815,79100800
1995-11-28,3.505625009536743,3.5056250095367427,3.3140608013653363,3.3332172221824767,86537600
1995-11-29,3.4385766983032227,3.5439369871091713,3.4194202821566866,3.5199917592297143,91067200
1995-11-30,3.338005781173706,3.438576672896207,3.3284275731712096,3.4289984648937106,93512000
1995-12-01,3.3044824600219727,3.366741117514565,3.2901154372821715,3.3380064874274176,96124800
1995-12-04,3.366741180419922,3.4337886518760046,3.2661696809320198,3.2996937089638396,130436800
1995-12-05,3.294903039932251,3.37631808758308,3.261379609445908,3.366739881071649,104528000
1995-12-06,3.472101926803589,3.486468951608049,3.2949047234977167,3.29969412150429,145272000
1995-12-07,3.467311382293701,3.524780631723983,3.4044543907293296,3.4912571951933704,132876800
1995-12-08,3.6205625534057617,3.6253519496160886,3.533759752794544,3.5487262871101466,147041600
1995-12-11,3.567883253097534,3.630141321183474,3.563093856148423,3.6205631118927526,61924800
1995-12-12,3.5008363723754883,3.567883848601211,3.4912581614860994,3.563094450852718,44739200
1995-12-13,3.5152008533477783,3.529568451591479,3.4673098335473997,3.4912556357511764,39577600
1995-12-14,3.4002633094787598,3.582249233084665,3.3954744985296377,3.5343582005567953,92822400
1995-12-15,3.385896921157837,3.438576774423276,3.34279469157026,3.4146315460137417,115470400
1995-12-18,3.3332159519195557,3.4098416059866716,3.2709579002936966,3.385896381394371,99460800
1995-12-19,3.4816794395446777,3.487067182379129,3.3475845067761143,3.3475845067761143,84340800
1995-12-20,3.338005781173706,3.500835317216145,3.333216384868747,3.4912571092136484,84980800
1995-12-21,3.4481544494628906,3.4481544494628906,3.3475835703238976,3.3619505882263185,60593600
1995-12-22,3.467311382293701,3.48167898695499,3.414631529286327,3.452944362239849,36057600
1995-12-26,3.4577341079711914,3.496046951272811,3.443367084036881,3.457734107971191,34707200
1995-12-27,3.4050543308258057,3.472101808377575,3.385897908668157,3.462523597298751,40539200
1995-12-28,3.3475825786590576,3.39068420420554,3.342793184372128,3.3811060002388578,49777600
1995-12-29,3.361950159072876,3.400262981398493,3.3044809255844507,3.3427937479100676,52342400
1996-01-02,3.4385766983032227,3.4385766983032227,3.3475840139108897,3.3667404300574257,57779200
1996-01-03,3.328427791595459,3.4529445037991784,3.323638394976201,3.4146316692749568,62857600
1996-01-04,3.3475825786590576,3.3523713883388107,3.251800538992234,3.342793184372128,102353600
1996-01-05,3.3092727661132812,3.3571638294100894,3.2996945534539197,3.3044833674797474,62083200
1996-01-08,3.3044824600219727,3.357162907485516,3.2996936473112206,3.314060670051022,11377600
1996-01-09,3.0722100734710693,3.294903085647967,3.0602373151656623,3.294903085647967,177424000
1996-01-10,3.156020164489746,3.189543603757024,3.0835843741663087,3.084183304533819,181571200
1996-01-11,3.318849802017212,3.328428011280454,3.1847548723318195,3.1991218939229333,116617600
1996-01-12,3.285325288772583,3.328427516351731,3.213489022283886,3.3140599122895447,80544000
1996-01-15,3.160808801651001,3.2901149085677224,3.136863572730098,3.2901149085677224,84572800
1996-01-16,3.3092727661132812,3.313462649544046,3.1895448155674084,3.203912426860304,122006400
1996-01-17,3.2518012523651123,3.352372123774701,3.2422230462971844,3.247011857027496,143078400
1996-01-18,3.3571622371673584,3.4050532777502918,3.2565907596394834,3.275747175872657,121331200
1996-01-19,3.519991636276245,3.5726714865353966,3.433787766627938,3.457732993670987,227440000
1996-01-22,3.5247814655303955,3.5535160970428716,3.4816798105654687,3.510414442077945,82643200
1996-01-23,3.428999900817871,3.515203808938991,3.4194216888044133,3.500836783222638,66473600
1996-01-24,3.496046304702759,3.54393734997266,3.4289988413248977,3.4433664472096113,92217600
1996-01-25,3.424210786819458,3.5104146873806914,3.409843177755445,3.500836476207221,59881600
1996-01-26,3.467311382293701,3.48167898695499,3.4098421328634188,3.414631529286327,50881600
1996-01-29,3.462522506713867,3.4960459426271266,3.4236107441583115,3.4768895265031423,39587200
1996-01-30,3.479283571243286,3.500835122658606,3.472100500248032,3.481678707718223,45120000
1996-01-31,3.543938636779785,3.548728035349553,3.4529459100311803,3.4768911490569243,68774400
1996-02-01,3.606196880340576,3.610985693731366,3.524781791228495,3.534360002617703,78587200
1996-02-02,3.563093900680542,3.606196135331238,3.5295704600477853,3.601406738322268,44686400
1996-02-05,3.7211344242095947,3.7259232363227257,3.5535154773155044,3.5535154773155044,126480000
1996-02-06,3.6971893310546875,3.7355021738635443,3.663665885900731,3.6971893310546875,98158400
1996-02-07,3.711556911468506,3.7211351220986084,3.6582775302309782,3.678032881959356,65555200
1996-02-08,3.7881810665130615,3.812126291113367,3.658874982927905,3.7019772056587392,103924800
1996-02-09,3.8360726833343506,3.8408614951392854,3.773814037618151,3.7833922458354556,122832000
1996-02-12,3.8121259212493896,3.874384551462886,3.7977589048046068,3.8217041270816745,87779200
1996-02-13,3.816917896270752,3.8408631347320723,3.735502799365357,3.745081011671422,114513600
1996-02-14,3.7833914756774902,3.8360719024526073,3.7690244585798416,3.8360719024526073,80212800
1996-02-15,3.7738144397735596,3.7977602551723177,3.745079812059547,3.773814439773559,52195200
1996-02-16,3.749868154525757,3.8025479982175474,3.7498681545257564,3.78339158512829,62206400
1996-02-20,3.745081663131714,3.7738163050483253,3.7115582065328936,3.7259252351873062,64182400
1996-02-21,3.826493263244629,3.836071468428461,3.735500021694597,3.7450782268784293,80046400
1996-02-22,3.9270660877227783,3.9318554850115772,3.831283988022223,3.831283988022223,106500800
1996-02-23,3.9653778076171875,3.970167203553264,3.9031197526998334,3.931854374494161,102640000
1996-02-26,3.8552281856536865,3.9557990557852567,3.850438790376933,3.9462208498390456,63696000
1996-02-27,3.8360726833343506,3.862412171324504,3.8211061483873765,3.8600179115738955,60958400
1996-02-28,3.8360726833343506,3.9079089526604203,3.8264944751170455,3.8600179115738955,60051200
1996-02-29,3.780998706817627,3.836073414565454,3.77620901718853,3.792971177067729,61723200
1996-03-01,3.658874750137329,3.778602619343383,3.6253513209083117,3.7690244131911914,157652800
1996-03-04,3.687609910964966,3.7307121372929295,3.658875288282122,3.678031703404018,72564800
1996-03-05,3.75944447517395,3.7648322136525865,3.6684512663423563,3.678029468082154,57369600
1996-03-06,3.71634578704834,3.7881826602873487,3.71634578704834,3.764236841005148,44256000
1996-03-07,3.7283172607421875,3.740290605635577,3.701977772720526,3.7211341891780516,44291200
1996-03-08,3.644508123397827,3.7355007992817746,3.630140520327673,3.6588751418606096,108524800
1996-03-11,3.6971893310546875,3.7019787287095878,3.6445094644963025,3.6445094644963025,74592000
1996-03-12,3.668455123901367,3.7019791575463294,3.630142276654355,3.687611547524873,76888000
1996-03-13,3.8648056983947754,3.8695945082052954,3.745077853238293,3.7636353316268947,156710400
1996-03-14,3.816917896270752,3.9031218070253373,3.816917896270752,3.874387170107142,60640000
1996-03-15,3.9222769737243652,3.95101160142708,3.8169166721477428,3.831283693695352,121721600
1996-03-18,4.032424449920654,4.056370255584858,3.9222753807656443,3.9222753807656443,119472000
1996-03-19,4.0946855545043945,4.101868628251519,4.013270467513558,4.0755291322250935,92491200
1996-03-20,4.008481025695801,4.085106702797679,3.9743580692538485,4.070739096037316,92944000
1996-03-21,3.8600175380706787,3.9989018360865884,3.8504393307801807,3.99411244013765,66313600
1996-03-22,3.874385118484497,3.8863578775270833,3.8217046863934314,3.874385118484497,48046400
1996-03-25,3.826493263244629,3.9222753150829517,3.7857853066060914,3.8887513046359135,63379200
1996-03-26,3.9366462230682373,3.9414356226994847,3.7833947885935615,3.8073406175341433,79899200
1996-03-27,3.9270660877227783,3.984535347543112,3.874386225191244,3.955800717632945,52729600
1996-03-28,3.9174880981445312,3.965379150689085,3.87438644315822,3.903121074684952,54955200
1996-03-29,3.9510111808776855,3.989324013736584,3.912698348018786,3.922276556233511,53508800
1996-04-01,3.9366462230682373,3.965380867032239,3.912700978735483,3.9516121834661546,31692800
1996-04-02,4.008481025695801,4.022848047848642,3.931855348593922,3.936644161109028,54396800
1996-04-03,4.003692626953125,4.027638449322468,3.9605909651390423,3.989325601217653,46072000
1996-04-04,3.9989020824432373,4.018058498204385,3.965378062557522,4.008480290323811,28961600
1996-04-08,3.9749577045440674,3.9797471025160056,3.9031214118259996,3.9270666478628136,73753600
1996-04-09,3.893543243408203,3.9845359598017835,3.888753845383471,3.9845359598017835,66942400
1996-04-10,3.893543243408203,3.9462231140344586,3.87917563394164,3.888753845383471,51910400
1996-04-11,3.874385118484497,3.922276154654841,3.8169158750800847,3.8887521370319127,62465600
1996-04-12,3.874385118484497,3.893541532952635,3.8504393080956376,3.874385118484497,33737600
1996-04-15,3.9659783840179443,3.9701688514356044,3.869597341107949,3.869597341107949,50102400
1996-04-16,4.032424449920654,4.042002655264884,3.984533423199507,3.9941116285437364,80116800
1996-04-17,4.058767318725586,4.061161579239723,3.996508360851318,4.032426945424348,62630400
1996-04-18,4.176097393035889,4.185675598065788,4.042002522617305,4.0611589326771025,133958400
1996-04-19,4.204832553863525,4.295825805761042,4.195254347590488,4.276669393214966,169492800
1996-04-22,4.319771766662598,4.343717578737163,4.223989687579169,4.2335678954875124,92758400
1996-04-23,4.314982891082764,4.338928118195148,4.267091852250588,4.319771702662278,57139200
1996-04-24,4.271881103515625,4.33413975270916,4.262302894763348,4.3293503560292885,69251200
1996-04-25,4.319771766662598,4.358084598295969,4.223989687579169,4.271880727120884,63896000
1996-04-26,4.348506450653076,4.362874055018418,4.305404806771901,4.319771826529818,54296000
1996-04-29,4.314982891082764,4.3485063259615835,4.291037079362972,4.343717514382069,34267200
1996-04-30,4.338928699493408,4.338928699493408,4.286248842024053,4.314983469173016,28441600
1996-05-01,4.410765171051025,4.415553982850183,4.314983088993538,4.324561297199287,65014400
1996-05-02,4.276669502258301,4.415553204454842,4.25751308922379,4.410764393499879,87340800
1996-05-03,4.247936725616455,4.386820488065839,4.219202093598557,4.310194802684776,75300800
1996-05-06,4.281459331512451,4.305405145804511,4.200044849055883,4.252724705126462,75852800
1996-05-07,4.334140300750732,4.34850732339209,4.27667104097022,4.27667104097022,47366400
1996-05-08,4.377242088317871,4.382031485751101,4.243147144693253,4.324562224197694,77851200
1996-05-09,4.348506450653076,4.410765095223848,4.33892824261199,4.377241074776335,47776000
1996-05-10,4.401185989379883,4.411362541043899,4.372451371118232,4.382029577205449,43913600
1996-05-13,4.544859886169434,4.554438093954188,4.405975580986798,4.405975580986798,95606400
1996-05-14,4.55922794342041,4.597540783281086,4.529894383098309,4.568806153385578,76832000
1996-05-15,4.506546497344971,4.58796096113663,4.496968290745521,4.559226341338278,56323200
1996-05-16,4.487390995025635,4.496969203569331,4.429921743763455,4.444288764275272,67092800
1996-05-17,4.482602596282959,4.520915438986232,4.458657361897206,4.516126625952116,35392000
1996-05-20,4.473022937774658,4.516125164168262,4.4682341262905885,4.496968749017192,38457600
1996-05-21,4.410765171051025,4.477812628491267,4.410765171051025,4.4730232320846754,42113600
1996-05-22,4.477813243865967,4.492180265845296,4.391609358167442,4.405976380146773,45646400
1996-05-23,4.540070056915283,4.564015866396783,4.477812004556619,4.477812004556619,51976000
1996-05-24,4.540070056915283,4.559226470657541,4.530491850044154,4.540070056915283,26443200
1996-05-28,4.49218225479126,4.564617496373049,4.487393440213706,4.549651537368547,43376000
1996-05-29,4.487390995025635,4.530492641168542,4.468234577938241,4.496969203569331,33569600
1996-05-30,4.530492782592773,4.530492782592773,4.468234717419019,4.492179947222009,33824000
1996-05-31,4.549649715423584,4.573595532545373,4.5209150856419615,4.542465765674409,40259200
1996-06-03,4.535284042358398,4.57838570755242,4.525705829581092,4.549651069220501,31684800
1996-06-04,4.5161261558532715,4.554438994568431,4.453867500637374,4.544860784889641,65852800
1996-06-05,4.631063938140869,4.6454309580786335,4.516125440209026,4.520914251985804,50968000
1996-06-06,4.590355396270752,4.712477827394095,4.587961136832869,4.664586792562855,88136000
1996-06-07,4.645431041717529,4.645431041717529,4.506547313186397,4.506547313186397,70198400
1996-06-10,4.621486186981201,4.645431417447806,4.596941441534104,4.635853208339666,45819200
1996-06-11,4.678954601287842,4.7220562422296535,4.621485356960504,4.626274168350756,65259200
1996-06-12,4.789105415344238,4.803473023894068,4.702901517868042,4.707690915587183,88844800
1996-06-13,4.774738311767578,4.82262936512228,4.741214282115494,4.793894733109458,62577600
1996-06-14,4.712479114532471,4.789104791191535,4.707690302045039,4.779526581609153,55944000
1996-06-17,4.774738311767578,4.789105335470196,4.688534415729114,4.717269047741936,57499200
1996-06-18,4.688532829284668,4.769947300135905,4.674165225835987,4.769947300135905,74585600
1996-06-19,4.664586544036865,4.717266971848132,4.650219526656637,4.693321163404649,73409600
1996-06-20,4.664586544036865,4.69272223319749,4.559226273021659,4.6741647504927935,102228800
1996-06-21,4.746004104614258,4.755582316142634,4.655010802790865,4.688534835444,56806400
1996-06-24,4.755581378936768,4.793894217499773,4.712479143249626,4.750791981812631,48102400
1996-06-25,4.674164295196533,4.760368144903026,4.650219073692809,4.760368144903026,41145600
1996-06-26,4.616697788238525,4.674167055312034,4.559228521165017,4.669378242026383,71457600
1996-06-27,4.5951457023620605,4.6358527951396304,4.559227129104264,4.616696378630789,77582400
1996-06-28,4.602329730987549,4.635853170287122,4.564016894869473,4.616696752228084,52000000
1996-07-01,4.686136722564697,4.693320668953463,4.60232800951208,4.6071168199318695,47862400
1996-07-02,4.659799575805664,4.698112416779986,4.6454319681365135,4.6885342065364055,38548800
1996-07-03,4.6406426429748535,4.707690107277636,4.621486224602631,4.659799061347077,44243200
1996-07-05,4.535284042358398,4.6023315317995435,4.535284042358398,4.6023315317995435,35331200
1996-07-08,4.609513759613037,4.626275921196537,4.525704997822155,4.540072022043807,64432000
1996-07-09,4.597538948059082,4.65021937414258,4.597538948059082,4.6310629618590005,35571200
1996-07-10,4.578383922576904,4.597540340663,4.525704065143883,4.597540340663,77980800
1996-07-11,4.3868207931518555,4.5352833612064405,4.358086159135577,4.530493963233248,140915200
1996-07-12,4.305405139923096,4.413159988723358,4.232969351399895,4.413159988723358,139478400
1996-07-15,4.238359451293945,4.358086818848565,4.209624812927911,4.305406940814692,111832000
1996-07-16,4.420344829559326,4.429923040907659,4.118630879783035,4.223991204614694,182100800
1996-07-17,4.487390995025635,4.525703829200421,4.429921743763455,4.511336224081149,126208000
1996-07-18,4.592751979827881,4.597540792516314,4.439500620077337,4.492180482687815,98537600
1996-07-19,4.635254859924316,4.659799608453015,4.511337056333585,4.511337056333585,99208000
1996-07-22,4.587960720062256,4.655008162735399,4.516124466644683,4.6364506807277355,144475200
1996-07-23,4.2958292961120605,4.597542746550544,4.223992398393312,4.597542746550544,257678400
1996-07-24,4.396398544311523,4.4347113856562865,4.195256127251519,4.195256127251519,192225600
1996-07-25,4.540070056915283,4.549648263786413,4.410764556458714,4.44428798820399,100920000
1996-07-26,4.564016819000244,4.578383840001952,4.530492795650467,4.578383840001952,59304000
1996-07-29,4.477813243865967,4.592751758130665,4.47302384680118,4.568805942021762,56748800
1996-07-30,4.544859886169434,4.549648697758106,4.449077808321895,4.516125262815172,66976000
1996-07-31,4.5161261558532715,4.583173623604802,4.506547946174481,4.559227807104064,56320000
1996-08-01,4.621486186981201,4.631064396089341,4.496969468575384,4.516125886791664,96025600
1996-08-02,4.726848125457764,4.746004550313503,4.621487788751192,4.678957063318412,109289600
1996-08-05,4.664586544036865,4.741212195684288,4.64543013112501,4.73163398922836,55072000
1996-08-06,4.750791549682617,4.755580946371112,4.6310642323673346,4.659798858675899,67388800
1996-08-07,4.779525279998779,4.793892882763377,4.707689019997868,4.765158261841541,76790400
1996-08-08,4.7986836433410645,4.822629462807243,4.741214378151351,4.755581986752578,54379200
1996-08-09,4.769947528839111,4.808260360396051,4.746002301419731,4.779525736728346,44313600
1996-08-12,4.7986836433410645,4.832207673672196,4.750792589016303,4.760370799881255,66187200
1996-08-13,4.7316365242004395,4.822629826585038,4.726847710710535,4.789105793725141,72508800
1996-08-14,4.784316062927246,4.793894272678243,4.741213826743991,4.746003223923254,52032000
1996-08-15,4.793893814086914,4.8178390438700065,4.765159187582719,4.77952620853108,35556800
1996-08-16,4.760368824005127,4.798681651562512,4.741212410226434,4.793892840421516,47598400
1996-08-19,4.7316365242004395,4.755582345472885,4.683745466263188,4.746004133885435,43131200
1996-08-20,4.726848125457764,4.755582762741374,4.7220587269399825,4.741215151795722,25678400
1996-08-21,4.7316365242004395,4.7316365242004395,4.664589043088288,4.693323677850638,49345600
1996-08-22,4.789105415344238,4.79389481306338,4.731636150360107,4.755581969740626,50236800
1996-08-23,4.7220563888549805,4.78910384265211,4.7220563888549805,4.7843150311131595,44006400
1996-08-26,4.707688331604004,4.741211758807085,4.7028989365136935,4.7268447427507,31944000
1996-08-27,4.779525279998779,4.779525279998779,4.712477831181161,4.717267226971813,28038400
1996-08-28,4.813050746917725,4.817839559543921,4.78431611733794,4.789104929964136,32070400
1996-08-29,4.755581378936768,4.798683030016387,4.736424959655265,4.798683030016387,34182400
1996-08-30,4.693323612213135,4.760371092387608,4.693323612213135,4.760371092387608,28088000
1996-09-03,4.726848125457764,4.726848125457764,4.621487788751192,4.674167664800631,48524800
1996-09-04,4.726848125457764,4.736426337885633,4.71008625370899,4.726848125457764,27126400
1996-09-05,4.655008792877197,4.702899829840954,4.655008792877197,4.702899829840954,40372800
1996-09-06,4.693323612213135,4.702901823666631,4.659800164429714,4.674167189306142,41921600
1996-09-09,4.784316062927246,4.78910487549898,4.683744568238003,4.6933227779890005,41747200
1996-09-10,4.7651591300964355,4.793893756253979,4.736424503938891,4.779526150871474,38904000
1996-09-11,4.793893814086914,4.808260835035275,4.7364245610785245,4.748397322121939,36387200
1996-09-12,4.927990436553955,4.961513592435746,4.796289735184515,4.808262207341206,95944000
1996-09-13,5.018980503082275,5.033348398290066,4.937566327620558,4.96630094882141,80137600
1996-09-16,5.038139343261719,5.100398303784197,5.018982919903309,5.023772610350559,62409600
1996-09-17,5.129132270812988,5.157866902108257,5.066873318399003,5.090819429085964,75624000
1996-09-18,5.229701042175293,5.282381765485887,5.105184350694929,5.133918971805782,86049600
1996-09-19,5.27759313583374,5.296749553749652,5.200967464170092,5.22970209104396,75912000
1996-09-20,5.291961193084717,5.311117611576942,5.205757309869703,5.248858666869713,104849600
1996-09-23,5.27759313583374,5.291961033878154,5.220123882086004,5.272804615962243,46385600
1996-09-24,5.244067668914795,5.301536897235974,5.215333054754205,5.268012596108064,72520000
1996-09-25,5.196179389953613,5.282383277968571,5.186601180174174,5.2680153786918815,44067200
1996-09-26,5.05729341506958,5.215334418897879,5.047715207844069,5.200966523452239,92604800
1996-09-27,5.14828634262085,5.1818094792285185,5.028558182245789,5.076449212552892,98372800
1996-09-30,5.052506923675537,5.167445456507415,5.047717233533267,5.114764711018529,89574400
1996-10-01,5.062084197998047,5.129131663076068,5.014193151513747,5.0477162994452565,69124800
1996-10-02,5.162655353546143,5.200968194759843,5.071662940271167,5.090819360878017,68760000
1996-10-03,5.133919715881348,5.177022238401978,5.119552987851067,5.162654341156803,58294400
1996-10-04,5.224913597106934,5.234491806112432,5.1434982359527135,5.157866134068444,45166400
1996-10-07,5.268014907836914,5.291961014752742,5.205757134442683,5.224913552289363,42432000
1996-10-08,5.186601161956787,5.277593569934333,5.172233262730562,5.277593569934333,48465600
1996-10-09,5.153077125549316,5.2153360769153725,5.105186074196627,5.210546387172543,64955200
1996-10-10,5.124343395233154,5.215336993401032,5.109976661910257,5.124343395233154,51739200
1996-10-11,5.2536492347717285,5.258437755588166,5.143499225411376,5.1578671262910705,36523200
1996-10-14,5.234492301940918,5.2919615614175886,5.22491409202814,5.263226931679253,36091200
1996-10-15,5.320695400238037,5.330273608727021,5.263226149304133,5.315905711386093,61206400
1996-10-16,5.287171840667725,5.323090127628783,5.248859001242597,5.3159064702365715,36427200
1996-10-17,5.191389083862305,5.325484004847678,5.191389083862305,5.29674937892224,49097600
1996-10-18,5.162655353546143,5.172233563849567,5.117158854604873,5.133920722635867,69646400
1996-10-21,5.133919715881348,5.210545383282562,5.114763299031043,5.162654341156803,71401600
1996-10-22,5.076451778411865,5.109976101178788,5.028560723898546,5.100397890276124,113806400
1996-10-23,5.153077125549316,5.162655335819854,5.047716812573401,5.081241133127843,67443200
1996-10-24,5.234492301940918,5.263226931679253,5.129131992900357,5.16744483255147,81417600
1996-10-25,5.227306842803955,5.282382121586571,5.215334667808051,5.234491083173342,53084800
1996-10-28,5.234492301940918,5.272805141592032,5.220124402464212,5.236886269811574,51240000
1996-10-29,5.186601161956787,5.263226839923165,5.167444742465192,5.244070420431571,66756800
1996-10-30,5.220123767852783,5.248858394097844,5.167444204344306,5.186600621841013,60526400
1996-10-31,5.258436679840088,5.263226368891862,5.2153353244488745,5.224913533337473,37028800
1996-11-01,5.263228893280029,5.3159084828264085,5.229704561483278,5.2584392019309885,56531200
1996-11-04,5.287171840667725,5.301539740059683,5.239280791386315,5.258437211098879,36006400
1996-11-05,5.421267032623291,5.421267032623291,5.299144851234692,5.306328508963433,86417600
1996-11-06,5.5362043380737305,5.5362043380737305,5.402109423310699,5.416477320214172,71438400
1996-11-07,5.497890472412109,5.598462224197704,5.483523747422537,5.545781504401761,76742400
1996-11-08,5.497890472412109,5.4978904724121085,5.4212648212286645,5.493101953820468,67369600
1996-11-11,5.502681732177734,5.545783088673926,5.478735624734863,5.493103523043582,38593600
1996-11-12,5.430843830108643,5.588884843634559,5.4212656222954,5.5170477004278276,81156800
1996-11-13,5.555362224578857,5.584096856774955,5.483526228696202,5.502682650160267,90409600
1996-11-14,5.732557773590088,5.732557773590088,5.564938557725893,5.564938557725893,114969600
1996-11-15,5.70861291885376,5.78045007542672,5.646355141091229,5.775660386021505,104041600
1996-11-18,5.761293411254883,5.813972977181986,5.694245946938121,5.722980574502447,98585600
1996-11-19,5.972014904022217,5.972014904022218,5.7565045805424155,5.766082791158959,104739200
1996-11-20,5.871441841125488,6.053427803574728,5.871441841125488,5.976802135175048,123857600
1996-11-21,5.761293411254883,5.92412296745273,5.746925512865225,5.919333278251182,130718400
1996-11-22,5.766080379486084,5.84270603236962,5.722979034346432,5.775658586096526,94424000
1996-11-25,5.88101863861084,5.885808326344059,5.7660801635891294,5.790026263825967,75129600
1996-11-26,5.890600204467773,5.952859165220204,5.837920624645223,5.900178416182356,108238400
1996-11-27,5.957645893096924,5.967224101928269,5.890598431277505,5.904966329131996,44446400
1996-11-29,6.010324954986572,6.019903161154508,5.95764423645562,5.95764423645562,17152000
1996-12-02,6.04384708404541,6.04384708404541,5.94806503833946,6.034268879474815,64502400
1996-12-03,5.926515579223633,6.11089606391059,5.924121612081811,6.067794717032688,77563200
1996-12-04,5.871441841125488,5.948067509525168,5.8283404872581235,5.943278989857643,102542400
1996-12-05,5.86186408996582,5.952857662897953,5.818762732735337,5.876231988519316,74950400
1996-12-06,5.857072353363037,5.9193300949977425,5.680473631819739,5.708609606179053,110238400
1996-12-09,6.264153003692627,6.2737312192946035,5.976806535633332,6.005541182439262,94718400
1996-12-10,6.273728847503662,6.4796609897011415,6.26415063552274,6.465293087122094,125725600
1996-12-11,6.388666152954102,6.40782257320284,6.139632689720509,6.206680160591092,113558400
1996-12-12,6.206681728363037,6.532340954851221,6.206681728363037,6.513184529763681,78272800
1996-12-13,6.130053997039795,6.28330534696579,6.07138746464625,6.216257881373167,74532000
1996-12-16,5.88101863861084,6.187521238668734,5.861862226107221,6.149208413661497,64883200
1996-12-17,6.12047815322876,6.139634579373451,5.8522881872030865,5.871444613347777,68944800
1996-12-18,6.331197261810303,6.340775472493829,6.130054837456269,6.2354151549750485,61796800
1996-12-19,6.503602504730225,6.522758918588045,6.359929400796567,6.436555056227851,94609600
1996-12-20,6.407820701599121,6.561072018827202,6.388664286945612,6.551493811500447,90414400
1996-12-23,6.4173994064331055,6.494025070987531,6.350351949947983,6.446134030641015,36892800
1996-12-24,6.503602504730225,6.522758918588045,6.3695076077254775,6.446133263156762,16246400
1996-12-26,6.5514936447143555,6.599384680128934,6.522759023465609,6.532337230548524,27905600
1996-12-27,6.455713748931885,6.57065227265174,6.437754604600657,6.551495852031764,19079200
1996-12-30,6.398242950439453,6.561072486603331,6.398242950439453,6.541916070584051,27279200
1996-12-31,6.331197261810303,6.455714000696133,6.321619051126778,6.436557579329083,34367200
1997-01-02,6.254570484161377,6.369508992292979,6.187523021084608,6.369508992292979,54480800
1997-01-03,6.484447002410889,6.494025210686237,6.283304628628572,6.302461045179268,44131200
1997-01-06,6.465291976928711,6.532339449282046,6.3695098735668045,6.484448397601092,55948000
1997-01-07,6.513180732727051,6.522758939686943,6.388664042248445,6.474867904887479,36880800
1997-01-08,6.388666152954102,6.531142028554091,6.369509732705364,6.513182884570899,50593600
1997-01-09,6.312040328979492,6.41740063796094,6.3024621190720875,6.41740063796094,47763200
1997-01-10,6.455713748931885,6.465291959241872,6.254571332422137,6.283305963352102,66556800
1997-01-13,6.4173994064331055,6.55149431940335,6.3982429902944995,6.5227596951954405,50361600
1997-01-14,6.5419135093688965,6.637695551965806,6.455709671031679,6.455709671031679,63728000
1997-01-15,6.484447002410889,6.608963709990419,6.465290585860192,6.561072668613677,53058400
1997-01-16,6.589806079864502,6.676009938467381,6.5131804277730545,6.5131804277730545,58688000
1997-01-17,6.676010608673096,6.723901646038039,6.5514939115242425,6.561072118997231,65368800
1997-01-20,6.953779697418213,7.116609249561615,6.637698802081022,6.6664334289298575,146220800
1997-01-21,7.279438495635986,7.284228184516886,6.8675755281197395,6.944201196494855,114592000
1997-01-22,7.461423873901367,7.54762774407481,7.250703302366283,7.2890161335544805,129236800
1997-01-23,7.260281085968018,7.64340937546501,7.241124671493168,7.518892681378487,105048000
1997-01-24,7.351279258728027,7.490162766334936,7.231551008418,7.289020287955097,89817600
1997-01-27,7.365642070770264,7.462621428334046,7.317751029998025,7.394376695233606,53263200
1997-01-28,7.327328205108643,7.566783375210233,7.2602807574801975,7.538048754798042,64656800
1997-01-29,7.451846599578857,7.461424808575746,7.336908091616202,7.413533763591306,48933600
1997-01-30,7.748770236968994,7.7583484449256925,7.509315038051534,7.528471453964931,79937600
1997-01-31,7.815818786621094,7.911600879594391,7.7296149029451255,7.806240577323763,86516000
1997-02-03,7.844552993774414,7.922375940141224,7.748770905938341,7.863709411341629,60804800
1997-02-04,7.902022361755371,7.9116005706787105,7.700879974365234,7.844553108215331,56464000
1997-02-05,7.538051605224609,7.930758232688662,7.42311308011318,7.9020236014108045,110099200
1997-02-06,7.442267894744873,7.538049978332324,7.356064019516168,7.528471769973578,102122400
1997-02-07,7.691303730010986,7.700881941380863,7.471004868503822,7.538052348092959,62448000
1997-02-10,7.490163326263428,7.777509745429544,7.480585112291224,7.72004046159632,66804800
1997-02-11,7.547628879547119,7.557207088785122,7.289017230121011,7.528472461071111,88834400
1997-02-12,7.652986526489258,7.662564732404764,7.471000614094645,7.538048055503187,72001600
1997-02-13,7.662566184997559,7.748770054578781,7.614675146341324,7.700879015922546,58292000
1997-02-14,7.499735355377197,7.700877682916049,7.48057894323064,7.614673828256541,57395200
1997-02-18,7.461423873901367,7.499736705089564,7.375220003727923,7.480580289495466,52545600
1997-02-19,7.471004962921143,7.518896020375766,7.394379270993746,7.461426751430218,56383200
1997-02-20,7.298594951629639,7.471002706392543,7.289016743031699,7.423111663402847,75395200
1997-02-21,7.279438495635986,7.3081731212766545,7.20281282726087,7.269860287089096,61131200
1997-02-24,7.672144889831543,7.681723098183393,7.202812680590911,7.221969097294611,68599200
1997-02-25,7.624251842498779,7.740387588215233,7.576360813337355,7.662564665827919,63941600
1997-02-26,7.681724548339844,7.691302758499869,7.5380513959394735,7.624255287379696,48849600
1997-02-27,7.365642070770264,7.681722939867036,7.356063862615816,7.681722939867036,56628800
1997-02-28,7.471004962921143,7.538052443357614,7.312965057928523,7.3656446365209725,78412000
1997-03-03,7.624251842498779,7.672142871660204,7.403953108356227,7.432687725853081,53874400
1997-03-04,7.59552001953125,7.672145694381502,7.557207182106124,7.605098228887532,63920800
1997-03-05,7.729611396789551,7.739189601742202,7.605094732405085,7.624251142310388,46393600
1997-03-06,7.490163326263428,7.729618675568524,7.488966049516902,7.72004046159632,57018400
1997-03-07,7.413532733917236,7.62425330258155,7.394376318584117,7.538049433582512,46032000
1997-03-10,7.662566184997559,7.672144392728805,7.351275018339439,7.442267407178879,45997600
1997-03-11,7.538051605224609,7.7056708722863485,7.53805160522461,7.633833709484135,47577600
1997-03-12,7.5667829513549805,7.624252188960209,7.490157301214677,7.490157301214677,43234400
1997-03-13,7.6338348388671875,7.672147686239168,7.50931808490825,7.528474508594241,45505600
1997-03-14,7.585940837860107,7.681722919146219,7.576362629731496,7.643410086631774,61327200
1997-03-17,7.700882434844971,7.720038858812247,7.50931819517221,7.547631043106763,83958400
1997-03-18,7.6338348388671875,7.724828435983299,7.5763655678092166,7.710460533611149,59012000
1997-03-19,7.413532733917236,7.528471225915952,7.274649307359521,7.490158395249714,111560000
1997-03-20,7.356070041656494,7.490165068457524,7.308178960656127,7.403961122656862,81410400
1997-03-21,7.202812671661377,7.442267880160758,7.116608796601599,7.3943768384608815,85829600
1997-03-24,6.905888080596924,7.164499700813453,6.714323917473569,7.135765076344949,186269600
1997-03-25,6.920256614685059,7.001670806902016,6.810106626138623,6.944201552672998,89701600
1997-03-26,7.2219672203063965,7.250701837893822,6.944199250294612,6.953777456157087,81270400
1997-03-27,7.183657646179199,7.365643639882405,6.972937021891276,7.289017958323161,93919200
1997-03-31,7.025620937347412,7.241130179510746,6.992096601908524,7.13576981975596,93825600
1997-04-01,7.1453447341918945,7.183657574589706,6.877154851407211,6.905889481705571,86680800
1997-04-02,7.049562931060791,7.174079667614854,6.972937247027522,7.116610404589902,63331200
1997-04-03,7.289016246795654,7.3081726626873635,6.944200760744874,6.972935384582439,92252800
1997-04-04,7.2171807289123535,7.413533419631043,7.183656414371166,7.183656414371166,94964000
1997-04-07,7.346485137939453,7.48058004267368,7.279437685572339,7.32732872297742,76511200
1997-04-08,7.528472900390625,7.528472900390625,7.317752284858063,7.403956173030474,53339200
1997-04-09,7.509315490722656,7.605097576063506,7.490159073654486,7.5955193675294215,73762400
1997-04-10,7.413532733917236,7.490158395249714,7.317750657251638,7.490158395249714,67913600
1997-04-11,7.279438495635986,7.451846249479996,7.2746499759699965,7.317751329823544,60033600
1997-04-14,7.461423873901367,7.461423873901367,7.154921224395791,7.260281510163333,59107200
1997-04-15,7.442267894744873,7.585941020126048,7.346485811157423,7.4997371448973436,84440000
1997-04-16,7.528472900390625,7.547629319984494,7.375221543639671,7.403956173030474,42710400
1997-04-17,7.5188889503479,7.662561987615694,7.470997937925302,7.547623557801459,71720800
1997-04-18,8.246834754943848,8.246834754943848,7.8924411592029395,7.9690668015252974,231764000
1997-04-21,8.246834754943848,8.572493734813872,8.13189629146031,8.198943728492374,155695200
1997-04-22,8.476717948913574,8.491085852078744,8.23726263962223,8.246840851993884,82300000
1997-04-23,8.82153034210205,8.869421386304559,8.457558406162986,8.47671482384399,102814400
1997-04-24,8.744905471801758,9.032251763317698,8.63954516491258,8.936469666145717,118163200
1997-04-25,8.706592559814453,8.840687494729087,8.677857930904175,8.697014350177694,58566400
1997-04-28,8.80237102508545,8.81673891822116,8.55333767725931,8.716167173914862,67224000
1997-04-29,9.11845588684082,9.128034096805989,8.926891687537442,8.993939157293623,73953600
1997-04-30,9.310017585754395,9.396221452289156,9.070562400935607,9.089718815721112,90204000
1997-05-01,9.271707534790039,9.44411531952787,9.13761259110506,9.348333216895742,72325600
1997-05-02,9.252548217773438,9.463268777598506,9.113664797041565,9.348330290421197,96192000
1997-05-05,9.20944881439209,9.252550171577655,8.850265381509061,9.166346287991527,111063200
1997-05-06,8.98914623260498,9.175920650806416,8.917309108455923,9.147186034989694,74770400
1997-05-07,8.850266456604004,9.118456349228369,8.821531825251395,8.917313929760095,70532800
1997-05-08,8.917311668395996,9.051406580702704,8.82152958817692,8.831107796198829,53834400
1997-05-09,8.946045875549316,9.0801407816068,8.86942021494504,9.041827951304661,58392000
1997-05-12,9.051407814025879,9.080142442006913,8.965203930082776,9.003516767390822,42976000
1997-05-13,9.022675514221191,9.137614055803626,8.955628031631436,9.070566573213872,49813600
1997-05-14,8.878996849060059,9.089717378379714,8.859840437303726,9.070560966623383,60744800
1997-05-15,8.97478199005127,9.032251245056935,8.878999898375163,8.888578107542774,41861600
1997-05-16,8.845477104187012,8.965204138956587,8.802374576603741,8.917313091205749,59913600
1997-05-19,8.82153034210205,8.974781683550077,8.82153034210205,8.898156012826064,45632000
1997-05-20,9.128032684326172,9.137610892809201,8.831108221352288,8.878999263767431,64876800
1997-05-21,9.22381591796875,9.420169800933865,9.175924869588851,9.24297233732071,76620000
1997-05-22,9.242971420288086,9.319597090093582,9.175923959208275,9.271706046465146,33655200
1997-05-23,9.415376663208008,9.424954869376073,9.262125364518965,9.300438189191226,28904800
1997-05-27,9.702723503112793,9.760192743999937,9.377064471418977,9.40579909186255,69036000
1997-05-28,9.645254135131836,9.750614408703287,9.568628481625327,9.750614408703287,52241600
1997-05-29,9.645254135131836,9.889498405683835,9.57820668831364,9.750614408703287,51111200
1997-05-30,9.501583099365234,9.626099813369013,9.003516243350122,9.003516243350122,83337600
1997-06-02,9.530317306518555,9.616521181652894,9.434535223035956,9.578208348259855,38939200
1997-06-03,9.252548217773438,9.463268777598506,9.242970010508662,9.45369057033373,41995200
1997-06-04,9.132820129394531,9.367485594967912,9.060982998813543,9.2429689152802,54639200
1997-06-05,9.238181114196777,9.31001708114144,9.156765771163805,9.21543228826462,35892000
1997-06-06,9.506367683410645,9.52552409066264,9.271701109966527,9.300435720844522,35964000
1997-06-09,9.587786674499512,9.66441234222778,9.38664429671281,9.568630257567445,48200000
1997-06-10,9.5638427734375,9.736250544493023,9.482427408053766,9.587787712587698,53135200
1997-06-11,9.731461524963379,9.760196155450476,9.468061330105881,9.563843431729536,49056800
1997-06-12,9.731461524963379,9.817665416424669,9.606944792852628,9.712305104638649,44614400
1997-06-13,9.932600021362305,9.9661237437102,9.697934549534356,9.712301274504703,50116000
1997-06-16,10.066695213317871,10.066695213317871,9.875131079857969,9.93260031989594,40612800
1997-06-17,10.282207489013672,10.33967674372637,10.028384947365918,10.076275992959834,53191200
1997-06-18,9.975706100463867,10.229528675271636,9.966127890093762,10.210372254531428,55657600
1997-06-19,9.908656120300293,10.018805511681107,9.808084936865635,9.83681956070411,65519200
1997-06-20,9.951760292053223,10.066698813231893,9.846399980972775,9.913447451660332,64240000
1997-06-23,9.81287670135498,10.076277491288861,9.808087596083455,9.951760754229209,35724800
1997-06-24,10.119379997253418,10.124169102789269,9.836822770638202,9.923026670283521,39319200
1997-06-25,9.99485969543457,10.210369367832536,9.94696865712391,10.181634744846141,49576000
1997-06-26,9.827240943908691,10.023594198635912,9.798506321265684,9.97091405712373,37312000
1997-06-27,9.769774436950684,9.961338641596775,9.750618016486076,9.894291169970645,38198400
1997-06-30,9.68356704711914,9.865552975798927,9.669200321567557,9.798505528390585,38286400
1997-07-01,9.573419570922852,9.721881211716013,9.444113177095556,9.688358068007178,59377600
1997-07-02,9.836824417114258,9.84640262978915,9.506376664438186,9.62610373826663,53237600
1997-07-03,9.927811622619629,9.966124450878652,9.846396862569202,9.966124450878652,28764000
1997-07-07,9.923025131225586,10.095432903775837,9.91344692163946,10.009229017500711,39320000
1997-07-08,10.057121276855469,10.061910382225399,9.879924378168015,9.913448115757532,36007200
1997-07-09,10.01880931854248,10.16248249232655,9.923027202686432,10.152904280740945,48266400
1997-07-10,9.951760292053223,10.05712060313367,9.875134611267441,9.999651342544334,43780800
1997-07-11,9.942179679870605,10.0427508616034,9.841608498137811,9.980492511006908,38094400
1997-07-14,10.41630744934082,10.42109655621408,9.999655151367186,10.023600685733488,57424000
1997-07-15,10.610259056091309,10.670122851262215,10.468980499487971,10.579129882602437,75503200
1997-07-16,11.374123573303223,11.45553835256476,10.727594443873354,10.909580421046206,111217600
1997-07-17,11.45553207397461,11.551314114726907,11.2256551761691,11.532157706576447,131668000
1997-07-18,10.76590633392334,11.29270780044094,10.727593499994786,11.110721839280314,158927200
1997-07-21,10.41630744934082,10.804225106074892,10.248688708776715,10.794646892328371,127223200
1997-07-22,11.043670654296875,11.096350783176868,10.478556544493305,10.488134749744212,101384000
1997-07-23,10.837747573852539,11.254399822604272,10.804223829700101,11.1298830586095,95556000
1997-07-24,10.57434368133545,10.75632966860481,10.392357694066089,10.603078310904296,141855200
1997-07-25,10.612659454345703,10.900005829463367,10.516877329306482,10.612659454345703,90308800
1997-07-28,10.49771499633789,10.679700931493384,10.401932925203422,10.670122724379937,56404000
1997-07-29,10.722805976867676,10.732384186762154,10.43067057508611,10.478561624558496,79061600
1997-07-30,10.813799858093262,10.880847332855577,10.698861329929295,10.78506522605227,78324000
1997-07-31,10.832954406738281,10.890423660885435,10.79464157064018,10.880845451860909,42240800
1997-08-01,10.775483131408691,10.86647610007392,10.665333748287624,10.832952374776204,58912800
1997-08-04,10.847320556640625,10.880844284630243,10.684491020691052,10.74674937267177,46312800
1997-08-05,10.981416702270508,11.062831479391571,10.880845507003311,10.900001925149445,59333600
1997-08-06,10.99099349975586,11.081986474263642,10.900000525248076,10.981415291912935,43410400
1997-08-07,11.02930736541748,11.062831096011454,10.880845129929881,11.058041991640886,43947200
1997-08-08,10.727595329284668,10.967050582170486,10.727595329284668,10.943105056881905,66815200
1997-08-11,10.593504905700684,10.746756332907927,10.449831692693893,10.727599904507022,72696000
1997-08-12,10.421092987060547,10.708439301041997,10.406725671361475,10.679704669643852,60887200
1997-08-13,10.425878524780273,10.5934971505806,10.325307349300077,10.583918943392009,66731200
1997-08-14,10.440247535705566,10.478560370698982,10.277417986983552,10.42109111820886,45900800
1997-08-15,10.181633949279785,10.421089122122677,10.17205574236607,10.382776294467813,51078400
1997-08-18,10.258262634277344,10.258262634277344,10.037963810198558,10.191215166079454,69969600
1997-08-19,10.636601448059082,10.650968762036648,10.315731435893408,10.325309645211787,91013600
1997-08-20,10.770694732666016,10.780272940520765,10.49771580880565,10.650967134481645,51433600
1997-08-21,10.564762115478516,10.909577560770652,10.536027495037503,10.852108319888629,64412000
1997-08-22,10.516873359680176,10.53602977745737,10.277418137465235,10.363622017462614,72161600
1997-08-25,10.459402084350586,10.650966225089608,10.392354635091928,10.564762361757047,38856800
1997-08-26,10.344464302062988,10.488137417369419,10.325307886688798,10.421089963559751,34327200
1997-08-27,10.310944557189941,10.368413825506838,10.191216914863073,10.363624719813764,49371200
1997-08-28,10.119379997253418,10.248685846721397,10.114590891717567,10.229529424577994,43641600
1997-08-29,10.128957748413086,10.258263592009849,10.095434011184295,10.119379537776288,37857600
1997-09-02,10.512085914611816,10.536031440613211,10.191215866193142,10.200794076593699,50112800
1997-09-03,10.464192390441895,10.641389240989424,10.435457766028783,10.54560715961238,42872800
1997-09-04,10.58870792388916,10.61265344158226,10.401932885882974,10.421089300037455,44476000
1997-09-05,10.521663665771484,10.703649655438902,10.440248880920272,10.655758605526424,48398400
1997-09-08,10.674909591674805,10.71322241210253,10.555182027838164,10.555182027838164,42416000
1997-09-09,10.689281463623047,10.746750718803817,10.603077580851894,10.670125045229458,39465600
1997-09-10,10.354045867919922,10.660548613316257,10.349256762523105,10.641392191728986,53294400
1997-09-11,10.48334789276123,10.5264498256232,10.181634362727445,10.344463886872663,61779200
1997-09-12,10.569555282592773,10.603079019329588,10.39235838841247,10.488140493374797,48576000
1997-09-15,10.014019012451172,10.516875060422178,10.0092299072324,10.39235832473412,129003200
1997-09-16,10.44982624053955,10.497717286554856,10.037963244807928,10.095432500026293,102538400
1997-09-17,10.205582618713379,10.478561600067984,10.162480674288968,10.468983390195893,61609600
1997-09-18,10.133745193481445,10.35404400203539,10.071486834542288,10.28699653856245,61077600
1997-09-19,10.358832359313965,10.363621463502275,10.11458804571017,10.133744462463408,77435200
1997-09-22,10.215160369873047,10.411513663433663,10.205582160431065,10.344466197339795,43251200
1997-09-23,10.38277816772461,10.38277816772461,10.200792203530174,10.234315933776518,39946400
1997-09-24,10.148111343383789,10.425879374491037,10.12416582346075,10.392355646598784,60040000
1997-09-25,10.172053337097168,10.27741358823471,10.119373211528398,10.181631541746036,39272000
1997-09-26,10.21994686126709,10.248681482245349,10.085851963368553,10.239103275252596,36652000
1997-09-29,10.306154251098633,10.325310671639707,10.181637517581642,10.229528568934331,27505600
1997-09-30,10.138530731201172,10.401931387892748,10.133741628352235,10.301360228065056,43892800
1997-10-01,10.258262634277344,10.306153682990123,10.066698439426226,10.15290232710923,61466400
1997-10-02,10.205582618713379,10.31573203224243,10.172058884161059,10.24868456313779,28831200
1997-10-03,10.339677810668945,10.440249016794025,10.219950184329564,10.339677810668945,60284800
1997-10-06,10.354045867919922,10.440249765062642,10.286998392364474,10.411515132681735,41776800
1997-10-07,10.464192390441895,10.550396263681234,10.31573016430748,10.344464788720591,54548800
1997-10-08,10.650965690612793,10.655754793890946,10.44024514637405,10.46897976604297,71196800
1997-10-09,10.646180152893066,10.69886030659609,10.583921789425856,10.612656418718414,34672800
1997-10-10,10.459402084350586,10.631809811015707,10.440245670276685,10.598286086386377,24893600
1997-10-13,10.478560447692871,10.564764327061459,10.464193134464773,10.497716865330334,19051200
1997-10-14,10.473773002624512,10.526453159473562,10.37320179409451,10.507296738801179,33361600
1997-10-15,10.401932716369629,10.42108913021193,10.334885267921575,10.401932716369629,45003200
1997-10-16,10.260660171508789,10.468986294010834,10.133748855501796,10.430673443895516,47327200
1997-10-17,10.133745193481445,10.31573116576514,9.990072057468003,10.200792656954386,87720000
1997-10-20,10.16247844696045,10.363620810189637,9.76977192827489,10.191213070278904,154052800
1997-10-21,10.612659454345703,10.668931452806246,10.368415035495689,10.430673416771183,115682400
1997-10-22,10.397146224975586,10.612655934843804,10.373200701656895,10.603077725516329,55775200
1997-10-23,10.392358779907227,10.516875521048973,10.114590665052564,10.114590665052564,66413600
1997-10-24,10.373202323913574,10.516875486294648,10.21037273988169,10.488140853818432,70030400
1997-10-27,9.875133514404297,10.440247847430344,9.855977096335618,10.334887548052606,96795200
1997-10-28,10.21994686126709,10.344463552172876,9.46326850883963,10.133742998332316,160057600
1997-10-29,10.028383255004883,10.34925320633503,9.970914009990528,10.248682027559909,85532800
1997-10-30,9.855978965759277,10.066699604482995,9.846400754908199,9.923026441716823,72097600
1997-10-31,9.961336135864258,10.076274629739615,9.932601512395419,10.03796179844783,46808800
1997-11-03,10.27741813659668,10.286996345484468,10.061908436621446,10.085853958840916,67714400
1997-11-04,10.286999702453613,10.33967986852763,10.205584900339224,10.267843278426698,49134400
1997-11-05,10.23431396484375,10.315728722636143,10.152899207051357,10.306150515837038,42512800
1997-11-06,10.119379997253418,10.229529424577994,10.095434469574162,10.210373002434588,40266400
1997-11-07,10.08106517791748,10.11458891010058,9.951759353782672,9.966126667575429,63628800
1997-11-10,9.975706100463867,10.1529029923108,9.9421823641685,10.085855519720068,36764800
1997-11-11,10.009225845336914,10.071484187915564,9.913443779831297,9.99485853551107,37013600
1997-11-12,9.899076461791992,10.037960456659901,9.88470915197807,9.970913010861599,45784000
1997-11-13,10.08106517791748,10.085854282515067,9.899079203209231,9.966126667575429,60094400
1997-11-14,10.215160369873047,10.258262312361962,10.066698123522336,10.085854542406299,46663200
1997-11-17,10.33488941192627,10.40672599263938,10.224739988166165,10.306154779641025,60094400
1997-11-18,10.267839431762695,10.382777932864515,10.248683014912391,10.339675994951333,36683200
1997-11-19,10.34925365447998,10.354042758438556,10.219947847598464,10.239104263432763,31720800
1997-11-20,10.488133430480957,10.50728983857316,10.334882165743336,10.36361677788164,53680800
1997-11-21,10.564762115478516,10.574340322292185,10.44982363371447,10.55997301207168,68220800
1997-11-24,10.38277816772461,10.583920549202668,10.38277816772461,10.50729488006817,39084000
1997-11-25,10.650965690612793,10.670122103725406,10.401932320148825,10.41151052670513,56463200
1997-11-26,10.847320556640625,10.871266076633209,10.593498044719233,10.650967292701434,63053600
1997-11-28,10.842534065246582,10.90000332707651,10.813799434331617,10.823377644636604,17392800
1997-12-01,11.019729614257812,11.0340969279661,10.852110954327772,10.87605647717492,49006400
1997-12-02,10.899999618530273,11.101141966499636,10.880843204437953,11.000570792514955,50167200
1997-12-03,11.08677864074707,11.11551327221337,10.804221431328463,10.856901589016678,57712000
1997-12-04,10.923945426940918,11.177767920420914,10.89999990868809,11.091564054710727,62630400
1997-12-05,10.967052459716797,11.091569212534543,10.890426765675107,10.890426765675107,48136000
1997-12-08,11.196924209594727,11.235237038370073,10.967047236942655,10.995781858524163,49952800
1997-12-09,11.058039665222168,11.139454422393573,10.995781321502857,11.110719802215431,51782400
1997-12-10,10.899999618530273,10.976625274899554,10.80421754806867,10.899999618530273,66434400
1997-12-11,10.655760765075684,10.80422304989247,10.641393447190188,10.75633199027415,70189600
1997-12-12,10.478560447692871,10.61265537115512,10.421091194780479,10.555186118242727,54308000
1997-12-15,10.430669784545898,10.497717248725715,10.191214555332264,10.454615307467261,84305600
1997-12-16,10.655760765075684,10.75633199027415,10.344468877556618,10.411516361022263,65401600
1997-12-17,10.392358779907227,10.756330792475406,10.382780569050169,10.718017949047177,51472000
1997-12-18,10.028383255004883,10.325307687579048,9.990070424995313,10.306151272574263,98774400
1997-12-19,9.860767364501953,9.975705886477693,9.673992266291377,9.865556469584275,138065600
1997-12-22,9.731461524963379,9.961338568860151,9.645257633502089,9.894291097723594,59063200
1997-12-23,9.44890022277832,9.827238751914347,9.424954124643,9.736246385114997,67195200
1997-12-24,9.113665580749512,9.49200421563511,9.041828435478852,9.482426007546678,88411200
1997-12-26,9.252548217773438,9.252548217773438,9.099296901537025,9.1088751088018,32388800
1997-12-29,9.67878246307373,9.712305615798785,9.35791182113946,9.377068242472397,67815200
1997-12-30,9.980496406555176,10.03796567569081,9.673993637831792,9.688361539723337,77864800
1997-12-31,9.903864860534668,10.076272566037206,9.884708448812164,10.037959742592198,46147200
1998-01-02,10.047539710998535,10.076274333622935,9.923023012959469,9.932601220500935,39748000
1998-01-05,9.990072250366211,10.239105690931428,9.798508065316044,10.05711971513377,80377600
1998-01-06,10.047539710998535,10.191212824120536,9.903866597876535,9.942179428042401,67834400
1998-01-07,9.927811622619629,10.052328314461457,9.769771206051155,9.951757140281519,61492800
1998-01-08,9.999651908874512,10.124168647203408,9.769774853498086,9.855978749264246,77619200
1998-01-09,9.731461524963379,10.076277090808539,9.645257633502089,9.966127673941335,87534400
1998-01-12,9.923025131225586,9.961337969570087,9.530318538194457,9.549474957366709,78393600
1998-01-13,10.124168395996094,10.133746606399118,9.817665663099335,9.923025977532596,66945600
1998-01-14,10.047539710998535,10.15289999395467,9.903866597876535,10.12416537133027,54774400
1998-01-15,10.138530731201172,10.191210862539487,9.951755720092601,9.990068542884103,50622400
1998-01-16,10.36362361907959,10.373201829448425,10.138535675411964,10.143324780596382,72943200
1998-01-20,10.559974670410156,10.574341982886905,10.26783931671627,10.277417525034103,64956000
1998-01-21,10.49771499633789,10.607864378142532,10.392354718089974,10.516871410564786,85567200
1998-01-22,10.62222957611084,10.718011628194798,10.368407138088354,10.387563548505145,159139200
1998-01-23,10.593504905700684,10.684497940604984,10.474974504970081,10.631817762502495,63312000
1998-01-26,10.861687660217285,10.871265868030529,10.609062429143007,10.718014543018644,74277600
1998-01-27,11.12508773803711,11.177767877993377,10.847319727358611,10.909578074579654,97540800
1998-01-28,11.41722583770752,11.455538676089088,11.149035969036536,11.20650522660889,79387200
1998-01-29,11.359758377075195,11.503431543732976,11.302289110412081,11.412438538183046,73571200
1998-01-30,11.431595802307129,11.493854179110643,11.311868154608058,11.388493849135463,50071200
1998-02-02,11.867398262023926,11.886554675683367,11.532161022983702,11.62794309128091,98397600
1998-02-03,11.944029808044434,11.963186231152765,11.785989317400702,11.886560538719442,61374400
1998-02-04,12.015864372253418,12.106857366702528,11.881769433065259,11.944027797688333,61940800
1998-02-05,11.910500526428223,12.164323014526614,11.857820387388935,12.116431979036351,67014400
1998-02-06,12.116437911987305,12.126016123775438,11.886560829072131,11.905717252648396,50070400
1998-02-09,12.044593811035156,12.173899589523407,11.92486623836085,12.164321383709462,54681600
1998-02-10,12.202638626098633,12.221795044663937,12.011074440445592,12.0493872775762,48099200
1998-02-11,12.178692817687988,12.264896699213109,12.035019681812786,12.2122165493922,76460000
1998-02-12,12.164322853088379,12.178690163544783,11.987126024126068,12.111642714748232,76658400
1998-02-13,12.068541526794434,12.164323602403913,12.058963319233486,12.154745394842966,42203200
1998-02-17,11.829085350036621,12.145166173155008,11.790772522991968,12.145166173155008,85673600
1998-02-18,11.848243713378906,11.95360400509044,11.78119625501702,11.848243713378906,76608800
1998-02-19,11.867398262023926,11.958391226906274,11.819507227875324,11.91528929617253,73773600
1998-02-20,11.886555671691895,11.934446709853423,11.714147934310384,11.915290294588813,86092000
1998-02-23,12.509140968322754,12.51871917733372,12.164325443927945,12.403780669202117,120803600
1998-02-24,12.585762023925781,13.0167812713205,12.547449201935141,12.77732613387899,118302000
1998-02-25,13.01678466796875,13.026362875965782,12.729438428057739,12.786907676039942,94944400
1998-02-26,13.102987289428711,13.131721910677458,12.940157769019144,13.102987289428711,61388000
1998-02-27,12.988051414489746,13.179615594644462,12.959316787466538,13.112568131590312,47532400
1998-03-02,12.767749786376953,13.160456268928682,12.729436958810929,13.160456268928682,50093600
1998-03-03,12.949740409851074,12.959318620213391,12.652815888619283,12.662394098981599,50753600
1998-03-04,12.61450481414795,12.844381895043583,12.49956627370013,12.633661237555918,71513600
1998-03-05,12.269682884216309,12.480403433359758,12.145166196086087,12.145166196086087,92255600
1998-03-06,12.68154239654541,12.68154239654541,12.298414227465488,12.307992431692487,51404800
1998-03-09,12.197850227355957,12.643236984774138,12.183482912600532,12.643236984774138,52256000
1998-03-10,12.489985466003418,12.48998546600342,12.250530223173598,12.442094417437454,47406400
1998-03-11,12.365466117858887,12.566608479187343,12.221793002624276,12.566608479187343,39838800
1998-03-12,12.547457695007324,12.662396238778383,12.384628091331656,12.64323981481654,47962000
1998-03-13,12.624080657958984,12.719862757033027,12.499563929162727,12.633658867866389,32542400
1998-03-16,12.566611289978027,12.681549807874168,12.470829191731244,12.633658758750776,27979600
1998-03-17,12.317573547363281,12.518715883673257,12.212213275962817,12.518715883673257,53842400
1998-03-18,12.528306007385254,12.53788422298723,12.24095953932596,12.269694186131888,33887600
1998-03-19,12.566611289978027,12.61450233910142,12.451672772081887,12.4899856113806,30299200
1998-03-20,12.537873268127441,12.719859205556334,12.336730916232348,12.585764304292939,56310000
1998-03-23,12.85395622253418,12.968894728249836,12.42293682610047,12.442093243719746,55050000
1998-03-24,13.01678466796875,13.035941083962816,12.786907676039942,12.901846172004346,32281600
1998-03-25,13.610639572143555,13.936298787803569,13.371184266511191,13.869251302226507,124244800
1998-03-26,13.524435043334961,13.725577490863314,13.409496501890189,13.56274789048322,45441200
1998-03-27,13.457381248474121,13.696836430831311,13.419068419296972,13.696836430831311,38924000
1998-03-30,13.476539611816406,13.58189990728903,13.352022898985124,13.495696029175065,27463200
1998-03-31,13.715999603271484,13.754312451325315,13.562748211056162,13.581904635083077,38177200
1998-04-01,13.850088119506836,13.888400949712942,13.562741892961052,13.763884251543102,36835600
1998-04-02,13.993762969970703,14.08954505737639,13.773464168937625,13.897980882565017,41414800
1998-04-03,14.252375602722168,14.2619538121326,14.02249857687181,14.099124252155264,40987600
1998-04-06,13.783040046691895,14.194902952882131,13.648945147002049,14.194902952882131,74232000
1998-04-07,13.371177673339844,13.888400878469035,13.294552013320704,13.687258520918794,62630800
1998-04-08,13.62978744506836,13.639365651284148,13.27539381508415,13.29455022751573,36793200
1998-04-09,13.63936996459961,13.73515205704764,13.409492942724336,13.476540407437957,33619200
1998-04-13,13.581905364990234,13.639374640159446,13.294558989144178,13.61064000257484,33156400
1998-04-14,13.553166389465332,13.725574159790686,13.409493247527537,13.59147922731541,28476800
1998-04-15,14.003345489501953,14.003345489501955,13.620217021936922,13.677686292071677,40498400
1998-04-16,14.051241874694824,14.108711166615867,13.821364707010655,13.850099352971176,39695600
1998-04-17,14.118276596069336,14.137433009361152,13.840508603337984,14.022494529610249,37402800
1998-04-20,14.501412391662598,14.558881661378566,14.127862138508805,14.15659677336679,45535200
1998-04-21,14.539726257324219,14.558882681905674,14.271536313183852,14.510991620452037,51938400
1998-04-22,15.152724266052246,15.191037096054906,14.654657476017658,14.712126721021649,80154000
1998-04-23,14.482250213623047,14.922847773032213,14.4271755186969,14.903691357405728,64215200
1998-04-24,14.118276596069336,14.520561275197498,14.0799637694857,14.328997142279325,51436000
1998-04-27,13.840511322021484,13.874035051867212,13.56274327472832,13.715994611165927,58752000
1998-04-28,13.773459434509277,14.137431241540815,13.64175910959655,14.118274830644419,56668000
1998-04-29,13.869245529174805,14.022496860988891,13.73515061383748,13.802198071506142,50061600
1998-04-30,13.811776161193848,14.041653156941873,13.744728704100675,14.022496740629538,54473600
1998-05-01,13.735152244567871,13.869247175825857,13.505275219554184,13.821356128948004,35996000
1998-05-04,13.495697021484375,13.77346509360861,13.476540602717186,13.668104790389073,37899600
1998-05-05,13.447800636291504,13.725568598152226,13.332862169314653,13.428644225128696,50828000
1998-05-06,13.237091064453125,13.409498907550198,13.179621783420766,13.409498907550198,48110800
1998-05-07,12.777332305908203,13.217929971629177,12.748597675535096,13.208351761504808,78022000
1998-05-08,13.141301155090332,13.198770402124255,12.547452269073132,12.547452269073132,96274800
1998-05-11,12.91142749786377,13.208352017473395,12.882692866933805,13.198773807163407,51474400
1998-05-12,13.131722450256348,13.14130065773283,12.758172358673564,12.758172358673564,64147200
1998-05-13,13.32328987121582,13.601057956237572,13.256242402417465,13.591479746409236,80680400
1998-05-14,13.62978744506836,13.945868250189411,13.150877134278888,13.160455340494677,94774400
1998-05-15,13.706418991088867,13.821357515123156,13.60105867739077,13.811779304786965,48150800
1998-05-18,13.189193725585938,13.256241188243237,12.949738501809867,12.949738501809867,80395600
1998-05-19,13.256247520446777,13.32329501513112,13.112574317551763,13.1508871716571,52234400
1998-05-20,13.141301155090332,13.3137088961921,13.08383190805641,13.198770402124255,35698800
1998-05-21,13.237091064453125,13.390342480539411,13.102996075377622,13.150887142904587,36680000
1998-05-22,13.112567901611328,13.294553869566489,13.093411483931838,13.275397451886999,36129200
1998-05-26,12.815641403198242,13.2083479035952,12.796484988544734,13.07425300102063,44473600
1998-05-27,13.179612159729004,13.198768572751867,12.700701834157456,12.700701834157456,58574400
1998-05-28,13.227508544921875,13.23708675530922,13.035944337174998,13.141304651435782,30746800
1998-05-29,12.997629165649414,13.256240799748555,12.988050956979077,13.237084382407879,34091200
1998-06-01,12.834798812866211,12.966499173819129,12.73901673217318,12.853955229004818,42436800
1998-06-02,13.102987289428711,13.170034739009122,12.853953905272903,12.88268852652165,38570800
1998-06-03,12.921003341674805,13.246662432569499,12.892268716007624,13.160458555567962,36010800
1998-06-04,13.189193725585938,13.19877193453698,12.815643576495269,12.978473128662996,33717600
1998-06-05,13.21792984008789,13.256242680204087,12.98805279939071,13.160460579913595,34431600
1998-06-08,13.131722450256348,13.227504525021164,13.02636216801505,13.122144242779866,18886400
1998-06-09,13.342448234558105,13.419073924347384,13.06468010907197,13.07425832029563,35690400
1998-06-10,13.179612159729004,13.54358400716338,13.160455746706143,13.275394224843314,33290400
1998-06-11,13.074254989624023,13.352023044348638,13.045520363273202,13.246662747728957,41271200
1998-06-12,13.141301155090332,13.198770402124255,12.873111335598693,13.007206245344513,41323600
1998-06-15,13.170040130615234,13.380760772705079,12.959319488525392,12.97847591053356,42846000
1998-06-16,13.773459434509277,13.783037639957474,13.10298505313539,13.227501723961968,61138400
1998-06-17,13.955448150634766,14.156590505585577,13.754305795683957,13.783040417819786,76147600
1998-06-18,13.974607467651367,14.06081135196176,13.850090745869691,13.91713821144444,39228400
1998-06-19,14.510981559753418,14.520559765403421,14.17574436200334,14.233213595903353,91226800
1998-06-22,14.683396339416504,14.702552759950642,14.357737190336165,14.520566764876333,48969600
1998-06-23,15.440070152282715,15.45922656686371,14.597187910718896,14.683391776333377,124675200
1998-06-24,16.081811904907227,16.110546530109563,15.315555232844941,15.583745068066742,105724800
1998-06-25,15.564583778381348,16.37873123755822,15.535849162175106,16.225479951124925,88969600
1998-06-26,16.005184173583984,16.033918795080545,15.631634094128703,15.669946922790784,55680400
1998-06-29,16.464946746826172,16.503259595568057,16.129709320334655,16.168022169076544,65906000
1998-06-30,16.608623504638672,16.63735814738026,16.033930649806884,16.12971279227885,77010000
1998-07-01,16.761865615844727,16.876804122924803,16.42662830352783,16.723552780151365,53470400
1998-07-02,16.43621253967285,16.723558912744053,16.417056114801436,16.67566785056552,27321200
1998-07-06,16.522411346435547,16.560724184340327,16.14886117686396,16.37873820429263,35307600
1998-07-07,16.541561126708984,16.637343183030403,16.321262397169722,16.5224047154447,32422800
1998-07-08,16.838499069213867,16.876811922613673,16.35958840171632,16.57030909541524,41553600
1998-07-09,17.01090431213379,17.164155702333193,16.819340074384534,16.857652921934385,43690000
1998-07-10,17.346134185791016,17.355712393513706,16.838489176488462,17.030053330942255,45396800
1998-07-13,18.016613006591797,18.121973316571868,17.413185776705948,17.489811456691452,69223200
1998-07-14,17.853782653808594,18.198598198624637,17.700531300557017,18.121972521998853,56972400
1998-07-15,17.987873077392578,18.083655149157185,17.71968327645169,17.77715251951045,48690000
1998-07-16,17.987873077392578,18.21775004962763,17.872934591275055,18.093233356333645,65125200
1998-07-17,18.074079513549805,18.33269114410934,17.76757684029406,18.00703205377511,83108400
1998-07-20,17.930410385131836,18.31353881216457,17.90167575310438,18.112396387972385,45794800
1998-07-21,17.28866958618164,18.23691240558994,17.24077853469637,17.91125325549012,74605200
1998-07-22,17.892091751098633,17.968717411702908,17.144991560206932,17.164147975358002,71654400
1998-07-23,17.317401885986328,18.007032934543304,17.317401885986328,17.825046963396325,51029600
1998-07-24,17.441925048828125,17.71969321270293,17.24078258533258,17.43234683628072,60366400
1998-07-27,17.892091751098633,17.892091751098633,16.963005616271776,17.336555711717626,58998000
1998-07-28,17.202463150024414,17.91125060720805,17.164150314500976,17.77715568287601,78378400
1998-07-29,16.963010787963867,17.508968786221317,16.86722868300642,17.3557174182894,59738000
1998-07-30,17.384445190429688,17.41317981057916,16.97258230162061,17.154568229233924,72746400
1998-07-31,16.84806251525879,17.39641474891346,16.84806251525879,17.307816353082792,53705200
1998-08-03,16.618192672729492,16.991742825027156,16.45536311916384,16.7235529720955,73566400
1998-08-04,16.0147705078125,16.800183893961197,15.966879447681482,16.64693250154194,91412000
1998-08-05,15.986030578613281,16.28295505311119,15.555011180148574,15.957295952048968,120208800
1998-08-06,16.378740310668945,16.388318521376938,15.880673353853282,15.89982977526927,68308000
1998-08-07,16.225492477416992,16.474526010128233,16.10097571106137,16.464947797331646,54972400
1998-08-10,16.005184173583984,16.292530388549586,16.005184173583984,16.215904731225425,46763200
1998-08-11,15.851930618286133,15.995603705460931,15.631631884618109,15.765726765981254,60976400
1998-08-12,16.100967407226562,16.120123822940098,15.784886547953228,15.986028912945349,53760000
1998-08-13,15.928561210632324,16.244642100560686,15.8998265842752,15.957295836989447,51193200
1998-08-14,15.976454734802246,16.100971468346867,15.861516211530287,16.043502206710887,29566400
1998-08-17,16.445785522460938,16.455363731850838,15.78488907455773,15.861514749676942,54073200
1998-08-18,17.049209594726562,17.135413463463944,16.45536072120238,16.53198638230227,70591200
1998-08-19,16.943849563598633,17.279086835914036,16.895958524696432,17.202461173670514,55709600
1998-08-20,17.250356674194336,17.27909130496756,16.80975900233818,16.876806474142377,49970400
1998-08-21,16.95343589782715,17.145000145260223,16.666089526677535,17.030061596800376,59523600
1998-08-24,16.915122985839844,17.16415650658267,16.85765371182227,16.905544773503582,26319200
1998-08-25,17.28866958618164,17.422764530340388,17.030057908161194,17.06837074934941,58026800
1998-08-26,17.250356674194336,17.432342669091444,16.991744997235287,17.049214258781742,44804400
1998-08-27,16.742713928222656,17.279093779470063,16.62777538866964,16.943856372440433,74874000
1998-08-28,16.129697799682617,16.80017217377869,16.05307215692878,16.58945165620564,72730000
1998-08-31,14.702558517456055,16.321276686478903,14.673823875402393,16.072243122013848,132690400
1998-09-01,15.516701698303223,15.593327385702253,14.482254918416343,14.597193449514885,140112400
1998-09-02,15.411336898803711,15.976451179120316,15.363445858098913,15.6029010616229,63438400
1998-09-03,15.210199356079102,15.440076424432942,15.07610439953936,15.133573666627822,67506800
1998-09-04,14.807920455932617,15.363456928406158,14.73129473559144,15.277252993022334,50890400
1998-09-08,15.626852035522461,15.641219352747887,15.181465201534232,15.3251383737885,60625600
1998-09-09,15.669952392578125,16.005189760390003,15.574170287489016,15.669952392578125,65480800
1998-09-10,15.440070152282715,15.497539396025703,15.123989311696283,15.32513166479674,60758000
1998-09-11,15.976454734802246,16.033923996438226,15.344292856806474,15.497544221169084,58989200
1998-09-14,16.24464225769043,16.407471808622468,16.072234497880036,16.08181270675839,45086800
1998-09-15,16.599040985107422,16.618197408633225,16.11055218519947,16.225490726354284,49367600
1998-09-16,16.579872131347656,16.627763154257384,16.263791380143452,16.53198110843793,42886800
1998-09-17,16.081811904907227,16.32126711492669,16.06265548810567,16.1392811553119,45178400
1998-09-18,16.148860931396484,16.282955862024924,15.986031372776234,16.2063301873801,47361600
1998-09-21,16.531984329223633,16.56071894856759,15.689102161800873,15.708258574696845,45872000
1998-09-22,16.73313331604004,16.838493628848536,16.35958311608265,16.618194792976226,43082000
1998-09-23,17.413185119628906,17.451497958175946,16.62777192941462,16.800179702876292,65263600
1998-09-24,16.876798629760742,17.566429447775935,16.70439092525694,17.33655250843754,63521600
1998-09-25,17.326980590820312,17.33655880010214,16.64692773181078,16.723553406065378,47878400
1998-09-28,17.058792114257812,17.528124407126217,16.819336862794337,17.317403785838362,41405200
1998-09-29,17.29824447631836,17.470652228574025,17.068367473310804,17.135414932521343,48743200
1998-09-30,16.867231369018555,17.40361124219575,16.862442263008045,17.212047001775325,38875600
1998-10-01,15.94771957397461,16.781023840002113,15.938141364020272,16.560725011052313,65442400
1998-10-02,15.957297325134277,16.120126889676463,15.47838684118667,15.842358808986852,65889600
1998-10-05,15.507122993469238,15.765734680204057,14.788757196983635,15.708265416485208,114937600
1998-10-06,14.961166381835938,15.880674686993588,14.922853535787702,15.708266879776527,76550000
1998-10-07,14.424787521362305,15.286826616264435,14.309848975375354,14.922854553972424,90710400
1998-10-08,13.974607467651367,14.079967770697403,13.447805952421193,13.878825373973154,144719200
1998-10-09,14.846226692199707,14.86538311373803,14.137439095281785,14.281112256819203,72661600
1998-10-12,15.286819458007812,15.478383611616934,15.095255304398693,15.210193796564164,51502800
1998-10-13,14.77917766571045,15.286822783197586,14.673817358307458,15.248509944141952,47995600
1998-10-14,15.353869438171387,15.535855414044908,14.692972999472806,14.692972999472806,62403200
1998-10-15,16.158435821533203,16.187170443622474,15.267662536765812,15.344288195670535,66253600
1998-10-16,16.100967407226562,16.32126618793222,15.93813787366151,16.24464052507808,68620000
1998-10-19,15.775311470031738,15.966875665174808,15.497543387074288,15.957297455417654,60177600
1998-10-20,15.363449096679688,15.842359604680926,15.267666995079441,15.823203184360876,94368400
1998-10-21,16.311689376831055,16.378736837569644,15.794466108276223,16.07223415990752,125377200
1998-10-22,16.85764503479004,16.8768014496023,16.129701271924105,16.244639760797675,81910800
1998-10-23,16.30211067199707,16.857646758351848,16.273376046840788,16.704395424185012,59882000
1998-10-26,16.4074764251709,16.551149598771342,16.196755770556912,16.369163578877444,59678400
1998-10-27,16.158435821533203,16.53198590869372,16.09138836999157,16.51282949396754,65434800
1998-10-28,16.196748733520508,16.340421844698987,16.072232037165826,16.072232037165826,56808400
1998-10-29,16.340425491333008,16.474520425025073,16.15843950989378,16.15843950989378,52402800
1998-10-30,16.225492477416992,16.579886350890682,16.110553923857957,16.436213158941886,59322800
1998-11-02,16.21590805053711,16.37873760568131,16.091391331897427,16.302111932672272,48388400
1998-11-03,16.1201229095459,16.330843470454994,16.05307545834755,16.168013946116147,36546800
1998-11-04,16.168020248413086,16.44578836879459,16.072238137936704,16.215911303651275,67459600
1998-11-05,16.30211067199707,16.493674839705616,16.12970292105938,16.139281129444807,76727200
1998-11-06,16.75229263305664,16.819340116436514,16.235069189840484,16.254225613663305,74461200
1998-11-09,16.963010787963867,17.06837110341706,16.675664473091526,16.733133736065994,68956800
1998-11-10,17.173723220825195,17.38444375114207,16.86722063127338,16.876798837196873,72075600
1998-11-11,17.020475387573242,17.58558965198901,16.99174076395888,17.384447286688484,63899200
1998-11-12,16.666074752807617,17.030046500282726,16.62776193728392,16.89595164594979,38526800
1998-11-13,16.85764503479004,16.934270694039085,16.608611642230642,16.61818984963677,28368800
1998-11-16,16.6756534576416,17.125829053568744,16.474511170099685,17.058781624388104,42620400
1998-11-17,17.14498519897461,17.221610831148798,16.694809609951257,16.704387813973028,58744000
1998-11-18,16.8193302154541,17.020472547187893,16.723548152723726,16.79059559663499,41691200
1998-11-19,17.125837326049805,17.240775831593766,16.713974347850623,16.713974347850623,45220800
1998-11-20,17.413185119628906,17.432341538902424,17.049213153432042,17.279090184714274,48405200
1998-11-23,18.265640258789062,18.418891566676123,17.240772137294343,17.240772137294343,110870400
1998-11-24,18.648767471313477,19.165990606111077,18.179435367515655,18.18901357371561,101114800
1998-11-25,19.041475296020508,19.0606317097992,18.505095710217113,18.80202012378685,41394000
1998-11-27,19.62575340270996,19.635331613253012,19.051060770126945,19.1755775071866,26335600
1998-11-30,18.696657180786133,19.96337486119544,18.687078975263187,19.82688543249349,70900000
1998-12-01,19.846050262451172,19.884363100795674,18.40931882453241,18.42847524370466,86330800
1998-12-02,19.42460823059082,19.88436227155155,19.23304404685718,19.79815838887141,65759600
1998-12-03,18.715816497802734,19.75984106190739,18.696660083782465,19.443760230572952,51426800
1998-12-04,19.520381927490234,19.520381927490234,19.003158853847214,19.146831929859164,44352000
1998-12-07,20.4686279296875,20.497362550084816,19.424603388585048,19.568276490571623,89809200
1998-12-08,20.104660034179688,20.573992259846577,19.884361234376858,20.363271668730828,77585200
1998-12-09,20.478212356567383,20.506946985692593,19.922676193479962,20.24833532356569,44781600
1998-12-10,20.16213035583496,20.63146260639834,20.13339572824945,20.401585585714237,57015600
1998-12-11,20.53567886352539,20.64103915620206,20.0376120254175,20.075924859118103,51728800
1998-12-14,19.606597900390625,20.497371522636023,19.568285056423083,20.344120146765846,64077600
1998-12-15,20.210025787353516,20.22918220990077,19.807740913861174,19.817319125134798,51719600
1998-12-16,20.497373580932617,20.708094243914168,19.78858589635831,20.30580934185848,60024000
1998-12-17,20.593143463134766,20.66976911323015,20.26748445022938,20.564408844348996,46963600
1998-12-18,21.119949340820312,21.18699679904514,20.554835050068206,20.688929966517858,59648000
1998-12-21,21.522239685058594,21.790429587676147,21.110376620324494,21.244471571633273,48112000
1998-12-22,21.215730667114258,21.531811530326344,21.052901131520155,21.531811530326344,41350000
1998-12-23,22.00114631652832,22.0394591529524,21.35940630642497,21.51265765212129,34940000
1998-12-24,21.72337532043457,22.06819080171131,21.6850624891816,22.010721554831854,13832400
1998-12-28,21.819156646728516,22.010720796392505,21.68506174196372,21.91493872156051,23636400
1998-12-29,21.53181266784668,21.847893547757238,21.397717749096742,21.847893547757238,29651600
1998-12-30,21.301931381225586,21.970011288527964,21.282774968112975,21.58927757791478,34942800
1998-12-31,21.254045486450195,21.455187872757296,21.148685188860764,21.33067115742433,23834400
1999-01-04,21.608448028564453,22.259766497510544,21.35941449632036,21.39533279424018,69305200
1999-01-05,22.451322555541992,22.681199578294983,21.675487603750653,21.742535068720276,64281600
1999-01-06,23.17926788330078,23.217580722777313,22.489636772723237,22.91107800696507,69064800
1999-01-07,23.064321517944336,23.08347793116522,22.719506079968422,22.949383038619033,51150400
1999-01-08,22.96854591369629,23.370830704511654,22.527948285660415,23.322939657986016,50244800
1999-01-11,22.60456657409668,23.13136791374724,22.10649985297252,23.121789707571775,46463200
1999-01-12,21.790424346923828,22.70035415481735,21.608438385345124,22.70035415481735,57907200
1999-01-13,22.039459228515625,22.64288640426377,20.84218308615819,20.84218308615819,75346000
1999-01-14,21.72337532043457,22.30764599704238,21.6850624891816,22.259754957976167,59214000
1999-01-15,22.949378967285156,22.98769178693004,21.665899509181564,21.905354631962084,59344000
1999-01-19,23.84973907470703,24.27118024711149,23.12179523146296,23.198420899172863,102741600
1999-01-20,24.922508239746094,25.707921643150854,24.900957262213648,25.58340488407449,125481200
1999-01-21,24.26160430908203,25.027861057888412,24.175400424841314,24.788405823886418,80077200
1999-01-22,23.945533752441406,24.55614486312866,23.79228233642578,23.84975161743164,82160000
1999-01-25,24.807565689086914,25.027864534974558,24.38612441869316,24.778831057014614,103076400
1999-01-26,26.292171478271484,26.32090609190894,25.20983436459401,25.363085637327103,120203200
1999-01-27,25.84200668334961,26.732780079032157,25.822850266238156,26.43585561380464,98048000
1999-01-28,26.665727615356445,26.675305822114833,26.023987762544344,26.32091217205442,78838400
1999-01-29,26.818981170654297,26.838137585776195,26.186819471631733,26.780668340410507,79571600
1999-02-01,26.502904891967773,26.96265893418478,26.17724577873073,26.886033260481945,81729200
1999-02-02,25.688758850097656,26.445437429201952,25.478038233131905,26.43585921933987,91965600
1999-02-03,25.564250946044922,26.03358339128891,25.439734174857744,25.49720345386721,73749200
1999-02-04,24.37653923034668,25.803692214755973,24.347804606499512,25.76537938295975,89151600
1999-02-05,24.52021598815918,24.76924943178892,23.734802819788456,24.55852882564068,127945200
1999-02-08,25.32478904724121,25.37268010065884,24.769252827596738,24.91292598784962,109866800
1999-02-09,24.52979278564453,25.554661129285282,24.48190174154917,25.276893073532182,77293600
1999-02-10,24.615997314453125,25.19068985875942,24.30949462415643,24.501058805591864,73694000
1999-02-11,24.9416561126709,25.114063873818395,24.577684172470633,24.9416561126709,60366000
1999-02-12,24.17538833618164,25.08531777038816,24.07960629047569,24.778815224129122,62930400
1999-02-16,23.945533752441406,24.501070135498047,23.68692198791504,24.481913708496094,73666800
1999-02-17,22.987703323364258,23.619865164756774,22.757826290130616,23.437879180113473,101215600
1999-02-18,22.336376190185547,23.198414722396826,22.06579187313034,23.131367281002614,117035200
1999-02-19,22.642885208129883,22.872762215319018,22.3363825318777,22.594994164965478,73085600
1999-02-22,22.805706024169922,22.834440639068077,22.183122701376536,22.71950217947545,92514400
1999-02-23,23.821001052856445,23.849735674150605,23.064322692110302,23.437872768934348,95106800
1999-02-24,23.428285598754883,24.424418755856482,23.409129191887544,23.974243194474028,67696800
1999-02-25,23.52407455444336,23.562387379450595,22.93022576683119,23.351666841910795,70817200
1999-02-26,23.00686264038086,23.37083465550762,22.911080531136978,23.35167823365884,59273200
1999-03-01,23.255897521972656,23.380414271472507,22.91108190797306,22.920660119473048,58332000
1999-03-02,22.76740074157715,23.619861265767458,22.6237276195226,23.275045772836545,58569600
1999-03-03,22.93022918701172,23.09305871757947,22.537522672113024,22.834447110207158,76798400
1999-03-04,23.332509994506836,23.52407411597241,22.700348393670446,23.160102285187822,61696400
1999-03-05,23.744375228881836,23.811422678096104,23.46660722499415,23.715640607790004,47302800
1999-03-08,24.366973876953125,24.402892175710427,23.753968244828517,23.830593948844093,46726000
1999-03-09,24.7979736328125,25.248149283929603,24.481892856496234,24.50104926718207,90129600
1999-03-10,24.730932235717773,24.90333997399931,24.395694966837013,24.874605350952386,53114800
1999-03-11,24.740522384643555,25.219432999909596,24.414863166262652,24.67347489850631,62948400
1999-03-12,24.548954010009766,24.94166064848437,24.031730632506637,24.922504227095363,73395200
1999-03-15,25.420562744140625,25.43971915917012,24.194552182252906,24.60641510538706,60609600
1999-03-16,25.909055709838867,26.052728846862003,25.171533606453433,25.36309778915095,68554000
1999-03-17,25.612131118774414,25.96652485527204,25.554661864207233,25.909055600704857,44919600
1999-03-18,26.426288604736328,26.445445029966294,25.468467343238093,25.506780193698024,56231200
1999-03-19,26.234716415405273,26.68489227211358,26.033574011344115,26.646579433244785,91980400
1999-03-22,26.4837589263916,26.809418168162782,26.35924215747909,26.502915352378142,55719200
1999-03-23,25.525924682617188,26.684887867081233,25.478033641936857,26.464589079951704,69581200
1999-03-24,26.244285583496094,26.330489441252105,24.99911874924263,25.59296754711736,82634400
1999-03-25,27.57566261291504,27.594819030152216,26.435855787303062,26.522059664870355,109447600
1999-03-26,27.297893524169922,27.642709021317334,26.933921610514325,27.422410231473155,94687600
1999-03-29,28.313186645507812,28.389812319785236,26.933924508514195,27.623555577011004,79777000
1999-03-30,28.504751205444336,28.65800255601124,28.27487417959398,28.619689718369514,67502400
1999-03-31,27.470304489135742,29.002817989226997,27.317053139126617,28.964505151724715,58752600
1999-04-01,28.408954620361328,28.466423847509734,27.66664376969444,27.968357212223562,41106000
1999-04-05,29.098608016967773,29.122553546935652,28.65801026555878,28.907043777224732,39848600
1999-04-06,28.830419540405273,29.30933016400005,28.581386016135994,29.17523518939351,39674800
1999-04-07,28.60053062438965,29.117753884174327,27.9683688624306,29.079441050116202,46910200
1999-04-08,28.983640670776367,29.002797075714092,27.8917255893261,28.581356167084163,38637000
1999-04-09,28.887868881225586,29.11774582192499,28.50474064672657,28.887868881225586,31816800
1999-04-12,28.504751205444336,28.696315393652966,28.006684316101893,28.083309991385345,37858800
1999-04-13,27.623552322387695,28.543060305379797,27.336206077702666,28.543060305379797,46746800
1999-04-14,26.320919036865234,27.930058191957432,26.320919036865234,27.83427609939242,52944000
1999-04-15,27.24043083190918,27.546933569820958,25.707917142350297,26.76152030392203,72594600
1999-04-16,26.55079460144043,27.3170512998947,26.320917591904152,27.297894882433344,44774000
1999-04-19,24.82672691345215,27.010559373431732,24.635162662576743,26.62743087168093,75389000
1999-04-20,25.478044509887695,25.746234452097042,24.520223287711467,25.209854567678352,108459400
1999-04-21,25.133222579956055,25.28647393715091,24.520217151176638,25.17153541925477,92732800
1999-04-22,26.0335693359375,26.129351415907834,25.554658936085815,26.052725751931565,55096400
1999-04-23,26.359224319458008,26.665726927823798,25.439716494360635,26.052721711092218,56592000
1999-04-26,26.97223663330078,27.25958290425214,26.589108272032306,26.723203198476273,48349800
1999-04-27,25.746231079101562,27.20211914607457,25.72707465716771,27.20211914607457,58665800
1999-04-28,25.171524047851562,26.51247281752402,25.047007376381977,26.148501008612925,55963400
1999-04-29,25.152366638183594,25.65043330428624,24.64472176696359,25.248148689357176,60880600
1999-04-30,24.922508239746094,25.66960879420428,24.4819104768605,25.363106002631692,58558600
1999-05-03,24.48191261291504,24.979979692677006,24.07962766387653,24.960823266532312,67180000
1999-05-04,23.926362991333008,25.075747922862217,23.830580913705575,24.673463196826994,66502200
1999-05-05,24.252016067504883,24.48189299705469,23.42829040328473,24.252016067504883,67028200
1999-05-06,23.888059616088867,24.865037194613755,23.753964654330552,24.730942232855437,74021000
1999-05-07,24.23287582397461,24.635160719076165,23.907216623178115,24.40528363616099,48011600
1999-05-10,24.424427032470703,24.67346040613511,23.98382952521829,24.481896272547107,46218000
1999-05-11,24.48191261291504,24.831517390055648,24.347817629902202,24.750102578940712,42786200
1999-05-12,24.6734619140625,24.826713230298914,24.29033362347147,24.750087572180707,60142600
1999-05-13,24.252016067504883,25.056585320929216,24.252016067504883,24.86502121297104,51737200
1999-05-14,23.562400817871094,24.501065565900106,23.48577512415444,24.175406367604328,84401000
1999-05-17,24.252016067504883,24.386110943075604,23.60069810044709,23.715636565221992,66850200
1999-05-18,24.11793327331543,24.596843783111208,23.888056228613454,24.462748840368388,63858400
1999-05-19,24.309492111206055,24.4818998566756,23.677330377817714,24.4818998566756,46510800
1999-05-20,24.04129981994629,24.5202101749253,24.02214340574713,24.386115275531175,42386200
1999-05-21,23.77311134338379,24.213708894469868,23.600703606002277,24.06045757235297,56568800
1999-05-24,23.677339553833008,23.868903789705442,23.31336750567538,23.868903789705442,38990000
1999-05-25,23.37082862854004,24.290336640154727,23.33251579472276,23.52407996380915,50791600
1999-05-26,24.060461044311523,24.060461044311523,23.14095297892382,23.658176265704405,52022800
1999-05-27,24.022153854370117,24.347813037403842,23.75396393893058,23.983841009307326,56702200
1999-05-28,24.730932235717773,24.78840148181162,23.945519205768566,24.137083359414714,41548000
1999-06-01,24.060461044311523,24.7500920933523,24.041304626282614,24.711779257294477,36046400
1999-06-02,24.04129981994629,24.09876906254377,23.370825322975676,23.926361334751327,42812600
1999-06-03,23.40915298461914,24.194566464463154,23.332527279268504,24.022158627424222,32934400
1999-06-04,24.386112213134766,24.424425036721782,23.524073682426938,23.58154291780746,35668200
1999-06-07,24.59683609008789,24.84586947729283,24.27117704528143,24.501054018085988,32392200
1999-06-08,24.328645706176758,25.171527919619102,24.213707222525528,24.48189701771173,41516400
1999-06-09,25.2290096282959,25.324791745335745,24.520221962201024,24.55853480901696,53310800
1999-06-10,24.48191261291504,25.229013232557985,24.232879073034056,25.09491824954515,35277400
1999-06-11,23.945533752441406,24.673477978515624,23.77312590942383,24.5202265625,34543000
1999-06-14,23.77311134338379,24.424429462380605,23.734798512854564,24.13708323341142,28369800
1999-06-15,23.81142807006836,24.17540001965106,23.504925375682927,23.926366580462897,36981000
1999-06-16,24.82672691345215,25.01829116432755,24.19456488556332,24.2328777357384,48325200
1999-06-17,25.40141487121582,25.43972771415883,24.673470855298625,24.73094011971314,44475200
1999-06-18,26.052722930908203,26.052722930908203,25.17152789059807,25.228997132357428,69116200
1999-06-21,27.25957489013672,27.278731302568296,26.014408082084092,26.014408082084092,56194400
1999-06-22,26.512495040893555,27.106344279526287,26.43586933268288,27.106344279526287,38751000
1999-06-23,26.359224319458008,26.78066540596097,26.07187812411508,26.340067906435145,33942000
1999-06-24,25.937788009643555,26.435854839961674,25.746223844136587,26.2826035075561,33559000
1999-06-25,26.0335693359375,26.493323319795113,25.861161591990893,26.16766424789597,24933000
1999-06-28,26.589107513427734,26.608263930944613,26.03357140543825,26.20597916309016,31701000
1999-06-29,26.97223663330078,26.991393051364206,26.35923125527122,26.56995185396888,38973200
1999-06-30,27.6427059173584,27.661862331715543,26.589103127715493,26.895605757429795,57610200
1999-07-01,27.949214935302734,28.04499702898095,27.087176092198813,27.54693014185424,47737800
1999-07-02,28.198251724243164,28.2365645662598,27.681028357018597,27.853436146093454,32094800
1999-07-06,27.451156616210938,28.485603550806466,27.355374492637278,28.274882878944414,45419400
1999-07-07,28.294031143188477,28.294031143188477,27.546930794790136,27.60440005235924,33834600
1999-07-08,28.370664596557617,28.50475956764196,27.79597186333903,28.140787503270186,37790400
1999-07-09,28.581378936767578,28.600535356966482,28.27487621358508,28.313189053982892,33884200
1999-07-12,28.86872100830078,29.04112876482016,28.31318490396055,28.562218330044104,43847800
1999-07-13,28.696306228637695,28.830401117556562,28.447272863502654,28.54305492701613,30845000
1999-07-14,29.098608016967773,29.117764440942075,28.351507481969914,28.734635961455997,37985200
1999-07-15,28.92618179321289,29.194371558183075,28.73461767537704,29.117745911048736,40926200
1999-07-16,30.47785758972168,30.611952500550125,29.117752065604623,29.2710033922657,115369800
1999-07-19,30.152206420898438,30.88015041327083,29.979798633231294,30.65027336304797,81181600
1999-07-20,28.60053062438965,29.654133560988065,28.294027951924658,29.558351475842752,92287400
1999-07-21,29.021963119506836,29.21352723250688,28.504740014406714,28.69630412740676,54050800
1999-07-22,27.91089630126953,28.964499112916634,27.585237250396794,28.926186283402192,60904200
1999-07-23,27.66187286376953,28.121626983388968,27.48946506891224,28.064157718436537,68833200
1999-07-26,26.8572940826416,27.52776861394863,26.8572940826416,27.24042238624562,50885000
1999-07-27,27.22127914428711,27.508625511045945,26.97224562642945,27.22127914428711,65513000
1999-07-28,27.585235595703125,27.738486904568145,27.08716884189182,27.33620221879747,62215200
1999-07-29,26.64657974243164,27.221272332131818,26.455015545864914,27.182959492818473,57968200
1999-07-30,26.301767349243164,27.16380633738296,26.205985239449852,26.857303586044367,51127400
1999-08-02,25.995258331298828,26.64657652088185,25.861163409914088,26.26344817406831,48050600
1999-08-03,25.976102828979492,26.378387607304393,25.86116432088666,26.32091835325798,55051200
1999-08-04,26.0335693359375,26.72320031172392,25.976100087955295,26.0910385839197,75573400
1999-08-05,26.282602310180664,26.47416646696041,25.976099659333077,26.16766381611282,76634000
1999-08-06,26.091035842895508,26.493320536508435,26.033566600950806,26.378382052619028,67205800
1999-08-09,25.688758850097656,26.301764281270756,25.65044601064934,26.244295022098278,39333600
1999-08-10,25.420562744140625,25.765378214671543,25.018278028521216,25.61212689443558,62743000
1999-08-11,25.803678512573242,25.95692975837917,25.22898634080101,25.74620929539602,66105200
1999-08-12,25.056612014770508,25.803712831724674,25.0182991523626,25.72708710690886,61062000
1999-08-13,25.956945419311523,26.244291678565894,25.363096483519158,25.42056573537003,65099800
1999-08-16,25.84200668334961,26.32570621541379,25.229001335783124,26.071883688687038,57321800
1999-08-17,25.918638229370117,26.20598455120349,25.420571271525606,26.18682812974793,51749000
1999-08-18,26.052722930908203,26.416694795384124,25.76537672211142,25.880315205630133,58361200
1999-08-19,25.688758850097656,26.091043664305005,25.478038233131905,25.91863588678757,71478200
1999-08-20,25.554664611816406,25.98568406741301,25.458882510572717,25.746228814303787,46072800
1999-08-23,26.493322372436523,26.550791618363718,25.70790934476487,25.842004251928323,60447000
1999-08-24,28.255708694458008,28.65799336061639,26.684882855172884,26.684882855172884,120450000
1999-08-25,29.213539123535156,29.424259733606558,28.562220874223552,28.696315807905354,81877600
1999-08-26,29.002824783325195,29.539204634007564,28.715478434745354,29.232701862189067,61246000
1999-08-27,28.581378936767578,29.15607154273475,28.313189053982892,29.136915122535846,41948400
1999-08-30,28.274885177612305,28.63885727678211,28.064164488619262,28.466449440333257,33300800
1999-08-31,28.370664596557617,28.543072416523195,27.623564043373456,28.140787503270186,46882800
1999-09-01,28.313186645507812,28.638845761186857,28.083309622675543,28.294030226938457,36607200
1999-09-02,28.140789031982422,28.370666137757635,27.7959733733196,28.04500690457608,33340800
1999-09-03,29.385940551757812,29.558348286416102,28.657996783200577,28.734622443048707,52098000
1999-09-07,28.887868881225586,29.63496893849866,28.73461758742598,29.07943299847509,47028000
1999-09-08,28.274885177612305,29.021985802224016,28.217415898796023,28.715482981870494,42568200
1999-09-09,28.830419540405273,28.854365071585015,28.135999136192854,28.33235249186671,38475200
1999-09-10,29.117753982543945,29.21353606801284,28.81125130904348,29.136910399637724,34455000
1999-09-13,28.77292823791504,29.060274392088626,28.61967695568913,28.96449234069743,27870800
1999-09-14,29.136913299560547,29.290164651563497,28.69631566255207,28.71547208155244,40207800
1999-09-15,28.389789581298828,29.347609742611205,28.313163968393837,29.270984129706214,48413800
1999-09-16,28.811250686645508,28.830407103325456,27.77680418592818,28.466435186406397,45796000
1999-09-17,29.5583553314209,29.577511750948712,28.753785711252604,28.92619348700295,79773400
1999-09-20,29.903175354003906,29.998957465964203,29.117762035929495,29.424264794202436,48601800
1999-09-21,29.002824783325195,29.59667390372353,28.849573397415945,29.59667390372353,47082800
1999-09-22,29.443422317504883,29.615830125479864,28.715478239388304,29.04113743222993,48531600
1999-09-23,27.949214935302734,29.692449040246224,27.590032084009437,29.692449040246224,71073600
1999-09-24,27.872587203979492,28.00668212523575,27.240425432342843,27.64271019611162,70277000
1999-09-27,28.02583122253418,28.485585118187508,27.853423511664182,28.198238933404177,34132200
1999-09-28,28.236553192138672,28.408960911765025,27.297888940839623,27.96836340605323,46000600
1999-09-29,27.43199920654297,28.23656901567342,27.31706066238148,28.06416119943118,37484400
1999-09-30,27.75765037536621,28.102465907979454,27.22127065796783,27.585242609059588,47455400
1999-10-01,27.580442428588867,27.776795639141415,27.06800844007367,27.642700763642114,44239000
1999-10-04,28.370664596557617,28.38982102099824,27.661876892254696,27.738502590017173,29998000
1999-10-05,28.140789031982422,28.77295107286426,27.43200128917551,28.42813541420144,43397000
1999-10-06,28.715476989746094,28.811259101119497,28.217410010604404,28.294035699703123,35500200
1999-10-07,28.734630584716797,29.13691541290283,28.408971438090006,28.715474164326984,46036400
1999-10-08,29.098608016967773,29.175233712864987,28.23656893812409,28.65801026555878,35697000
1999-10-11,28.907032012939453,29.11775259089991,28.84956276440478,29.00281409383057,19943800
1999-10-12,28.370664596557617,28.907044480894967,28.31319532323576,28.81126235869187,27668600
1999-10-13,27.91089630126953,28.543057988257793,27.68101932418289,28.198242522627833,38098400
1999-10-14,27.795963287353516,28.270084645976535,27.48946059086995,27.853432542944184,42737800
1999-10-15,26.99139404296875,27.527773768450032,26.761517017762486,27.43199167461409,73788000
1999-10-18,26.933927536010742,26.972240377455993,26.071888603492617,26.72320690806187,75312800
1999-10-19,26.45501708984375,27.355368866254075,26.12935793667406,27.04886613385907,69945600
1999-10-20,28.274885177612305,28.313198030156496,27.661879536905264,28.064164488619262,88090600
1999-10-21,28.523908615112305,28.543065034598612,27.738495416173684,27.757651835659992,60801200
1999-10-22,28.408954620361328,28.772926392301226,28.12160848461931,28.677144347053883,43650600
1999-10-25,28.332340240478516,28.677155740362636,27.930055490613707,28.198245323856913,30492200
1999-10-26,28.313186645507812,29.194381899698175,28.27966291301144,28.926192039727194,52467600
1999-10-27,27.853431701660156,28.083308717079635,27.489459760579315,28.044995881176387,54416600
1999-10-28,27.546918869018555,27.8534214433609,27.37451117095098,27.585231690811344,70570400
1999-10-29,28.370664596557617,28.81126235869187,27.968379683304608,28.02584895662647,79452600
1999-11-01,28.313186645507812,28.868722784019127,28.23656097123039,28.58137650547879,53261200
1999-11-02,28.370664596557617,28.964513754216828,28.179100352151423,28.428133869879478,46349000
1999-11-03,28.198251724243164,28.658005828442782,28.045000356176626,28.485598039367925,44517000
1999-11-04,28.121606826782227,28.428109353504645,27.68100944461874,28.294014498063586,54239400
1999-11-05,28.06415367126465,28.466438467917587,27.73849455016465,28.140779346817588,70167400
1999-11-08,27.56608009338379,27.815113478522072,25.861159225898618,25.995254125588463,243819200
1999-11-09,27.24043083190918,27.546933569820958,26.493330408249225,27.508620727581988,109769800
1999-11-10,26.704042434692383,27.317047712963653,26.49332187028663,27.010545073828016,69385400
1999-11-11,27.470304489135742,27.719337932900572,27.04886327661065,27.04886327661065,69274600
1999-11-12,27.336198806762695,27.58523215258464,26.684880825382226,27.50860650771635,49414200
1999-11-15,26.665727615356445,27.12548153975914,26.646571201839663,27.048855885692024,47080400
1999-11-16,26.761518478393555,26.895613417082714,26.320920822700604,26.646579959517133,59165200
1999-11-17,26.052722930908203,26.68488459026112,26.052722930908203,26.49332045106327,66819000
1999-11-18,26.0335693359375,26.30175915985444,25.899474423979026,26.0335693359375,64493200
1999-11-19,26.359224319458008,26.531632036663765,25.861157580863598,25.88031399388646,58226000
1999-11-22,27.527769088745117,27.7001768283406,27.10632794751172,27.47029984221329,90596600
1999-11-23,27.470304489135742,28.006684214167684,27.08717611411293,27.3553659766289,70787400
1999-11-24,28.10248374938965,28.274891625152776,27.43200867697749,27.451165107617836,53771000
1999-11-26,27.930068969726562,28.619700302312406,27.891756117916238,28.083320376967862,28514200
1999-11-29,27.6427059173584,28.21739834807271,27.431985359429817,27.623549503001257,51460200
1999-11-30,27.90612030029297,28.466445695030274,27.451155236190026,27.508624507445134,64145600
1999-12-01,28.56222152709961,28.79209856152295,27.85343400429432,27.910903262900156,48864200
1999-12-02,29.060285568237305,29.19438049175587,28.46643662122652,28.52390587416305,55473800
1999-12-03,29.462568283081055,29.76907094402338,29.342840681150456,29.366786201536577,64100600
1999-12-06,29.25184440612793,29.788224002311022,29.04112385048457,29.19437516367974,49098200
1999-12-07,28.504751205444336,29.07944377007023,28.46643836780261,29.041130932428505,56859200
1999-12-08,28.121606826782227,28.90701955150843,28.102450418862073,28.543047801025555,40955800
1999-12-09,28.428117752075195,28.600525474291288,28.025833066904323,28.198240789120412,46258200
1999-12-10,28.77292823791504,28.849553879027997,28.274861570680827,28.61967695568913,36836000
1999-12-13,29.615840911865234,29.71162306229171,28.42814224657698,28.69154316024978,52691600
1999-12-14,30.24798583984375,30.995086186742995,29.213539205675566,29.481729073793243,144116200
1999-12-15,33.236385345458984,33.33216743579172,30.190514872878015,30.209671290944563,155571600
1999-12-16,34.84552764892578,35.24781246510359,33.389639742758455,33.485421841848414,128660200
1999-12-17,35.32441329956055,35.89910548990047,34.826346734599284,35.745854239143156,105898800
1999-12-20,34.55817413330078,35.24780510270146,34.07926373788364,35.190335855251405,39433800
1999-12-21,35.515987396240234,35.74586433731622,33.90684880870831,34.44322833788562,57446000
1999-12-22,36.033226013183594,36.16732095315823,35.28612563332492,35.645308508256974,38565200
1999-12-23,35.99490737915039,36.55044346962158,35.78418679310959,35.93743812841199,31028400
1999-12-27,36.51213073730469,36.550443571236805,35.59262272293395,36.30141015067806,32202200
1999-12-28,36.014068603515625,36.41635341238469,35.87997366722594,36.39719699291473,24591000
1999-12-29,36.14815902709961,36.282253946649,35.80334351968689,35.84165635384386,17449200
1999-12-30,36.052371978759766,36.761159313092456,35.89912066322838,36.12899763652546,22360000
1999-12-31,35.784183502197266,36.09068614461437,35.63093218098871,36.014060484010095,12517600
2000-01-03,35.72672653198242,36.35888844917031,34.32830774547587,35.97576001451098,53228400
2000-01-04,34.519859313964844,35.89912117334635,34.40492082568306,34.80720553466933,54119000
2000-01-05,34.88385009765625,35.669263526543624,33.52374391592446,34.06012381857925,64059600
2000-01-06,33.71529006958008,34.90298778794028,33.217223284461284,34.38576458800922,54976600
2000-01-07,34.15589141845703,34.40492483878229,32.891567899882624,33.29385265579266,62013600
2000-01-10,34.40492630004883,34.84552390856839,34.13673645138475,34.768898237521505,44963600
2000-01-11,33.52373123168945,35.017931823730464,33.313010635375974,34.17504943847656,46743600
2000-01-12,32.43181610107422,33.3704805954349,32.01037489952452,33.25554208592135,66532400
2000-01-13,33.044822692871094,33.29385613925215,31.110024378679803,31.991219650489697,83144000
2000-01-14,34.40492630004883,34.922149579615265,32.41265885282996,32.853256461349524,73416400
2000-01-18,35.34357833862305,35.707550148072286,34.25166291027534,34.27081932129899,81483600
2000-01-19,32.795780181884766,34.17504196523506,32.48927756336248,33.86853934671277,97568200
2000-01-20,32.48928451538086,33.619513163026774,32.450971679867436,32.814943617244936,56349800
2000-01-21,31.79966163635254,32.872421306012626,31.646410254972526,32.79579561532262,68416200
2000-01-24,31.033403396606445,32.3935093479392,30.89930844365815,31.81402758698405,63597600
2000-01-25,31.512298583984375,31.837957596706403,30.516165133305236,30.956762621105625,59823200
2000-01-26,30.458694458007812,31.723017624189268,30.382068811572573,31.3973586268395,49365000
2000-01-27,30.267131805419922,31.014231894287885,29.807377904578104,30.61673633418506,63654800
2000-01-28,30.1138916015625,30.726897028566317,29.80738888806059,30.07557876237476,58225400
2000-01-31,29.99894142150879,30.094723482241577,29.079433638474036,29.92231577292256,73194200
2000-02-01,31.550622940063477,31.64640503763501,29.941483700861696,30.190517154547685,70196600
2000-02-02,30.899290084838867,31.85711060823747,30.80350803249901,31.397356757006143,49915600
2000-02-03,31.761335372924805,31.933743104140923,30.68857615646896,31.282425008435588,49186000
2000-02-04,32.66169357299805,33.10229119890946,31.91938235542991,31.99121892487199,55365400
2000-02-07,32.680850982666016,32.75747665906148,31.952907056909094,32.73832023996262,40005800
2000-02-08,33.69612503051758,33.715281440426914,32.6233660755949,32.6233660755949,56229000
2000-02-09,31.87627410888672,33.542882190300865,31.83796127942892,33.542882190300865,55090000
2000-02-10,32.48928451538086,32.66169227519125,31.416525121005076,31.842755416091883,54527800
2000-02-11,30.6311092376709,32.144466104322554,30.382075829234548,32.144466104322554,115559000
2000-02-14,30.53533935546875,31.186657760792425,30.362931542294838,31.028617265383005,81028600
2000-02-15,30.20966148376465,30.6502589562609,30.07556660083101,30.57363330887025,71027600
2000-02-16,29.922332763671875,30.7077461076607,29.769081379478934,30.420399762298935,65202600
2000-02-17,30.53533935546875,30.554495779154742,29.77387151395063,30.190523729120923,80343400
2000-02-18,29.136913299560547,30.669426819590033,29.079444042559444,30.650270400589662,79063000
2000-02-22,28.753782272338867,29.76907238588581,28.447279596551112,29.156067034310297,66296200
2000-02-23,28.887868881225586,29.3476227626244,28.217394470852312,28.657991940526177,75847200
2000-02-24,29.04112434387207,29.385939804419362,28.198242106978682,28.887873028073273,69733200
2000-02-25,27.987525939941406,29.0267615882931,27.738492512686623,29.021972483922813,65301400
2000-02-28,28.06415367126465,28.236561441258765,27.010550632411707,27.661868874611706,76131800
2000-02-29,27.3936824798584,28.121626489812677,27.240431109341706,28.121626489812677,58437400
2000-03-01,27.83426856994629,28.839980269823908,27.25957617001622,27.47029671665725,106889800
2000-03-02,28.61968231201172,29.232687555642492,27.9300514129271,28.14077196542518,106932600
2000-03-03,29.462568283081055,30.305450600672447,28.77293729596082,29.041127124285353,101435200
2000-03-06,27.776813507080078,29.84570720277984,27.623562122213432,29.424265894396555,93609400
2000-03-07,28.46643829345703,29.884013282498636,28.179092011894546,29.46257206954032,135061000
2000-03-08,29.290159225463867,29.481723379979652,27.891740897498618,28.75377959281966,94290000
2000-03-09,30.650264739990234,30.650264739990234,29.117751502990725,29.213533580303192,88198800
2000-03-10,30.9567813873291,31.416535566348845,30.497027208309365,30.516183632435187,85589000
2000-03-13,30.037261962890625,30.726892977344747,29.884010626345265,29.922323460481604,61831800
2000-03-14,29.156064987182617,30.420388436035477,29.156064987182617,30.228824277118374,73489200
2000-03-15,29.23269271850586,29.615821063440407,28.71546945284422,28.983659294298405,53208000
2000-03-16,29.23269271850586,29.634977480687134,28.58137453211713,29.405100473726407,77300800
2000-03-17,30.458694458007812,30.497007281225432,28.96449435252064,29.194371291826357,81161600
2000-03-20,29.84569549560547,30.57363928818121,29.577505677288087,30.267136638675634,47773000
2000-03-21,31.4931697845459,31.608108360401904,29.57752685361245,29.65415257084979,81648800
2000-03-22,31.646421432495117,32.37436575116026,30.9951028315842,31.512326426425226,93975800
2000-03-23,34.28997039794922,34.59647292664597,32.68083212229127,32.73830134642191,148224000
2000-03-24,34.23251724243164,35.247807345312935,33.581199063224766,34.51986349796408,112196800
2000-03-27,31.89543914794922,33.17891928183066,31.857126308131864,33.030457027538404,111434000
2000-03-28,31.972061157226562,32.929882042703696,31.378212208230746,31.761340562421598,81114400
2000-03-29,32.8532600402832,33.38963979604293,32.22109818528067,32.24025460512923,64363800
2000-03-30,31.684703826904297,33.293842352575375,31.416514072625787,32.54674232279952,64178400
2000-03-31,32.56591033935547,33.17891571044922,31.91459213256836,32.48928466796875,64281400
2000-04-03,27.853431701660156,29.577509317306244,27.585241850337432,28.94534752490268,260118200
2000-04-04,27.14463996887207,28.19824279052907,26.03356790239742,28.06414788595454,181244400
2000-04-05,26.47418212890625,27.125500647272972,26.320930712819962,27.04887493922983,82887600
2000-04-06,26.359224319458008,26.97222953618959,26.13413646643938,26.933916710143865,66421400
2000-04-07,27.297893524169922,27.39367560671087,26.052726451137612,26.66573177939967,82613600
2000-04-10,26.378387451171875,27.163800585157386,26.35923103326979,27.163800585157386,60685400
2000-04-11,25.70791244506836,26.37838706174302,25.592973939352703,26.09104079745388,71961800
2000-04-12,24.328645706176758,25.209840747502845,24.137081566758045,25.171527919619102,153003800
2000-04-13,24.290328979492188,25.209836701113343,24.213703336023755,24.78839566203698,94316200
2000-04-14,22.71951675415039,24.36696906515961,22.451326843055863,24.252030531833384,151217800
2000-04-17,23.255897521972656,23.29421036797261,22.37470206397369,22.75783052397324,119772200
2000-04-18,24.692626953125,25.114068219974303,23.25589536159329,23.447459573797516,91794600
2000-04-19,24.11793327331543,24.97997219094783,23.94552548978895,24.960815770556,53715400
2000-04-20,24.194555282592773,24.481901544856346,23.753957680455294,24.09877319517158,52387400
2000-04-24,20.420738220214844,20.842179346710836,19.922671434355944,20.612302368622114,313645800
2000-04-25,21.263629913330078,21.301942760020765,20.72725005966049,21.072065679876655,159517400
2000-04-26,20.842185974121094,21.800007020725925,20.65062176480013,21.455191443948188,107091200
2000-04-27,21.397722244262695,21.436035086239887,20.650621825707415,20.669778246696012,77669800
2000-04-28,21.378562927246094,21.76169129511789,20.91880888579994,21.68506562154353,78082600
2000-05-01,22.5087890625,22.681196808510638,21.972409408244683,22.336381316489362,107811000
2000-05-02,21.4168758392334,22.527948109962857,21.30193732846828,22.317227506893477,97716200
2000-05-03,21.627599716186523,21.70422540162917,21.09121991808801,21.57013045210454,55354800
2000-05-04,21.58928871154785,21.838322210438818,21.244473097698815,21.550975865564624,43317200
2000-05-05,21.799999237060547,22.01071979207607,21.41687095521414,21.53180943976806,36402200
2000-05-08,21.397722244262695,21.876632768977615,21.3594094022855,21.742537822057436,36187600
2000-05-09,20.784717559814453,21.589287271807272,20.688935451243882,21.512661584950813,60778400
2000-05-10,20.28664207458496,20.80386524362537,20.152547178907817,20.765552416289044,67740000
2000-05-11,20.803865432739258,20.880491088108464,20.152547362101014,20.42073715589323,58390800
2000-05-12,21.09121322631836,21.378559455559753,20.918805488773522,20.9762747346218,37886000
2000-05-15,21.263629913330078,21.28278633667542,20.842188599732545,21.148691373258025,33899600
2000-05-16,21.301931381225586,21.64674681725262,21.167836489437295,21.321087794338197,48410600
2000-05-17,20.74640464782715,21.187002345795776,20.612309696271478,21.110376659192536,53242000
2000-05-18,20.28664207458496,20.86133448462986,20.190860006244144,20.86133448462986,53640400
2000-05-19,19.941835403442383,20.210025312806643,19.769427604565358,20.037617513929618,66578000
2000-05-22,19.673648834228516,19.999308065174848,19.137268924434554,19.96099521447528,69955000
2000-05-23,19.36713409423828,20.095077808957427,19.3288212671478,19.577854643235927,57963200
2000-05-24,20.09507942199707,20.401582063324003,19.309666403596804,19.347979233762672,85482400
2000-05-25,18.849916458129883,19.846050254697722,18.73497794314129,19.788580997203425,94348800
2000-05-26,18.830753326416016,19.194725160802488,18.5050943167018,19.02231744977732,55822000
2000-05-30,19.42460823059082,19.654485251071183,19.00316702637682,19.137261954990365,68536400
2000-05-31,19.175573348999023,19.525177958009245,19.02232201354249,19.50602154107718,54968200
2000-06-01,19.78858757019043,20.22918535732923,19.558710463857143,19.731118293607107,94507200
2000-06-02,20.3249568939209,20.45905180274036,19.92267216746252,20.229174816192714,80463200
2000-06-05,20.497373580932617,20.957127754710545,20.229183646228826,20.23397275220568,64400000
2000-06-06,21.340240478515625,21.416866117576724,20.78470459532267,20.899643053914318,99019000
2000-06-07,21.608448028564453,21.685073730793405,20.5740010484736,21.225319517419692,76310600
2000-06-08,21.09121322631836,22.10650323630462,20.918805488773522,21.93409549875978,94765600
2000-06-09,21.09121322631836,21.35940304027699,20.93796190405628,21.340246624994233,35710200
2000-06-12,20.497373580932617,21.14869199378468,20.344122189673307,21.14869199378468,49260600
2000-06-13,20.803865432739258,20.84217826042386,20.267485845154823,20.459049983577835,44289200
2000-06-14,21.608448028564453,21.761699433022358,21.301945219648644,21.397727347434834,79992400
2000-06-15,22.183130264282227,22.278912346597778,21.646750603315123,21.704219852704455,65592600
2000-06-16,22.24060821533203,22.41301603095476,21.914949008044655,22.25976463929011,68710600
2000-06-19,22.585412979125977,22.62372580860711,22.068189781130727,22.24059751379581,46604800
2000-06-20,22.96854591369629,23.06432800674757,22.604573960101437,22.64288679732195,62275000
2000-06-21,24.730932235717773,25.19068620446853,23.581547313840883,23.6007037292055,160399600
2000-06-22,24.48191261291504,25.133231101834532,24.309504777612823,24.941666840387622,87315200
2000-06-23,23.81142807006836,24.539371969233763,23.600707467678372,24.501059132435586,49811600
2000-06-26,24.366973876953125,24.558538136992063,23.753968244828517,23.753968244828517,48287000
2000-06-27,24.156248092651367,24.55853295382954,24.022153138925308,24.290343046377426,31071200
2000-06-28,24.194555282592773,24.539370797309058,24.09877319517158,24.21371170007701,37459200
2000-06-29,23.658170700073242,24.194550278698387,23.61985787302859,23.983829729952795,38449000
2000-06-30,24.52021598815918,24.52021598815918,23.504925794899464,23.61986430734396,52356400
2000-07-03,24.52021598815918,24.53937240689993,24.328651800751686,24.424433894455433,15734800
2000-07-05,24.060461044311523,24.48190224094755,23.98383537219588,24.48190224094755,34824400
2000-07-06,24.807565689086914,25.037442745665327,24.060465255207077,24.175403783496282,47873200
2000-07-07,25.133222579956055,25.40141245504705,24.69262492802085,24.908134649076114,54153200
2000-07-10,24.347810745239258,24.922503367078107,24.328654324511295,24.73093915979849,52689800
2000-07-11,24.252016067504883,24.673457105012865,24.060451959546707,24.156234013525793,37164800
2000-07-12,24.615997314453125,24.8267179140321,23.65817640727596,23.983835515716194,58370200
2000-07-13,24.501060485839844,24.520216905297104,23.715647288092043,24.156244935609102,80843200
2000-07-14,24.194555282592773,24.44358870988787,24.041303942718866,24.366963039950914,51180600
2000-07-17,23.964677810668945,24.3861189871955,23.75395722240567,23.983834227783788,53992800
2000-07-18,24.060461044311523,24.36696373277409,23.734801937820045,23.792271191906778,70617200
2000-07-19,22.413007736206055,23.753956917004707,22.317225651863293,23.313359329028007,139924600
2000-07-20,22.93022918701172,23.064324094538105,22.413005972267094,22.508788049071654,54690600
2000-07-21,22.16398048400879,22.987706638557086,22.029885528617207,22.911080949761896,56100600
2000-07-24,21.627599716186523,22.106510250203055,21.455191923940575,22.087353828842396,56165600
2000-07-25,21.1486873626709,21.761692793472953,20.95712316554526,21.704223534335263,64188600
2000-07-26,20.784717559814453,21.301940946095552,20.612309764387422,21.167845994096748,85404600
2000-07-27,21.263629913330078,21.49350699347419,20.688937212969805,20.80387575304186,74337600
2000-07-28,21.359399795532227,22.010717816203165,21.340243383159553,21.742528042985718,75645600
2000-07-31,21.397722244262695,21.80000708502323,21.22531445536532,21.512660770194277,70283800
2000-08-01,21.05291175842285,21.474353122103743,20.89966035344798,21.436040270860026,47163600
2000-08-02,21.263629913330078,21.589289110200898,20.995439986495285,21.014596409840628,48269200
2000-08-03,21.53181266784668,21.57012550177523,20.88049449106128,20.899650908025556,54543400
2000-08-04,21.187009811401367,21.41688695221223,20.899663385387786,21.282791953405894,38107400
2000-08-07,21.455190658569336,21.800006222724917,21.378564977645876,21.512659919261935,52741800
2000-08-08,22.71951675415039,22.891924554139727,21.455192887561918,21.474349309782955,138038800
2000-08-09,22.757823944091797,22.949388118705365,22.41300842978738,22.604572604400943,63945600
2000-08-10,22.259756088256836,22.700353670038165,21.9915662558682,22.623728003641414,48986000
2000-08-11,22.20229721069336,22.2789229128873,21.953263678563065,22.20229721069336,35629600
2000-08-14,22.12566566467285,22.489637653961843,21.87663219831723,22.16397850565064,53427000
2000-08-15,21.953258514404297,22.37469977733352,21.91494567231982,22.068197040657722,40714200
2000-08-16,21.76168441772461,22.144812664515538,21.627589531347787,22.02987419047826,44976200
2000-08-17,21.934104919433594,22.06819988400655,21.627602143266834,21.800009954860638,36112800
2000-08-18,21.76168441772461,21.895779304101435,21.45518182029187,21.799997242403702,54438800
2000-08-21,21.646747589111328,21.70421683049835,21.474339864950267,21.665904002907002,34119600
2000-08-22,21.83832359313965,22.20229565302531,21.52224259376526,21.70422862370809,54428200
2000-08-23,21.685068130493164,21.80000665415302,21.570129606833305,21.704224551103138,36726800
2000-08-24,21.799999237060547,21.819155651152865,21.43602736930646,21.646747924321982,42405400
2000-08-25,21.646747589111328,21.972406623637784,21.627591175315654,21.665904002907002,52729400
2000-08-28,21.857471466064453,22.106504883293937,21.493499548575212,21.512655965285173,56421600
2000-08-29,21.742536544799805,22.298072720834337,21.723380124936543,21.819162224252842,59400200
2000-08-30,21.455190658569336,21.742536962032318,21.35940855741501,21.66591128110886,53498800
2000-08-31,21.397722244262695,22.068196978863583,21.3594094022855,21.723381401068842,72575400
2000-09-01,21.512659072875977,21.646754009216256,21.359407717058517,21.45518981444443,37629800
2000-09-05,21.49349594116211,21.665903662615282,21.397713873688122,21.455183114172513,50755200
2000-09-06,21.282777786254883,21.665906099238768,21.24446495495649,21.474341942746825,62960800
2000-09-07,21.47435188293457,22.0873574674608,21.28278763777012,21.455195458418125,111711200
2000-09-08,21.24445915222168,21.723369412641468,21.206146331388098,21.570118129307133,56709600
2000-09-11,21.09121322631836,21.35940304027699,20.86133624292524,21.186995302732157,48495200
2000-09-12,20.880495071411133,21.244467003848577,20.727243731437472,21.07205924637821,46781200
2000-09-13,20.918804168701172,21.07205548129239,20.593145129444835,20.70808361388825,40744800
2000-09-14,20.171710968017578,21.072062739619504,20.133398126672816,21.052906318947123,78503000
2000-09-15,19.673648834228516,20.114246617273555,19.405458879331533,20.0567773412242,99915200
2000-09-18,19.309667587280273,19.807734409968056,19.06063417593638,19.69279591242472,69037800
2000-09-19,19.922672271728516,20.15254925947923,19.424605464935304,19.501231127518874,79311200
2000-09-20,19.69279670715332,19.922673711516975,19.36713761763814,19.884360877456366,67791400
2000-09-21,19.673648834228516,19.96099521447528,19.48208458073067,19.616179558179162,48952200
2000-09-22,19.386287689208984,19.462913332249336,18.69665690184582,18.734969723365996,84476600
2000-09-25,18.77329444885254,19.462925673504266,18.52426095106164,19.386299981876295,53484200
2000-09-26,19.213886260986328,20.190863528494106,18.524255248627895,18.677506584707547,155704800
2000-09-27,18.581724166870117,19.48207575021331,18.332690750200726,19.443762916879557,106155600
2000-09-28,18.79244613647461,18.964853899194562,18.58172553759467,18.639194791834655,52360400
2000-09-29,18.485942840576172,18.792445519798157,17.968719569389066,18.69666343254129,74053600
2000-10-02,18.121971130371094,18.6391944078764,17.85378128277575,18.54341231944949,58562400
2000-10-03,17.336559295654297,18.332693089437747,17.317402876543078,18.256067412992866,85374000
2000-10-04,16.991744995117188,17.336560564352936,16.704398687420728,17.279091302813644,136453400
2000-10-05,16.972585678100586,17.54727819541776,16.934272843612774,17.010898512588398,81099400
2000-10-06,17.030054092407227,17.394026002143715,16.78102068048226,17.10667975761491,61794000
2000-10-09,16.608623504638672,17.087534216998495,16.244651363245207,17.04922136000971,58323600
2000-10-10,16.723552703857422,17.03005538800601,16.493675690745977,16.531988526264552,62066200
2000-10-11,17.0875244140625,17.451496346649034,16.55114472393498,16.55114472393498,101205800
2000-10-12,16.666074752807617,17.43233106328153,16.493667082950985,17.2599233934249,90219600
2000-10-13,16.474519729614258,16.819335258838745,15.976452854067782,16.512832566194756,104521200
2000-10-16,15.440070152282715,16.493672954237493,15.191036762729768,16.39789088133251,119759000
2000-10-17,15.459222793579102,16.072227910548783,15.401753563863195,15.89982022140106,81276600
2000-10-18,15.86151123046875,16.321265179177992,14.846221260402515,15.210193136463996,110536400
2000-10-19,18.96485137939453,19.060633457068242,17.777153616240533,17.911248524983726,256993200
2000-10-20,19.980144500732422,20.26749077830767,18.734977297906337,18.792446553421385,160378600
2000-10-23,19.041475296020508,20.30579860541422,18.600877779110576,19.807731847168213,185170400
2000-10-24,18.849916458129883,19.290514098919505,18.447631655669795,19.194732003095673,94427400
2000-10-25,18.77329444885254,19.443769250597274,18.52426095106164,18.984015100829456,167603800
2000-10-26,19.750267028808594,19.94183120949539,18.639194780825182,18.69666403503122,114826600
2000-10-27,20.74640464782715,21.206158767446585,19.80773998693746,19.826896408588272,124292400
2000-10-30,21.1678409576416,21.493500049297626,20.65061769442321,20.688930528735685,110057600
2000-10-31,21.11037254333496,21.30193672249408,20.842182692512193,21.148685379166785,104474000
2000-11-01,21.340240478515625,21.474335346872547,20.976268692975413,20.995425102740686,81309400
2000-11-02,21.550966262817383,21.713795785692003,21.340245703803166,21.57012267727322,77985200
2000-11-03,20.918804168701172,21.34024527832702,20.861334926479465,21.225306793883608,68711000
2000-11-06,21.301931381225586,21.493495512351714,20.918803118973326,21.052898010761616,74851400
2000-11-07,21.608448028564453,22.029889390823687,21.301945219648644,21.378570921877596,104331200
2000-11-08,21.282777786254883,22.183129321767012,20.84218022632341,21.800001008783127,206149400
2000-11-09,21.72337532043457,21.85747022981997,20.976275111001637,20.99543152662812,91058600
2000-11-10,20.65062141418457,21.55097318270653,20.47821362872292,21.43603465906543,93744400
2000-11-13,20.36326789855957,20.880491071900217,19.74068444916805,20.439893553869293,83364800
2000-11-14,21.09121322631836,21.39771587084251,20.631459259532125,20.842179827642482,84218600
2000-11-15,21.47435188293457,21.72338540164835,21.052910543572782,21.167849090671453,60422200
2000-11-16,21.12952423095703,21.914937189678007,21.12952423095703,21.28277553997576,92128600
2000-11-17,21.1678409576416,21.455187214985152,20.779923510227807,21.28277946057902,106525600
2000-11-20,20.593143463134766,20.99542812613554,20.095076737514763,20.88048965099246,80157200
2000-11-21,20.76555633544922,21.225310350256212,20.65061783174747,20.65061783174747,59487600
2000-11-22,20.918804168701172,21.301932450179216,20.229173262040696,20.248329676114597,76343200
2000-11-24,21.436031341552734,21.58928268268984,20.995433735783553,21.14868507692066,34439200
2000-11-27,21.665908813476562,22.144819264702836,21.646752395427512,21.895785830065176,85307600
2000-11-28,20.53567886352539,21.378561204938745,20.478209612974478,21.263622703836923,127446200
2000-11-29,19.941835403442383,20.573997332658134,19.386299162616417,20.4782152221709,98280400
2000-11-30,17.585594177246094,19.022325727674698,17.470655653211807,19.003169307002317,197200800
2000-12-01,17.355714797973633,18.58172555632939,17.183307035079856,17.79631241425773,109809800
2000-12-04,17.29824447631836,18.0836575699275,16.915116137972436,17.54727789624321,80407200
2000-12-05,18.351842880249023,18.54340700217229,17.853776163248526,18.14112234613343,101734400
2000-12-06,17.3748779296875,18.4093249067582,17.18331367467441,18.390168481256893,90560800
2000-12-07,16.282955169677734,16.551145019531248,16.014765319824217,16.378737258911134,145308400
2000-12-08,16.68523597717285,17.125833482884648,16.378733364503773,16.742705217048304,120939800
2000-12-11,17.796306610107422,18.00702714047468,16.85764242938055,17.0108937241931,95576200
2000-12-12,17.892091751098633,18.39015854502643,17.39402495717083,17.71968401473901,63106000
2000-12-13,17.547283172607422,18.543417151838412,17.41318821386479,18.543417151838412,98360400
2000-12-14,17.01090431213379,18.00224924248618,16.97259146458394,17.75800483935588,71201400
2000-12-15,15.076103210449219,15.938142148784944,14.635505530855406,15.646006730793394,116899800
2000-12-18,14.654656410217285,15.325130886501736,14.405623033311633,15.018628268771701,107187400
2000-12-19,13.735152244567871,14.712129600876047,13.639370150812168,14.53972183211578,120271800
2000-12-20,12.719861030578613,13.486117719167687,12.68154819614916,13.122145792087878,149037800
2000-12-21,13.313709259033203,13.830932496434494,12.355888449030816,12.48998336243115,163173000
2000-12-22,14.233219146728516,14.443939753207674,13.71599583991604,13.71599583991604,109551800
2000-12-26,14.367315292358398,14.884538642883301,14.060812566121418,14.367315292358398,66941600
2000-12-27,14.233219146728516,14.348157659353511,13.79262151499937,14.137437052874354,69003800
2000-12-28,13.658522605895996,14.175745762079995,13.447802060783996,13.830930324623996,77619200
2000-12-29,13.294553756713867,14.041654039872139,13.179615251612594,13.466961514365776,99977600
2001-01-02,13.294553756713867,13.792620612152716,13.141302416578837,13.524430766916412,82413200
2001-01-03,14.692970275878906,14.980316500309392,13.217926323802406,13.237082738764437,135962200
2001-01-04,14.846226692199707,15.47838860296434,14.367316153741651,14.654662476816485,112397000
2001-01-05,15.05694580078125,15.28682283590768,14.578035310934517,14.865381604842558,93414600
2001-01-08,14.999470710754395,15.24850406865964,14.30983987347833,14.999470710754395,79817600
2001-01-09,15.880667686462402,16.129701075996795,15.248506005336637,15.325131663654911,114965400
2001-01-10,16.206329345703125,16.49367561069786,15.55501114504839,15.631636815713653,90230200
2001-01-11,16.85764503479004,17.087522012537175,16.033919197862797,16.244639760797675,101854800
2001-01-12,16.397890090942383,16.857644018725814,16.091387472420095,16.81933119141053,73712000
2001-01-16,16.11054801940918,16.397894297995553,15.669950392243413,16.359581460850702,68462400
2001-01-17,16.225492477416992,16.819341670805336,16.110553923857957,16.436213158941886,72844200
2001-01-18,17.01090431213379,17.22162497365797,16.12970881848722,16.455368022660952,109788800
2001-01-19,18.696657180786133,18.830752058107343,18.04533920522596,18.390154604051933,209348800
2001-01-22,18.428470611572266,18.696660412572278,18.083655153143678,18.620034755143703,76673000
2001-01-23,18.56256866455078,18.677507170213634,18.064501806678418,18.3135352356146,70295200
2001-01-24,19.290508270263672,19.44375957727669,18.620033802081718,18.69665945558823,110455000
2001-01-25,18.945703506469727,19.616178352502526,18.86907780978026,19.23304986905521,85657400
2001-01-26,19.616172790527344,19.71195488423109,18.696664690971375,18.696664690971375,93080000
2001-01-29,19.76941680908203,19.807729632355446,19.46291422289471,19.482070634531418,84983800
2001-01-30,19.42460823059082,19.846049434804822,19.27135688360391,19.769423761311366,57276800
2001-01-31,18.715816497802734,19.539542300674295,18.696660083782465,19.30966533243107,81898800
2001-02-01,19.118101119995117,19.19472677578668,18.505095873662608,18.639190771297844,71792800
2001-02-02,18.639198303222656,19.424611592464313,18.620041881533837,19.15642168882082,71100000
2001-02-05,18.9840145111084,19.02232735573223,18.466791108686675,18.620042487182,51399200
2001-02-06,19.175573348999023,19.558701687640365,18.907383511950087,19.02232201354249,96442000
2001-02-07,19.826885223388672,19.941823688451795,18.945690324571395,19.003159557102958,126061800
2001-02-08,19.079790115356445,19.769421083381378,19.003164452242565,19.539544094039734,88041200
2001-02-09,18.121971130371094,18.86907142010098,17.930406953517277,18.79244574935945,100575200
2001-02-12,18.007034301757812,18.21775491592732,17.528123815008936,18.026190721227767,71289400
2001-02-13,17.834623336791992,18.715818474807495,17.81546692074818,18.275220905799745,76070600
2001-02-14,17.892091751098633,18.083655902609323,17.279086466264417,17.6622147692858,61728400
2001-02-15,18.026185989379883,18.44762710709121,17.738839772758524,18.083655232704157,65627800
2001-02-16,17.566434860229492,17.85378112293772,17.202462927465742,17.470652772660085,66958400
2001-02-20,17.125837326049805,17.853781194494875,16.97258598532453,17.58559134822564,60730800
2001-02-21,17.24077606201172,17.79631217956543,16.915116958618164,16.934273376464844,63947200
2001-02-22,16.915122985839844,17.413190027325502,16.512838067716814,17.2599386299453,100816400
2001-02-23,17.394025802612305,17.623902795598372,16.646925575407593,16.685238407571937,92620600
2001-02-26,18.256065368652344,18.371003870448686,17.585590774840348,17.662216442704576,87936800
2001-02-27,18.198598861694336,18.754135037472373,17.98308913833217,18.198598861694336,99148600
2001-02-28,18.083660125732422,18.414108364258784,17.834626670611108,18.25606790235487,84608400
2001-03-01,18.19380760192871,18.236909541496324,17.240775827044843,17.949563277712244,81781600
2001-03-02,17.3748779296875,17.815475716217616,17.298252227682266,17.62391146120452,79800800
2001-03-05,17.6047420501709,17.968713866224487,17.33655229097352,17.547272816057173,49383600
2001-03-06,18.217756271362305,18.390164059419362,17.89209711614342,17.968722799724336,66781800
2001-03-07,18.600881576538086,18.734976500364827,18.179440387368324,18.351848146574135,59743600
2001-03-08,18.160280227661133,18.57214312311969,17.91124684901177,18.485939261279526,54626000
2001-03-09,17.3748779296875,17.834632141718924,16.819341590149534,17.758006439713686,103794400
2001-03-12,15.918977737426758,16.85764188800908,15.823195681244888,16.761859831827213,114376000
2001-03-13,16.608623504638672,16.78103136108821,15.938148507334919,15.995617792818098,91035600
2001-03-14,16.551145553588867,16.934273922884906,15.995609418109613,16.09139151043362,90686200
2001-03-15,16.45536231994629,17.188095275403736,16.39789306853786,16.953429165485993,71638400
2001-03-16,16.723552703857422,16.895960463691,16.08660181336113,16.091390917800954,112848800
2001-03-19,16.646928787231445,17.01090076301671,16.282956811446176,16.70439804656596,61036400
2001-03-20,16.148860931396484,17.202463957762802,16.129704512735277,16.723553491232657,91822800
2001-03-21,15.344289779663086,16.32126703155175,15.24850769614459,16.01476436429256,124988600
2001-03-22,16.551145553588867,16.57030197205367,15.47838611955996,15.497542538024762,126363200
2001-03-23,17.336559295654297,17.47065422943284,16.666084626761588,16.838492398762572,99519600
2001-03-26,17.183317184448242,17.623915060972557,17.030065749135435,17.508976484487953,63118600
2001-03-27,17.853782653808594,17.949564749590827,17.12583872586361,17.18330798333295,95135600
2001-03-28,17.030054092407227,17.757997911880203,16.972584843501465,17.58559016516292,78681600
2001-03-29,16.972585678100586,17.528121778173855,16.72355225392981,16.972585678100586,86985000
2001-03-30,16.761865615844727,17.221619644165038,16.51283218383789,17.08752471923828,91201600
2001-04-02,17.106678009033203,17.451493467222,16.74270613650058,16.80017537953205,75924000
2001-04-03,16.359580993652344,16.95342995243832,16.168016813398804,16.95342995243832,94187600
2001-04-04,15.918977737426758,16.85764188800908,15.650787980117522,16.35957519586336,104046600
2001-04-05,17.394025802612305,17.58558996343403,16.397892166339354,16.47451783066804,113364000
2001-04-06,17.221620559692383,17.528123261533405,16.876805020121235,17.279089816287577,92622000
2001-04-09,17.51662826538086,17.59938295835061,17.059938767224367,17.338856153454937,56295600
2001-04-10,18.292083740234375,18.417749817714192,17.709728062616595,17.76183413676027,109199400
2001-04-11,18.402423858642578,18.849917555777875,18.298212885549347,18.589390707652353,109879600
2001-04-12,19.05832862854004,19.09817428736991,18.19092585190929,18.255292275931218,87520000
2001-04-16,18.632299423217773,18.874436836954214,18.426942006120093,18.81926625738857,65857400
2001-04-17,18.843780517578125,19.036877491257304,18.402417175526104,18.549538289543445,85149200
2001-04-18,20.054473876953125,20.324195439663637,19.309672143591666,19.429208022168048,156696400
2001-04-19,20.854442596435547,21.14868488818127,20.152551179679975,20.17094059215475,159375600
2001-04-20,21.1486873626709,21.79234259732703,20.995436004970387,21.54714182806429,192919600
2001-04-23,20.918804168701172,20.98623512039002,20.505026092390775,20.875893988249988,92171200
2001-04-24,20.704254150390625,21.43372958763437,20.578586946254468,20.903478994521333,89176600
2001-04-25,21.36017608642578,21.390825891860878,20.612308673972084,20.710389454422547,76744000
2001-04-26,21.18852424621582,21.7616849595194,20.918802795594353,21.47663744327303,118737600
2001-04-27,20.572463989257812,21.357110226320724,20.2935453837339,21.311134349336204,121572400
2001-04-30,20.76555633544922,21.167074093416442,20.74410124162875,21.00462804900008,74368200
2001-05-01,21.507291793823242,21.547138637520433,20.719580025418445,20.737971775751685,83702800
2001-05-02,21.381633758544922,21.807672419151963,21.255966501170633,21.76169653624843,92864400
2001-05-03,21.004634857177734,21.51036490507236,20.885098961657445,21.22531722996307,66273400
2001-05-04,21.685068130493164,21.777019884793148,20.82992523385219,20.842185623654206,119538400
2001-05-07,21.87815284729004,22.114161138326505,21.66973100384247,21.709577834978766,109356200
2001-05-08,22.086572647094727,22.09883302950768,21.68505506139302,21.991557606430373,75084000
2001-05-09,21.57778549194336,21.853638324996183,21.412273792111666,21.83524657717301,76676600
2001-05-10,21.455190658569336,21.83525338118925,21.44293026900996,21.801537894508513,64334600
2001-05-11,21.271284103393555,21.45518522333623,21.04140711885781,21.44292483688277,51128800
2001-05-14,21.062868118286133,21.20998812013285,20.934137532062692,21.188533022428942,44968000
2001-05-15,20.924943923950195,21.240643754079983,20.842189201617966,21.069000605816168,61385600
2001-05-16,21.197731018066406,21.418411030720208,20.636830432132527,20.750234951462183,91893800
2001-05-17,20.8942813873291,21.49809187499762,20.70425127459269,21.179328894862945,106984800
2001-05-18,20.86976432800293,21.209982456772096,20.612303224301748,20.74716513867645,90605400
2001-05-21,21.084320068359375,21.452122356498055,20.76555699403856,20.85750873528819,103491600
2001-05-22,21.55020523071289,21.56246561997421,21.203858003193712,21.286612707669924,83455600
2001-05-23,21.363237380981445,21.94559298211181,21.305003457769434,21.5747249935299,93637400
2001-05-24,21.982370376586914,22.00075978724295,21.23143748292716,21.43679603511463,80781600
2001-05-25,21.73410415649414,22.037541126944774,21.56552676267176,21.963981145290305,52747600
2001-05-29,21.55939483642578,21.99156468650931,21.470511127566642,21.700388110352453,71210800
2001-05-30,21.206924438476562,21.632963042113932,21.04141268521431,21.320328950919606,86501800
2001-05-31,21.203855514526367,21.571657795476867,20.964783798065554,21.298870597112106,70682600
2001-06-01,21.55939483642578,21.669735975237337,21.056730687808507,21.3325835348374,57587600
2001-06-04,21.694257736206055,21.76781771928814,21.39388644120355,21.62376343446105,43736600
2001-06-05,22.252094268798828,22.39921658522193,21.60843910361128,21.68813045577504,89454200
2001-06-06,22.178537368774414,22.521821262620126,21.930270909814247,22.340983438880706,80022800
2001-06-07,22.583105087280273,22.598431148190347,22.09270153772944,22.10496191877178,66960000
2001-06-08,22.432937622070312,22.604578418373094,22.083524664779393,22.589252345090145,51867000
2001-06-11,22.104978561401367,22.32872425320156,21.918011701990064,22.32872425320156,47345600
2001-06-12,22.09272003173828,22.193866506186776,21.703460207683968,21.76782550821559,66714600
2001-06-13,21.66667366027832,22.16014312714176,21.651347591993733,22.083517462578243,55302400
2001-06-14,21.11803436279297,21.62376423435304,20.96478302828566,21.522617792355067,71972400
2001-06-15,20.84830665588379,20.934129351592585,20.351773920644348,20.691992007308816,108354400
2001-06-18,20.49889373779297,20.82991711818464,20.232237963390798,20.82685143732101,56846800
2001-06-19,20.633766174316406,21.10271503352783,20.489709499723503,20.906553449784887,63457400
2001-06-20,21.27434730529785,21.329515530264686,20.566324685308707,20.57858507033334,64108400
2001-06-21,21.406152725219727,21.62377175371224,21.1241707328942,21.194667400190884,69603800
2001-06-22,21.096572875976562,21.642147087332216,21.019947231945057,21.45518032882102,51092000
2001-06-25,21.10271453857422,21.396956907287322,20.771690996860546,21.179340228502543,49215600
2001-06-26,21.498098373413086,21.51955346806001,20.750231065554782,20.787012229990903,63077000
2001-06-27,21.804601669311523,21.9241375340222,21.259027243005345,21.412278591447755,69199800
2001-06-28,22.295007705688477,23.340183127133212,21.617636959676624,21.930271050716083,128975600
2001-06-29,22.374698638916016,22.50036587700573,21.884294752872385,22.25209708279756,94283800
2001-07-02,21.639089584350586,22.42067238420831,21.501164308342734,22.08351989074359,72810200
2001-07-03,21.599245071411133,21.700391520956966,21.43373333718067,21.54714017501357,28037400
2001-07-05,20.998502731323242,21.675873485439443,20.977047633715227,21.522622120116406,49242600
2001-07-06,20.24755859375,20.96477580822521,20.12802278107563,20.934126019565188,67467800
2001-07-09,20.13416862487793,20.508102395425492,19.934941347635135,20.290483361013848,66476600
2001-07-10,19.763294219970703,20.30580294522064,19.72344737420003,20.198527472818668,66562600
2001-07-11,20.382427215576172,20.459052881800144,19.67747015094374,19.68053583235303,73822600
2001-07-12,21.94559669494629,22.083524337155172,21.556339226697258,21.66974374895896,128078000
2001-07-13,21.86589813232422,22.068191005655635,21.74329894192542,21.884289881627772,58934600
2001-07-16,21.816852569580078,22.117226110802992,21.50115530323526,21.899607232839514,55990800
2001-07-17,22.013017654418945,22.071253899404056,21.498093169116714,21.65747583799301,63241000
2001-07-18,21.629880905151367,21.914928318070398,21.41533009475143,21.639075605821585,57590800
2001-07-19,22.242908477783203,22.374704777544327,21.829130158487384,21.829130158487384,76549400
2001-07-20,21.203855514526367,21.27128647833426,20.823792845753534,20.85137696453138,124203600
2001-07-23,20.56326675415039,21.222248082392156,20.336455391789347,21.222248082392156,79999400
2001-07-24,20.327260971069336,20.83911996922323,20.137228436531547,20.5356829211194,67530200
2001-07-25,20.682802200317383,20.695060249891718,20.109641337876017,20.308868550692633,74065400
2001-07-26,20.410005569458008,20.633753480557676,20.075918881509388,20.572453900260584,77974000
2001-07-27,20.066722869873047,20.30579449124397,19.937992356585465,20.244494914943864,65396000
2001-07-30,20.167879104614258,20.49890025176578,20.08818774584163,20.121903230767355,42196400
2001-07-31,20.287416458129883,20.655218798959606,20.183204313888968,20.2322458731624,59031600
2001-08-01,20.37323760986328,20.477447419568712,20.155620943922234,20.47438407582232,55679000
2001-08-02,20.673603057861328,20.701189512679317,20.308866490069892,20.60004307572948,54198400
2001-08-03,20.50196647644043,20.64602312704092,20.22917924640424,20.62763371238729,43260400
2001-08-06,20.269018173217773,20.572457461981553,20.131092924455693,20.391619693467124,27831600
2001-08-07,20.33644676208496,20.55099998218605,20.22610564053108,20.241431705691596,31347800
2001-08-08,19.879762649536133,20.60923813611123,19.766355823873027,20.385492504564997,54996400
2001-08-09,19.925739288330078,20.091251011214037,19.708122672620558,19.916544582352603,45536200
2001-08-10,20.082056045532227,20.18626818040031,19.279020461311877,19.8521790185812,51756400
2001-08-13,20.17706871032715,20.2261079151832,19.846045308438228,19.996230942498585,32675400
2001-08-14,19.827659606933594,20.256761498781866,19.754097278248235,20.152551707455835,36481200
2001-08-15,19.370975494384766,19.938006326167137,19.370975494384766,19.83379416732589,39503000
2001-08-16,19.806211471557617,19.833795600684287,19.21772549666579,19.260635700927775,43905600
2001-08-17,18.966386795043945,19.65601667870944,18.849915445399496,19.548741204836247,52234200
2001-08-20,19.21772003173828,19.233044933300295,18.727314997248612,18.89895693470225,48371200
2001-08-21,18.629226684570312,19.370963545969257,18.607771597223795,19.217712253942942,47111800
2001-08-22,18.592456817626953,18.742643679980652,18.108183079332264,18.73651348465854,78107200
2001-08-23,18.120437622070312,18.859109014039465,18.083657628849437,18.595516529324225,51813200
2001-08-24,19.01849365234375,19.088989138046365,18.154156070473274,18.267561750150083,63399000
2001-08-27,19.098182678222656,19.420010262870605,18.871370177403033,18.97251662443765,44562800
2001-08-28,18.61697006225586,19.29434058672567,18.567929688747064,19.107373797343794,47422800
2001-08-29,18.4667911529541,18.788618814722703,18.249174475580737,18.711993125291357,48170000
2001-08-30,17.452260971069336,18.285948577150013,17.323530415597094,18.0959172560751,97632000
2001-08-31,17.48598289489746,17.795551349132655,17.256105816079664,17.424682106702992,57900800
2001-09-04,17.194801330566406,18.108180422912216,17.18560662353968,17.528889326712818,67189200
2001-09-05,17.697467803955078,17.896693873090637,16.977185700792383,17.219323133442547,89470600
2001-09-06,17.17028045654297,17.896691488489488,17.133500461931927,17.33579218611507,112356800
2001-09-07,16.98025131225586,17.580996368383527,16.9526660204329,17.197867964850815,89863800
2001-09-10,17.64842414855957,17.761829808107407,16.765696139145206,16.83312593090114,84471800
2001-09-17,16.21705436706543,16.88829471663189,16.183338890149418,16.557272478905542,127502000
2001-09-18,16.649227142333984,16.857649079030107,16.296748557540973,16.370309722522272,83182600
2001-09-19,16.51129913330078,16.765696920296463,15.509035223987622,16.69213576224502,126950200
2001-09-20,15.558083534240723,16.125114485771753,15.530498232066611,16.045423093172975,117983200
2001-09-21,15.236248016357422,15.509035215810943,14.558877370871613,14.687607935875096,184976600
2001-09-24,15.941200256347656,16.07606215325402,15.285284857005612,15.524357688242048,85580200
2001-09-25,15.723583221435547,16.244637877773084,15.374170442837034,16.020891119007626,84940600
2001-09-26,15.407888412475586,15.876837094551625,15.18720612951518,15.787951045113147,58524400
2001-09-27,15.312875747680664,15.533558082205206,14.712130691713968,15.355785941790415,81191200
2001-09-28,15.683744430541992,15.812476187577087,15.012503860019814,15.208665423868387,116641200
2001-10-01,15.873774528503418,16.091391156870454,15.45080049071406,15.613246541577485,69999600
2001-10-02,16.259965896606445,16.413217226770907,15.80327758747667,15.824732680162507,80860800
2001-10-03,17.23464584350586,17.4491979569268,16.060741167521133,16.085260774338266,97199200
2001-10-04,17.29901123046875,17.899757385491625,17.22851575277634,17.446132379898344,101778000
2001-10-05,17.691329956054688,17.77715030752857,16.839251956593426,17.213185492383214,80844400
2001-10-08,17.789419174194336,17.97638603123922,17.39096584908393,17.40935526504562,60605800
2001-10-09,16.72278594970703,17.645358463875226,16.609379120965198,17.62390337070026,99477600
2001-10-10,17.013961791992188,17.08752294333281,16.244640645679624,16.42854177020893,86349200
2001-10-11,17.26223373413086,17.421615294720542,16.7319841492615,17.09059178367694,83742600
2001-10-12,17.28062629699707,17.360316501806285,16.719725673262236,17.072204322308032,63307000
2001-10-15,17.795543670654297,17.930404411119756,17.118171948742095,17.133498016089234,68437000
2001-10-16,17.91507911682129,18.05607004726484,17.53501533778351,17.737307028615703,66169000
2001-10-17,17.1733455657959,18.175609515197166,17.158020664943244,18.12043893675563,73710600
2001-10-18,17.394025802612305,17.64842356940668,17.010897480968865,17.26835975988185,78348000
2001-10-19,17.746505737304688,17.780220050149595,17.0507445095717,17.593254396461692,91219600
2001-10-22,18.439197540283203,18.445327732978278,17.614705914837973,17.746502134745366,72323600
2001-10-23,18.521955490112305,18.831522656454418,18.206258130379332,18.53421587689403,80325000
2001-10-24,18.794748306274414,18.886698896305212,18.273693403812985,18.54341614788982,79141400
2001-10-25,19.1748046875,19.187063903926592,18.258361322069142,18.577124333455068,75318200
2001-10-26,19.064470291137695,19.50276929435226,19.02769029043312,19.10125029184227,64509400
2001-10-29,18.279813766479492,19.06446079573171,18.24916397602723,19.033809836064886,55129400
2001-10-30,18.046886444091797,18.24917825936512,17.83539874911368,18.059145668339063,57395600
2001-10-31,17.8231258392334,18.61390190292871,17.807799774565478,18.175603111518576,64700000
2001-11-01,18.95412254333496,19.07978857392071,18.267556142847024,18.414678433048874,109671200
2001-11-02,18.819263458251953,19.315797431274355,18.546475113544652,18.98170949102503,83360000
2001-11-05,19.392425537109375,19.625367069463234,18.926541303186674,18.960256786509664,66401600
2001-11-06,19.85523796081543,19.90427949903168,19.05220147995832,19.217713163794294,68612000
2001-11-07,19.69279670715332,19.937999780513145,19.625365745057877,19.683602001127543,58899000
2001-11-08,19.744905471801758,20.247569766164172,19.511963909493005,19.75716586171673,74227800
2001-11-09,19.987035751342773,20.12189765366657,19.588582575562338,19.720377627683302,48013600
2001-11-12,20.164812088012695,20.36403930254183,19.508896523941957,19.830722942707546,57752800
2001-11-13,20.81153106689453,20.82685479682581,20.41307667380584,20.4743786088201,60159600
2001-11-14,20.213838577270508,20.94637935206453,20.164799394132416,20.912666229023095,88625600
2001-11-15,20.265958786010742,20.551006382392522,20.060600205679386,20.259827422665353,77922000
2001-11-16,20.152557373046875,20.41614994553304,19.907354218687,20.3395242520994,59249000
2001-11-19,20.394683837890625,20.52648005300324,20.13722043092279,20.305797800867758,56005000
2001-11-20,20.04527473449707,20.780881597295355,19.931867906749208,20.367101129300863,65921800
2001-11-21,19.631492614746094,19.80006764297121,19.456785055739296,19.72650767317169,50785200
2001-11-23,19.83378791809082,19.86443771805854,19.499699953897007,19.73264147361048,15754600
2001-11-26,19.9655818939209,20.140288306158464,19.738770593815712,19.919606029978468,41983600
2001-11-27,19.536474227905273,19.944122035961577,19.233036170678435,19.858301690942252,90819000
2001-11-28,19.248361587524414,19.652946064542633,19.22690650068744,19.361767213550486,54536600
2001-11-29,19.873634338378906,19.892026090874857,19.29434558021801,19.346450479024718,54034400
2001-11-30,19.680538177490234,19.94719636955941,19.594717795241774,19.818465796186718,48234200
2001-12-03,19.85218048095703,19.99317379235812,19.55487363259934,19.564069509420992,47211800
2001-12-04,20.22917366027832,20.253694431998706,19.64681819328138,19.922671029061984,51005800
2001-12-05,20.872817993164062,20.89427307278786,19.983960351668355,20.37934882338836,74243000
2001-12-06,21.041412353515625,21.148687838634253,20.70425982667271,20.836056090798508,56026200
2001-12-07,20.790077209472656,21.099643230575854,20.39775415579069,20.918807773006453,42334800
2001-12-10,20.554075241088867,20.980113909147846,20.492775621765645,20.695066236276748,38367400
2001-12-11,20.633766174316406,20.882032667209387,20.557140482590867,20.73797833104702,54334000
2001-12-12,20.826862335205078,20.83605938260842,20.30580856034947,20.584727204153392,47884200
2001-12-13,20.311920166015625,20.915730480619917,20.25062059981794,20.575512509837075,53227800
2001-12-14,20.670547485351562,20.826862213839,20.207727649497425,20.235311776255013,43000600
2001-12-17,21.142555236816406,21.18239974214068,20.58472047012757,20.587783813162655,57079800
2001-12-18,21.2314395904541,21.27128643540373,21.026083356311695,21.124164120262538,47255200
2001-12-19,21.298877716064453,21.421479296836353,20.980114541429778,21.03222179169853,56996200
2001-12-20,20.462116241455078,21.225307135689278,20.41920606031288,21.194657340363353,78585000
2001-12-21,20.70119285583496,20.84831284385792,20.535681115486597,20.84524950049539,84307600
2001-12-24,20.61843490600586,20.85137760492464,20.59697981126531,20.756362519420772,11701600
2001-12-26,20.744089126586914,21.170127411083843,20.655203121690857,20.6643978224683,29328000
2001-12-27,20.79620933532715,21.059801864783164,20.615373850790924,20.836056186003418,32406600
2001-12-28,20.802345275878906,21.102716701665837,20.750238024179335,20.912686467760434,28787200
2001-12-31,20.30580711364746,20.98930927257093,20.30580711364746,20.79314536192841,43006200
2002-01-02,20.547943115234375,20.56939821260444,20.07899431669567,20.428407238682556,48124000
2002-01-03,21.219186782836914,21.22531580903482,20.56326873499954,20.56940009962789,67590800
2002-01-04,21.11803436279297,21.42760271325807,21.0475377200105,21.225309829262127,52731400
2002-01-07,21.013822555541992,21.461316178425246,20.949457274691987,21.378561485455187,58508800
2002-01-08,21.26515769958496,21.412280032903016,20.842184791244563,21.05367241462984,47736400
2002-01-09,21.05980682373047,21.645228286292113,21.010767592374997,21.369375302321462,76304000
2002-01-10,21.234500885009766,21.39388355502044,20.882022408547442,20.989300195005523,50296600
2002-01-11,21.02915382385254,21.55327324472596,20.872836766894725,21.308070109828623,72993200
2002-01-14,20.986238479614258,21.160944910395965,20.762490498507237,20.93413358621599,50997800
2002-01-15,21.3172664642334,21.338721562457803,20.995437652437055,21.04447921319587,60717400
2002-01-16,20.802345275878906,21.406153810124678,20.79621391053509,21.102716701665837,61955400
2002-01-17,21.41227149963379,21.455181675911273,20.964777991004862,21.00462248656846,78958000
2002-01-18,20.259830474853516,20.796210265314095,20.051408519880194,20.56633321225956,107140400
2002-01-22,19.75716209411621,20.42227233576552,19.692796813159486,20.41614331119195,76837200
2002-01-23,19.536474227905273,19.833780924242724,19.38322294367676,19.631490445044175,80403000
2002-01-24,19.800081253051758,19.97785344582359,19.55487923648323,19.646829846544495,83886000
2002-01-25,19.554874420166016,19.87670206072282,19.465988345672518,19.67441146994097,48981200
2002-01-28,19.560997009277344,19.73876908914083,19.28207967335146,19.68666420524514,41622000
2002-01-29,19.101242065429688,19.76941783140825,19.00009681474898,19.585516737871707,58666000
2002-01-30,19.263696670532227,19.279022742848046,18.79781353635339,19.141096276511803,66100000
2002-01-31,19.52728843688965,19.557939411087844,19.039949054681912,19.328062366069386,69566200
2002-02-01,19.205453872680664,19.769418732915366,19.147218796555258,19.662143284996276,63462200
2002-02-04,18.73343849182129,19.214647477900385,18.620032857763157,19.125762612943806,70308400
2002-02-05,18.742643356323242,19.07366571349452,18.54341610404822,18.63536669386162,66772600
2002-02-06,18.512765884399414,18.969454310283012,18.466790005910255,18.88363391759942,66103000
2002-02-07,18.3288631439209,18.88363350988438,18.313538241160444,18.482114509955714,63314000
2002-02-08,18.589385986328125,18.59245049834,18.031551262982727,18.426938788543502,61283000
2002-02-11,18.73651123046875,18.770226716076447,18.26449677039114,18.393227349022272,50899600
2002-02-12,18.433076858520508,18.650693550013465,18.396296852587337,18.54035353221395,44973800
2002-02-13,18.947999954223633,18.96639054018261,18.374840137810413,18.46985524222711,54168600
2002-02-14,18.905088424682617,19.30660742072653,18.794747255130694,19.003169204458743,57267000
2002-02-15,18.460655212402344,19.021555645706766,18.451460506680913,18.911214500190166,50179800
2002-02-19,18.06220817565918,18.43307624358591,17.96106170119811,18.36258074739271,52262600
2002-02-20,18.359508514404297,18.500499447507114,18.02235491051499,18.20625719514955,50492000
2002-02-21,17.792476654052734,18.47291283683414,17.78021626878116,18.30433663160141,59398400
2002-02-22,17.77409553527832,18.007037118009787,17.516633170567104,17.7924849525479,71347800
2002-02-25,18.108182907104492,18.35644938460507,17.74344388880679,17.75876879235871,51832200
2002-02-26,17.945728302001953,18.390157338184352,17.746502299033786,18.1143045104257,63276200
2002-02-27,17.896692276000977,18.43613767703664,17.774091898831053,18.105114203326348,65750000
2002-02-28,17.881372451782227,18.298216424780893,17.8200716611856,18.01623325572254,68068000
2002-03-01,18.810073852539062,18.825398756532028,18.037686765298307,18.098987550485393,62115600
2002-03-04,19.401620864868164,19.462921639307414,18.656819203086602,18.77022604502447,74464200
2002-03-05,19.334196090698242,19.57939808297407,19.10738351708352,19.309675306862996,55926400
2002-03-06,19.50276756286621,19.52422265880699,19.061402916735805,19.28208523980101,49835400
2002-03-07,19.223848342895508,19.57939140269174,18.960255852678227,19.51502495169304,58079200
2002-03-08,19.600847244262695,19.830723092370864,19.36177435118045,19.502766477075355,57701800
2002-03-11,19.720378875732422,19.92267174202068,19.30966645765081,19.46598229071062,43718200
2002-03-12,19.168676376342773,19.24836655240455,18.902018223934274,19.16254618292035,66407200
2002-03-13,19.0338191986084,19.315802320175003,18.987844490315513,19.027690172874788,44387400
2002-03-14,18.764089584350586,19.076722377292832,18.711983534252894,19.04607141570165,51819600
2002-03-15,19.15335464477539,19.159483669996522,18.68747039056196,18.696665097608694,69086800
2002-03-18,19.04607582092285,19.306603793240296,18.757963730615284,19.229978125361324,52296800
2002-03-19,19.073657989501953,19.30966514828678,18.849911216184715,19.05833309227483,36376400
2002-03-20,18.420814514160156,19.00930039278674,18.420814514160156,18.819269018191207,55235200
2002-03-21,18.807004928588867,18.877500405795267,18.33805619493913,18.454526373341906,46123400
2002-03-22,18.528085708618164,18.739572119422824,18.457590238349947,18.71198683373397,41341400
2002-03-25,18.15415382385254,18.629232749969795,18.129634217136687,18.53728217865919,47752400
2002-03-26,18.108182907104492,18.672146840792323,17.87217565091633,18.114311933153104,69357200
2002-03-27,18.218523025512695,18.353384983709976,17.957996155892825,18.022361452733236,47318400
2002-03-28,18.48518180847168,18.58939279325668,18.28595454751896,18.37484062820342,43901200
2002-04-01,18.506637573242188,18.51276776894579,18.144964211236648,18.33806128364662,47010000
2002-04-02,17.556480407714844,18.111250909204557,17.504375491757433,18.053015796802377,76509400
2002-04-03,17.265304565429688,17.657627804371167,17.010906661342933,17.605521716515543,76931400
2002-04-04,17.302074432373047,17.461455947049693,16.986375914995456,17.158017816004488,61763800
2002-04-05,17.124305725097656,17.562604684842903,17.115111018137206,17.436938623118287,50166000
2002-04-08,17.538082122802734,17.565667408253237,16.630833384216665,16.643093770909072,73389600
2002-04-09,16.81780433654785,17.60245174014537,16.796349239152402,17.571801935070475,63413000
2002-04-10,17.256103515625,17.50437114856854,16.876040784073922,16.894430199630023,75636400
2002-04-11,16.793277740478516,17.302072009887684,16.70439170583595,17.13043013291045,58165800
2002-04-12,17.142688751220703,17.243833990842884,16.814731096434578,16.903617121918728,52297600
2002-04-15,17.06913948059082,17.39403284989402,16.980254562560646,17.164155763772076,47388800
2002-04-16,17.718923568725586,17.807808473459982,17.274494368193025,17.28675475823058,51921600
2002-04-17,17.35725212097168,17.862980987859004,17.292885650933243,17.76183568216765,55158600
2002-04-18,17.277549743652344,17.565662911086957,16.146555668168837,17.40628143253504,74794800
2002-04-19,17.531951904296875,17.771023598381593,17.42774095599062,17.605511885916098,104268600
2002-04-22,17.038480758666992,17.378698855261174,16.857644165396874,17.32352828990997,51465200
2002-04-23,16.548078536987305,17.108977776768057,16.336590960841193,17.07219778626149,68281400
2002-04-24,16.250762939453125,16.682931424310315,16.24463274905343,16.505159410361976,61220400
2002-04-25,16.468387603759766,16.689069890726817,16.207860813257433,16.213991006697057,57290400
2002-04-26,15.784890174865723,16.689073438142795,15.772629785380417,16.57260207646259,62776600
2002-04-29,16.011699676513672,16.217055900102547,15.766496610022951,15.77569248500602,70246000
2002-04-30,16.01782989501953,16.336592969849512,15.913618934756457,15.968789511908376,77384000
2002-05-01,16.168020248413086,16.30288103904635,15.527429446778442,15.987183577065071,76413000
2002-05-02,15.696000099182129,16.57259784701045,15.677610688862384,16.13429897309629,79009200
2002-05-03,15.190267562866211,15.840052674165165,15.17494149922388,15.71132098869948,71628000
2002-05-06,14.902165412902832,15.490651381267993,14.825539714937575,15.153497608691646,66299400
2002-05-07,15.162691116333008,15.414023272817849,14.819407201297226,15.073805039981858,88385400
2002-05-08,16.848453521728516,16.848453521728516,15.699068415244543,15.714393316154665,101242000
2002-05-09,15.974923133850098,16.857651388481766,15.907493323362516,16.673750204657143,83288200
2002-05-10,15.340461730957031,16.143498573362525,15.32207231506116,16.100588377318626,64408800
2002-05-13,16.149627685546875,16.21705865721747,15.248510121400626,15.463062256449279,64819000
2002-05-14,16.82086944580078,16.888299248512453,16.545016532659602,16.673748281863848,64832400
2002-05-15,16.78102684020996,17.29901610623227,16.508239559014328,16.701336633597027,70412000
2002-05-16,17.084453582763672,17.173338438505997,16.750365738283264,16.76875514398847,53406400
2002-05-17,17.1733455657959,17.286752404378493,16.94040403287662,17.228516144237435,54646200
2002-05-20,16.554208755493164,17.026223149708137,16.397892907650494,17.010898249992568,52115800
2002-05-21,15.99637222290039,16.735043532169367,15.977982812956245,16.535817519414238,63120000
2002-05-22,16.456132888793945,16.465328766730337,15.892167759330812,15.898297954883322,54169400
2002-05-23,16.80247688293457,16.808607076861843,16.247706609273415,16.459194207511974,51412800
2002-05-24,16.324338912963867,16.710533102808004,16.256909090793545,16.594061709291392,35982000
2002-05-28,16.03622055053711,16.456128905924157,15.861514111828086,16.425479104795016,49602000
2002-05-29,15.953474044799805,16.158831574342198,15.800222610807078,15.830873599135016,45393200
2002-05-30,16.134300231933594,16.354982526707087,15.763432284828607,15.827797564399246,63213000
2002-05-31,15.604053497314453,16.373374813455932,15.594858789822691,16.213994427261635,66468000
2002-06-03,15.147356033325195,15.827792094238234,15.070730392923798,15.628566130723293,88439000
2002-06-04,15.31900691986084,15.702135347736156,15.09219554531915,15.17188574386254,88008400
2002-06-05,15.833931922912598,15.861517217015146,15.426283875858507,15.456933682987916,66969400
2002-06-06,15.907493591308594,15.981053598391407,15.325137884029386,15.784892020550267,78703400
2002-06-07,15.93200397491455,16.122035247215823,15.28221883241646,15.291413535671738,97834400
2002-06-10,16.189472198486328,16.336593351254578,15.772628347702122,15.830864607841526,71825400
2002-06-11,16.112842559814453,16.606311962637257,16.066866699356975,16.318199922185887,74368200
2002-06-12,17.023151397705078,17.0967113527416,16.091383393003515,16.115904157491958,136198600
2002-06-13,16.61857032775879,17.004763065638368,16.61244013582869,16.80860160073353,79771600
2002-06-14,16.93427276611328,17.026223334620237,16.24464174848876,16.290617617349692,109433600
2002-06-17,17.066070556640625,17.299012095920904,16.971054298015567,17.05994036228917,94486600
2002-06-18,17.161088943481445,17.253039531726426,16.96492620755294,17.020096794342958,77518400
2002-06-19,16.661489486694336,17.145763218168945,16.64922909622278,17.001707722381312,81247000
2002-06-20,16.581790924072266,16.888293537598294,16.520491336738804,16.664546770030054,86401200
2002-06-21,16.023958206176758,16.719719363646632,16.023958206176758,16.367242016832485,116820000
2002-06-24,16.600189208984375,16.74731039147695,15.892167422099588,15.965728597953486,104523200
2002-06-25,16.22932243347168,16.857652898575523,16.183346548789437,16.765702298426355,84025200
2002-06-26,16.590993881225586,16.670684080312377,15.646964867280266,15.646964867280266,112131400
2002-06-27,16.83312225341797,16.83925244573197,16.20172764486609,16.735041514823216,95812400
2002-06-28,16.765701293945312,17.099789350869525,16.55114912697481,16.719725412017617,89555600
2002-07-01,16.14043617248535,16.67068583581243,16.115916558343997,16.58792994580666,66473800
2002-07-02,15.766493797302246,16.220117518640436,15.732779492428486,16.054606998265385,82814200
2002-07-03,15.889100074768066,16.097522005092298,15.463061507233686,15.705198921759633,80936600
2002-07-05,16.811677932739258,16.827004007947863,16.25997313247539,16.272233524956125,35673600
2002-07-08,16.220121383666992,16.836192429758224,16.115911594146922,16.676810894680266,63199400
2002-07-09,16.30901336669922,16.77489775327292,16.23545335099648,16.33966434758817,85277200
2002-07-10,16.011699676513672,16.61244461714322,15.977984196410455,16.45612760379464,90673400
2002-07-11,16.21705436706543,16.266094741884693,15.708260039860019,15.950397402061599,129550600
2002-07-12,15.895242691040039,16.46840286274202,15.778771246198977,16.358061617020585,95733800
2002-07-15,15.876837730407715,15.895228311129221,14.712127843321102,15.751171685181276,136965600
2002-07-16,15.708264350891113,16.183343331562853,15.521297505201217,15.726654934951052,97154600
2002-07-17,15.93813705444336,16.33659024696149,15.683739305620502,16.097518565293566,98034800
2002-07-18,15.665346145629883,16.164945649539884,15.527419758757246,15.956523813646676,91053600
2002-07-19,15.190267562866211,15.597915366876128,14.96039063880524,15.285282609847467,112543400
2002-07-22,14.561944961547852,15.322072801244131,14.068476522169686,15.003309664496038,180069800
2002-07-23,13.182682991027832,14.34432871422909,13.170423769419374,14.249313608383618,168061600
2002-07-24,14.169617652893066,14.20946332557099,12.69227494385144,12.796485893706507,202307800
2002-07-25,13.127506256103516,14.010232857679155,13.007969266001487,13.930542700159041,163411400
2002-07-26,13.89990234375,13.918292933767594,13.388043198356037,13.40643378837363,123538000
2002-07-29,14.78875732421875,14.804082227499258,14.26770242817526,14.359653017073484,112148600
2002-07-30,14.742778778076172,14.966526768511459,14.506772737978336,14.57420253405702,122690600
2002-07-31,14.705997467041016,14.71212766053869,14.209463485877995,14.59259181037119,93875600
2002-08-01,14.022500038146973,14.739716480309324,13.94587435487841,14.583400600896116,92002800
2002-08-02,13.611786842346191,14.053150373699056,13.424819981046138,13.94893939375551,85947600
2002-08-05,13.483051300048828,13.844723330236254,13.42788073273563,13.575001855832573,78941600
2002-08-06,13.997979164123535,14.482254040346753,13.74358250537492,13.761973090153125,88715800
2002-08-07,14.433211326599121,14.497576609138191,13.841661057439227,14.405626038480243,86349400
2002-08-08,14.991044998168945,15.018630284235115,14.224788351014093,14.439340446060422,88748000
2002-08-09,14.748910903930664,15.064609507979698,14.607919930045139,14.758106780811975,69049400
2002-08-12,14.856188774108887,14.942009170580791,14.589530537845109,14.592596220127797,56866600
2002-08-13,14.4240140914917,15.23318084216312,14.381102741440559,14.709061629007504,100122800
2002-08-14,15.236248016357422,15.242378210293056,14.469991312627338,14.482251700498605,96706000
2002-08-15,15.25464153289795,15.551949565291014,14.942008597325023,15.312876632667502,98745600
2002-08-16,15.325132369995117,15.395627838591318,14.994108949580113,15.150425954514358,69334000
2002-08-19,15.93813705444336,15.953461952383524,15.279155920083353,15.337392169156653,79848200
2002-08-20,15.643898010253906,15.846189744472058,15.555011947087518,15.74810897450053,70317600
2002-08-21,16.023958206176758,16.05460917277896,15.67761105268305,15.80327709271502,81203400
2002-08-22,16.31513786315918,16.38256882834239,16.12204084327133,16.198666514901355,72517600
2002-08-23,16.005569458007812,16.19866529412851,15.889098118527563,16.14043020899582,57929200
2002-08-26,15.968785285949707,16.137362654421228,15.686803449987622,16.091386795889967,55652400
2002-08-27,15.582600593566895,16.076070231474247,15.524365489230814,16.03929022711542,65470200
2002-08-28,15.13509750366211,15.527420426104001,15.110576736402223,15.472249868983793,68875000
2002-08-29,15.502906799316406,15.63163736937038,14.871510829753854,14.984916498974972,94275600
2002-08-30,15.043153762817383,15.47225686084482,15.018632984476639,15.368045891326787,58138400
2002-09-03,14.411746978759766,14.871500706060512,14.40561678875672,14.871500706060512,74452600
2002-09-04,14.776495933532715,14.896031807929287,14.451603796806667,14.543554379479792,80232000
2002-09-05,14.071531295776367,14.565000562822295,14.062336593900653,14.558870371833692,90438800
2002-09-06,14.656959533691406,14.794885987364045,14.549684052621048,14.635504437477334,69918400
2002-09-09,14.926681518554688,15.003307192500845,14.292221031817693,14.482252375823968,81653200
2002-09-10,15.260765075683594,15.26995977974041,14.819400573521907,14.877636817120829,83950000
2002-09-11,14.889901161193848,15.662286906922924,14.874575091404447,15.39562989543991,77443200
2002-09-12,14.451598167419434,14.804075458567079,14.411752501736782,14.758100769746763,63726800
2002-09-13,14.684547424316406,14.791822924379828,14.359654072500351,14.37498014612249,59549200
2002-09-16,14.644693374633789,14.751969982652161,14.420946624261198,14.589522814901963,50166200
2002-09-17,14.494511604309082,14.98798109210567,14.469990829385447,14.91748444880767,73343400
2002-09-18,14.635499000549316,14.785685787470118,14.301411123192276,14.319801699921747,83951800
2002-09-19,14.466934204101562,14.65696563650003,14.279967285631786,14.307552587852172,77777600
2002-09-20,14.546619415283203,14.712131171575056,14.497579024813225,14.62324509846849,130619200
2002-09-23,13.863121032714844,14.316745020997782,13.734390422311666,14.283029527068754,89783800
2002-09-24,13.988779067993164,14.246241309640293,13.67921194336747,13.740512699800535,104142200
2002-09-25,14.255437850952148,14.3933642783972,13.807944258988051,14.221723541323207,107116600
2002-09-26,14.160421371459961,14.558874546251262,14.083795715953375,14.439338710735344,100852200
2002-09-27,13.869245529174805,14.436274989200975,13.850854948439759,14.11138291405263,81011600
2002-09-30,13.406425476074219,13.804878659014665,13.213328492868294,13.752772604212865,115577000
2002-10-01,14.169617652893066,14.175747846321581,13.237849297625987,13.584197626440595,110636600
2002-10-02,13.979583740234375,14.347387093213282,13.841657336715459,14.129769359121378,103488600
2002-10-03,13.731317520141602,14.279957505655648,13.670016760611224,13.88456883436018,105221400
2002-10-04,13.415621757507324,13.967326319436859,13.39110098313874,13.91215574632242,107120400
2002-10-07,13.501442909240723,13.811011272843647,13.391101756638294,13.427882920315731,89790000
2002-10-08,13.789552688598633,14.092989612242581,13.52596026169846,13.715991549076515,115667600
2002-10-09,13.483051300048828,13.930544862287203,13.42788073273563,13.556611276989923,123142600
2002-10-10,14.21560001373291,14.289160030053036,13.256245934341313,13.486123031468619,118515000
2002-10-11,14.978777885437012,14.987973756139844,14.408683008863237,14.515959592824533,108828800
2002-10-14,15.107522010803223,15.119782402374677,14.663092754668062,14.788758845237217,76216200
2002-10-15,16.027023315429688,16.051542918621507,15.524359173242212,15.711324801376016,133374200
2002-10-16,15.450801849365234,15.711328689985368,15.410956168949953,15.444671654746339,95437400
2002-10-17,15.56114673614502,16.09139642075156,15.340464353940085,16.023965433029975,182602400
2002-10-18,16.29062271118164,16.305947615855512,15.674551488040539,16.122045252123197,152817200
2002-10-21,16.094453811645508,16.2415761141506,15.741976461850564,15.928943267453237,112378600
2002-10-22,15.836989402770996,15.916680736661048,15.640827918141142,15.76342943064214,87159000
2002-10-23,16.305940628051758,16.32433003809363,15.763430816735653,15.763430816735653,110866600
2002-10-24,15.702134132385254,16.358049763065257,15.600988843246741,16.354985250334128,95833400
2002-10-25,16.14655876159668,16.18333875008912,15.68067462023832,15.708259903911339,75425800
2002-10-28,15.922812461853027,16.397891322397278,15.787950551277902,16.36724152592918,79906600
2002-10-29,15.9595947265625,16.088326462352278,15.585661076429046,15.984115502604345,90517200
2002-10-30,16.27835464477539,16.36417500585839,15.824730898856387,15.999437302040912,94451200
2002-10-31,16.388700485229492,16.572601645870535,16.198667960790008,16.302878930277284,105973800
2002-11-01,16.24464225769043,16.318203416330775,15.907489772858305,16.069935821286425,105097800
2002-11-04,17.194801330566406,17.547279909981302,17.017030369164527,17.3940285570557,139964200
2002-11-05,17.372573852539062,17.40935385068955,17.035421336193647,17.09672094337277,76658200
2002-11-06,17.4798526763916,17.50130777684943,17.020098519354764,17.4675934541409,115407000
2002-11-07,17.167217254638672,17.354184105507894,17.010901378051766,17.225453521167516,73699600
2002-11-08,16.888296127319336,17.332725218925606,16.860710841103366,17.164148989479052,64522200
2002-11-11,16.50823402404785,16.888296680795992,16.49597363661342,16.87910197482762,58341200
2002-11-12,16.707460403442383,16.98944347418346,16.52049475267305,16.581794352681396,81398600
2002-11-13,16.967985153198242,17.142691552267472,16.58485687993858,16.6247025477377,107370200
2002-11-14,17.467592239379883,17.47065675242562,17.124308317497277,17.16108948933733,78337000
2002-11-15,17.375633239746094,17.446128702579376,17.063000424649772,17.348047956966575,77533600
2002-11-18,17.11817169189453,17.47984489462249,17.084457384195115,17.455325291821573,58086400
2002-11-19,16.81473731994629,17.10284942008067,16.646161078705802,17.02622374958818,76403400
2002-11-20,17.354175567626953,17.439997084179982,16.836186633853938,16.86070623200156,76435400
2002-11-21,17.728113174438477,17.777153551259566,17.403219947239503,17.46452071056957,82922200
2002-11-22,17.84459114074707,17.869110753664245,17.48598230195954,17.608583874191147,70002000
2002-11-25,17.8476505279541,17.973316577252596,17.64535881032202,17.795545634710418,61583000
2002-11-26,17.44000244140625,17.85378057942367,17.403221279064553,17.666813763105537,68650400
2002-11-27,17.801679611206055,17.964125688443065,17.593257655513394,17.654557267834047,55191800
2002-11-29,17.679075241088867,17.97025303024001,17.679075241088867,17.908952258437406,28393000
2002-12-02,17.682146072387695,18.07140476784171,17.473724075306567,17.976389648347485,63735000
2002-12-03,17.381763458251953,17.577924949768196,17.289812905255555,17.556469859709527,58457400
2002-12-04,17.32965660095215,17.605508228540952,17.108974363509436,17.20399058667829,83892000
2002-12-05,16.961856842041016,17.4982364841033,16.949596455325175,17.455326299812686,68435800
2002-12-06,17.001691818237305,17.084447622684046,16.61856374351023,16.81778964083985,71670200
2002-12-09,16.407089233398438,16.925079547112727,16.400959039064034,16.857648578649325,63862800
2002-12-10,16.554208755493164,16.69826538509232,16.391762713921285,16.41628348883812,63730200
2002-12-11,16.753429412841797,16.86070483814657,16.422407265319602,16.50516192528932,69186200
2002-12-12,16.603248596191406,16.876036946803353,16.456127459119326,16.857646366213768,55242000
2002-12-13,16.09139060974121,16.474518957592192,16.08832609741297,16.45306386364973,65245400
2002-12-16,16.698261260986328,16.71971634913217,16.143491142265496,16.244637559994132,60140400
2002-12-17,16.661489486694336,16.854586544368196,16.483717332502327,16.67987890318648,49549800
2002-12-18,16.407089233398438,16.673747425477337,16.180277889100655,16.50210549175914,62709400
2002-12-19,16.27835464477539,16.78101876405821,16.207859181140822,16.32126482531689,82686600
2002-12-20,16.256898880004883,16.465320750457355,16.22931359805633,16.394825289747647,98294600
2002-12-23,16.551145553588867,16.636965934162383,16.213993056294353,16.25996775908088,48798400
2002-12-24,16.4959716796875,16.621637712945333,16.404021123267217,16.410151316257203,18386000
2002-12-26,16.36417579650879,16.76262899549329,16.296744841420026,16.560337299441787,37228000
2002-12-27,16.23544692993164,16.55114430833066,16.213991836402478,16.330462010070814,40891600
2002-12-30,16.168020248413086,16.318207112094747,16.02089906702719,16.24771044987474,48019600
2002-12-31,15.846189498901367,16.241578254405137,15.711327565369237,16.164952580976422,58208800
2003-01-02,16.46531867980957,16.474513382897886,15.849247850172693,16.030084415934944,67025200
2003-01-03,16.48678207397461,16.489846586810042,16.20786463734555,16.425481294329902,55546800
2003-01-06,16.787155151367188,16.928146130662217,16.489847120458624,16.557278097171533,59456200
2003-01-07,17.102848052978516,17.167213330435636,16.759565403992365,16.83312538702483,80517400
2003-01-08,16.624704360961914,17.02622208683339,16.584858688816905,16.971051515929474,64566000
2003-01-09,17.10591697692871,17.13963129350085,16.713592705931728,16.77182897018784,61808000
2003-01-10,17.139631271362305,17.25610263050902,16.826999530793074,16.888299138456016,67730200
2003-01-13,17.28368377685547,17.394024914932046,17.093652466398467,17.323529447653073,60817800
2003-01-14,17.46146011352539,17.47065482086123,17.222387199857884,17.26529856226031,54206400
2003-01-15,17.24690818786621,17.568735809895568,17.222387409052693,17.47065503307167,59622600
2003-01-16,16.96492576599121,17.363380253373805,16.891365764995903,17.26223379048634,81371000
2003-01-17,15.772625923156738,16.244640279823543,15.726651227667254,16.22624970009886,155876000
2003-01-21,15.732786178588867,15.984118331422973,15.72052578839814,15.898296769303041,86159200
2003-01-22,15.631637573242188,16.060741817448562,15.604052283697277,15.812474211544373,86948000
2003-01-23,16.023958206176758,16.10364955012766,15.772626126112817,15.92281293942655,71374800
2003-01-24,15.279158592224121,15.953464742452315,15.233183890363202,15.947334548361198,103027000
2003-01-27,15.070734977722168,15.509033867694006,14.83779347449115,15.116710843635516,114838600
2003-01-28,14.963457107543945,15.233179727774344,14.883766944565352,15.230114046959022,86151200
2003-01-29,15.2975492477417,15.337394924917252,14.690674060395114,14.93587597913894,106884000
2003-01-30,14.785686492919922,15.37723545742564,14.77036042697349,15.374170945765156,87877400
2003-01-31,14.546619415283203,14.819406660348402,14.414823146667299,14.54355490241045,106858400
2003-02-03,14.883774757385254,15.049285362638585,14.546621012814198,14.690677687171894,80129800
2003-02-04,14.50371265411377,14.693744066030655,14.368851840691367,14.650833860360592,81854800
2003-02-05,14.393364906311035,14.87457399811176,14.322869433478147,14.660023067409435,101072000
2003-02-06,14.534358978271484,14.595659758464132,14.270767611108834,14.362718196790237,83312000
2003-02-07,14.27689266204834,14.696800925868965,14.22478660843324,14.675345835914133,75208000
2003-02-10,14.522096633911133,14.56500682005149,14.264634347854102,14.344324526512642,74081400
2003-02-11,14.233988761901855,14.6109870431048,14.099127958865012,14.49758134125074,84292000
2003-02-12,14.233988761901855,14.436280551064785,14.178818167656027,14.267704254964897,71315200
2003-02-13,14.402562141418457,14.442406649902992,14.138969636846953,14.224790017232097,73558200
2003-02-14,14.80408000946045,14.865380782613194,14.335131257889698,14.482252411927286,90446400
2003-02-18,15.300613403320312,15.31900398525277,14.957330725085741,15.092192654160534,57415500
2003-02-19,15.085365295410156,15.300606008298816,14.863973507325923,15.263707767942748,46902700
2003-02-20,14.845537185668945,15.294471068826082,14.820938727577785,15.232973164135723,50897200
2003-02-21,15.146871566772461,15.251417624819739,14.574944373545812,14.93778062365256,56853200
2003-02-24,14.802483558654785,15.0669236304571,14.66103925098479,15.030025370407218,62403700
2003-02-25,14.876274108886719,14.925472156322298,14.37814255900574,14.476539826850876,68113000
2003-02-26,14.519593238830566,15.048472147374502,14.501143524484206,14.802481820961695,57096000
2003-02-27,14.501145362854004,14.88858002944906,14.328951526048117,14.697937648932417,75434300
2003-02-28,14.574944496154785,14.802485159541169,14.482697076591732,14.599542947856845,56585400
2003-03-03,14.476544380187988,14.833230629528698,14.39044689036482,14.771732757647678,50653500
2003-03-04,14.18750286102295,14.55033896694291,14.181352957349404,14.501140910528722,56605700
2003-03-05,14.415043830871582,14.48269042169919,14.175202292380954,14.187502099067475,55415900
2003-03-06,14.310503005981445,14.451947315212184,14.224405500948977,14.249005123236696,54607600
2003-03-07,14.488845825195312,14.630291309836569,14.082961434254221,14.113710962643438,66167600
2003-03-10,14.113704681396484,14.427341520561695,14.07680526375136,14.335095322396983,48413600
2003-03-11,14.021467208862305,14.30435707898047,13.996868752707394,14.181361279281289,53990700
2003-03-12,14.38430118560791,14.415050717013415,13.867720787742307,14.027614832126869,72379500
2003-03-13,15.171473503112793,15.21452167952006,14.415052530021224,14.587245235650297,80701300
2003-03-14,15.288315773010254,15.349812483052403,14.919329647884569,15.177619818175092,75451400
2003-03-17,15.946352005004883,15.95865182513628,14.96238868102584,15.0792346263233,100983800
2003-03-18,16.01399040222168,16.01399040222168,15.681902492298091,15.921742978593095,78108800
2003-03-19,16.186174392700195,16.25382215421609,15.829488221662544,15.97708237799115,73652100
2003-03-20,16.143131256103516,16.309175173394447,15.786444974316206,16.001686958992476,71798500
2003-03-21,16.339927673339844,16.481372006354835,16.007840927436185,16.450623646299313,85586800
2003-03-24,15.552752494812012,15.946336984479688,15.485104720785015,15.712645314008777,61105200
2003-03-25,15.675751686096191,15.835645725440116,15.392863043931694,15.743399480081028,63595100
2003-03-26,15.528158187866211,15.755700031876486,15.522008281490288,15.657302702836448,51673600
2003-03-27,15.399008750915527,15.534303129017585,15.122268917326853,15.337510879787564,60043300
2003-03-28,15.171473503112793,15.43591364158582,15.128425326705523,15.171473503112791,39584600
2003-03-31,14.888577461242676,15.196065648443634,14.7655828901469,14.913177079246438,71384000
2003-04-01,14.974676132202148,15.189918114811924,14.913178255317291,15.042322741098493,49803200
2003-04-02,15.81718635559082,15.989380102037222,15.435901794638413,15.435901794638413,68282500
2003-04-03,15.823339462280273,16.044731299263017,15.743393061688822,15.983233436437347,57394300
2003-04-04,15.42975902557373,15.866391736421328,15.331362888679218,15.841793288684938,55740600
2003-04-07,15.478952407836914,16.253822631023553,15.478952407836914,16.13082691065458,65627100
2003-04-08,15.731097221374512,15.884841330720619,15.497406691277199,15.565053301766847,54132100
2003-04-09,15.109969139099121,15.786443376927709,15.09152059880541,15.749545123365955,76875800
2003-04-10,15.122272491455078,15.245268262780886,14.931630101577218,15.196069015870878,51608900
2003-04-11,14.882429122924805,15.48510570424816,14.728685025262251,15.306761987931896,71565500
2003-04-14,15.226819038391113,15.300615565197205,14.759436734378825,14.925480679154502,51599600
2003-04-15,15.128422737121582,15.24526860520814,14.820934474875106,15.177620812162033,63399000
2003-04-16,15.325212478637695,15.829492956853011,15.128420211331663,15.743396633150232,86178700
2003-04-17,15.68189811706543,15.706497735963044,15.214515914780279,15.232965628953488,58356600
2003-04-21,15.503555297851562,15.749546809192323,15.423608877747935,15.749546809192323,41557800
2003-04-22,15.841796875,15.866395328305064,15.392864252166211,15.411312798901324,58844000
2003-04-23,15.81718635559082,15.983230199702643,15.663442316148155,15.835636062594556,55559300
2003-04-24,15.675751686096191,15.81719600717844,15.571205628562648,15.669601780008964,51703600
2003-04-25,15.509702682495117,15.767992789049364,15.478954335061577,15.577350454418026,53657400
2003-04-28,15.829498291015625,15.952494086015756,15.571208059895213,15.614256236252809,56287600
2003-04-29,15.8663969039917,16.143136862248763,15.792600363773055,15.958644338727293,65877300
2003-04-30,15.724944114685059,15.915586443027086,15.528151882464359,15.823340230795411,55566800
2003-05-01,15.81718635559082,15.958631763338262,15.5834959317465,15.706491632490206,42085800
2003-05-02,16.05088996887207,16.16773585475761,15.718802032031531,15.774150021504955,52695400
2003-05-05,15.90329360961914,16.229230423268092,15.89099379737493,16.143134083507938,50391500
2003-05-06,16.216928482055664,16.29687489941575,15.878690752056723,15.903290371536393,54299500
2003-05-07,15.983235359191895,16.204627222807684,15.89098914034342,16.057033038055263,49120000
2003-05-08,15.829498291015625,16.075488708041057,15.811048569873154,15.835648198063113,46401400
2003-05-09,16.210779190063477,16.296875515548507,15.92173951512179,15.927889420224215,58913600
2003-05-12,16.112382888793945,16.27842563295524,16.026285391219236,16.081633363597817,53900800
2003-05-13,15.983235359191895,16.112381003959207,15.921737488968141,16.013984880790925,44501900
2003-05-14,15.755697250366211,16.1000837357969,15.70649918101897,16.038585855869226,45021000
2003-05-15,15.86023998260498,15.995534351815717,15.724944440419993,15.897138233667135,45450200
2003-05-16,15.724944114685059,16.02013246301611,15.62654799857471,15.915586443027086,60620900
2003-05-19,15.226819038391113,15.706501154529295,15.214519226265216,15.62040364262266,55336300
2003-05-20,15.146871566772461,15.374413401219355,15.06692513319497,15.288317061524417,52677600
2003-05-21,14.777883529663086,15.196066502459741,14.691786034785599,15.146868436661642,108960900
2003-05-22,14.857826232910156,14.925473996338956,14.784029739146119,14.882425846147582,93157100
2003-05-23,14.894728660583496,15.091522102798356,14.77788398383103,14.882430023486805,76968000
2003-05-27,15.245275497436523,15.30677223930814,14.894737734702419,14.913187461049002,68486800
2003-05-28,15.01156997680664,15.294459658137706,14.943922214819498,15.23911170250715,91467000
2003-05-29,15.005428314208984,15.171472272287557,14.900882248712264,15.048476487123859,75451300
2003-05-30,15.134573936462402,15.319066440386411,15.073076044162821,15.208370468842112,85096700
2003-06-02,15.153016090393066,15.39285765188083,15.109967935836716,15.362108132216122,66310800
2003-06-03,15.300612449645996,15.325212068888751,15.109970092412272,15.220666033055856,61058200
2003-06-04,15.294466972351074,15.509707821654695,15.214519365774311,15.368263499833843,83484600
2003-06-05,14.814774513244629,15.079214426962157,14.765576471597681,15.048464917824166,115877900
2003-06-06,14.556488990783691,15.103817519531635,14.544189183335059,15.030021020788238,119629400
2003-06-09,14.605690956115723,14.747135260703171,14.513444721514105,14.587241240005595,73610000
2003-06-10,15.177618980407715,15.220667144250891,14.667188573600303,14.722536547962811,80655300
2003-06-11,15.300612449645996,15.3498105151571,15.017723866200754,15.171467967544753,75768600
2003-06-12,15.368261337280273,15.46050757014058,15.21451722485493,15.355961526772367,66177700
2003-06-13,15.15916919708252,15.528155300196948,15.06077305931527,15.497406947010116,55157500
2003-06-16,15.614250183105469,15.632699897095572,15.17146760411239,15.251414018787415,69658600
2003-06-17,15.964786529541016,16.075482467473556,15.700347667004188,15.767994272316225,122213900
2003-06-18,16.032440185546875,16.25383214257738,15.811048228516372,15.97709219628925,89957700
2003-06-19,16.032440185546875,16.22923251491852,15.995541917033394,16.044739999376304,63626900
2003-06-20,16.19233512878418,16.22308349205854,15.995542788688606,16.198485036034025,86048900
2003-06-23,15.854095458984375,16.13698410142156,15.675751701206856,16.07548621346467,52584500
2003-06-24,15.80489730834961,16.013989422627827,15.694201345146476,15.77414777802949,51820300
2003-06-25,15.534300804138184,15.98323320212828,15.460503135234395,15.767991271880899,60483500
2003-06-26,15.835649490356445,16.303031907333665,15.503561520540423,15.614257510479096,51758100
2003-06-27,15.761844635009766,16.19847848948607,15.70034793331469,15.95863806854696,76040300
2003-06-30,15.767995834350586,16.063185422404693,15.681899506529321,15.952489473506214,48073100
2003-07-01,16.08163070678711,16.112380226903177,15.614248557791184,15.737244292306942,60926000
2003-07-02,16.53056526184082,16.561314785896947,16.266126392804566,16.296874743886285,94069300
2003-07-03,16.296876907348633,16.57361679571985,16.241528929674388,16.413722768324764,39440900
2003-07-07,16.862653732299805,16.94260015197148,16.57361523290288,16.616663395262588,88960800
2003-07-08,17.03484344482422,17.096340134515767,16.75810364931558,16.764253552879566,61896800
2003-07-09,16.893402099609375,17.03484756988439,16.758107707362026,16.94875007211385,62300700
2003-07-10,16.54901695251465,16.862655097494553,16.35222466695264,16.758109049167917,55350800
2003-07-11,16.795015335083008,16.88111288088961,16.53672504361341,16.573624494519855,50377300
2003-07-14,16.85035514831543,17.102495408747295,16.63511314788043,16.991799455782175,60464400
2003-07-15,16.770410537719727,16.9303045789759,16.66586447893587,16.893405142011247,53567600
2003-07-16,16.92415428161621,16.985652168827787,16.727361980918868,16.94875273271606,49838900
2003-07-17,16.413726806640625,16.770413209978674,16.321480545479464,16.69046559012411,72805000
2003-07-18,16.536710739135742,16.745802754837772,16.450614440778704,16.67200626281005,63388400
2003-07-21,16.01399040222168,16.54901935979895,15.9893907764608,16.524420907012786,48480800
2003-07-22,16.223079681396484,16.333775639942434,16.069335555188133,16.16158296929282,51791000
2003-07-23,16.2661190032959,16.38911352472221,16.075475559678228,16.247669297243707,49828200
2003-07-24,15.989384651184082,16.555162924221875,15.977084843015502,16.469066612990343,53556600
2003-07-25,16.536710739135742,16.573610158123696,16.03243040937464,16.16157602988429,54173000
2003-07-28,16.364521026611328,16.604361427433595,16.29072334860293,16.567463174916544,52658300
2003-07-29,16.278423309326172,16.542863323393696,16.136979032537496,16.530563515070956,62391100
2003-07-30,16.130830764770508,16.33992283557135,16.09393250903342,16.27227505590802,41240300
2003-07-31,16.241531372070312,16.598217741290163,16.180033479520393,16.35837725061769,64504800
2003-08-01,16.093931198120117,16.303023251889602,16.06318284967285,16.192327320720544,42649700
2003-08-04,16.100088119506836,16.241532460770614,15.835647984898577,16.081638398612718,51825600
2003-08-05,15.780291557312012,16.321471351083712,15.743393308228455,16.1800259124774,58825800
2003-08-06,15.77414608001709,16.106233933878794,15.638851680096312,15.70649946654396,56294900
2003-08-07,15.81104564666748,15.872543532797586,15.65115278489367,15.817195552577953,44258500
2003-08-08,15.731097221374512,15.977087561733388,15.681899153302737,15.915589683400052,33241400
2003-08-11,15.749553680419922,15.983244310579028,15.706505499046532,15.749553680419924,36433900
2003-08-12,15.823339462280273,15.847939076600209,15.651146853937401,15.811039655120304,38208400
2003-08-13,15.74339771270752,15.921740277317515,15.681899831713737,15.860243569298252,39636900
2003-08-14,15.761844635009766,15.811042700150466,15.694198028550302,15.780294349302928,37338300
2003-08-15,15.706501007080078,15.780297533193385,15.63885321399735,15.749549176141945,27607900
2003-08-18,15.80489730834961,15.884843741232624,15.657301908762335,15.718799796427925,45817400
2003-08-19,16.370676040649414,16.389124586179147,15.84794574610484,15.89714382247523,72952900
2003-08-20,16.2661190032959,16.315317046461196,15.989379277382422,16.173871646008823,56739300
2003-08-21,16.136985778808594,16.438324170848386,16.069337977726782,16.389126089963824,63802700
2003-08-22,16.124685287475586,16.573619076271044,16.118535381001706,16.46907301216453,65846300
2003-08-25,16.296876907348633,16.32147652985921,16.1308329743259,16.180031046372502,36132900
2003-08-26,16.339927673339844,16.401425566425633,15.964791581193811,16.180033620506695,47546000
2003-08-27,16.24767303466797,16.34606914363245,16.173875366457533,16.30302099258226,30633900
2003-08-28,16.303014755249023,16.34606288982953,16.136970945032473,16.29686485416985,46211200
2003-08-29,16.309173583984375,16.32762212434694,16.204627554357256,16.272274157310566,34503000
2003-09-02,16.76425552368164,16.788853967855214,16.27842364177978,16.419869094431473,74168900
2003-09-03,17.403841018676758,17.465338926373764,16.83806237921933,16.862662011488144,109437800
2003-09-04,17.483783721923828,17.50838217428335,17.213193708120915,17.280841504815317,59840800
2003-09-05,17.453027725219727,17.68056948337532,17.3238832589775,17.3607815103361,64024500
2003-09-08,17.73591423034668,17.78511228089376,17.428426121183904,17.459174462910564,46105300
2003-09-09,17.446876525878906,17.655967369313124,17.409977106766313,17.61906912317463,44315200
2003-09-10,16.942598342895508,17.330034108712624,16.899550185132345,17.23778788879523,54763500
2003-09-11,17.120948791503906,17.28699275650815,16.967204640124002,17.01025281483441,37813300
2003-09-12,17.428428649902344,17.46532689992277,16.881100111531534,16.899548650054637,55777200
2003-09-15,17.440736770629883,17.59448092079982,17.422287050338568,17.446886677393653,41432300
2003-09-16,17.77281379699707,17.803563313985,17.41612761075606,17.471475568360194,52060600
2003-09-17,17.526824951171875,17.80356476169586,17.508375239478866,17.686718933588597,47221600
2003-09-18,18.141809463500977,18.14795937017778,17.477634791078238,17.52068296484109,67268100
2003-09-19,18.4246883392334,18.43083824264125,18.154099627132762,18.301693789998783,92433800
2003-09-22,17.877365112304688,18.44929339523282,17.717471095455732,18.074157387511253,65678700
2003-09-23,18.203311920166016,18.270958564617736,17.760527912245387,17.908123363535633,57827800
2003-09-24,17.502235412597656,18.264807513324914,17.4776369558185,18.209459519353178,66336500
2003-09-25,17.3669376373291,17.809720331213384,17.354637824810865,17.508381962364744,56224500
2003-09-26,17.336185455322266,17.69902163375989,17.305435930808827,17.385383521569345,49864700
2003-09-29,17.729768753051758,17.778966815879492,17.280836283126867,17.471478629962554,47380300
2003-09-30,17.09634780883789,17.594479664358175,17.065599450189588,17.58217985170898,63333700
2003-10-01,17.53911590576172,17.606762468541724,17.10248233322019,17.23777780472748,58375900
2003-10-02,17.526824951171875,17.680569029690925,17.336182622241036,17.496076604657755,38143600
2003-10-03,17.883516311645508,18.117206862120415,17.791270072588954,17.93271438400731,57303000
2003-10-06,17.95116424560547,18.018810862538732,17.778970404464857,17.926564622739132,34047600
2003-10-07,17.920413970947266,18.061859450590777,17.785119569738832,17.84046754590922,52356800
2003-10-08,17.72361946105957,18.055707276353658,17.637523141379347,18.055707276353658,46989100
2003-10-09,17.797412872314453,18.04955303911894,17.711315400326363,17.969605470342433,62653300
2003-10-10,17.778966903686523,17.957310615426838,17.631372714474374,17.778966903686523,37604700
2003-10-13,17.699024200439453,17.89581649396623,17.526830357116232,17.82201879740639,39320300
2003-10-14,17.63751792907715,17.692865881936203,17.51452221761835,17.62521812333646,34851300
2003-10-15,17.977659225463867,18.095160597662098,17.748842067533374,18.05805533575134,57242100
2003-10-16,18.076602935791016,18.12607699936869,17.81067940172801,17.878706681480327,42232500
2003-10-17,17.891082763671875,18.113716730033083,17.810686640461352,18.107532322128026,49960000
2003-10-20,18.15081787109375,18.163186684091656,17.810682590980875,17.90344750891025,38794500
2003-10-21,18.15081787109375,18.20029194353045,18.03950091322244,18.15081787109375,44166800
2003-10-22,17.866348266601562,18.064244636062348,17.81068976524629,17.95292881290721,48798500
2003-10-23,17.878707885742188,17.983840425370527,17.377782810832947,17.76120653449762,67357900
2003-10-24,16.456327438354492,16.944883697519206,16.33882608810281,16.86448878180266,210558300
2003-10-27,16.641857147216797,16.75935851338592,16.586198667429056,16.641857147216797,65619100
2003-10-28,16.821205139160156,16.83357277554183,16.623307622835686,16.75317783106252,71752600
2003-10-29,16.536724090576172,16.852121739915678,16.48725001888889,16.796463261823124,73551500
2003-10-30,16.153297424316406,16.722249736157377,16.02342727227585,16.70369652027881,98729400
2003-10-31,16.165668487548828,16.351197147060756,16.147116447286102,16.30790748037446,69623700
2003-11-03,16.499614715576172,16.542904370058803,16.258428823713167,16.295534073333332,57772300
2003-11-04,16.12238311767578,16.46251849432043,16.08527784770637,16.443965269558092,84026100
2003-11-05,16.14093780517578,16.276991260430034,16.079094896585534,16.171858669693222,61514400
2003-11-06,16.221324920654297,16.264614581878345,16.07908712533106,16.239878138130948,68189800
2003-11-07,16.14093780517578,16.382123851166845,16.09764812302922,16.314096533762033,57822100
2003-11-10,16.07908821105957,16.221326015987312,16.07908821105957,16.153299906422454,54579100
2003-11-11,15.955409049987793,16.12856895781016,15.875014094657455,16.08527927574341,64990700
2003-11-12,16.06671714782715,16.165665274746345,15.831715641282736,15.98632223703832,75877300
2003-11-13,15.887382507324219,16.03580477615094,15.738960238497496,15.992515095187564,78949500
2003-11-14,15.769875526428223,16.091457584962292,15.73277026722965,15.893561296496687,83146400
2003-11-17,15.553428649902344,15.732772928887444,15.361716735461986,15.701850891361502,103900200
2003-11-18,15.553428649902344,15.980143331319377,15.5348766069419,15.664745625885493,106868300
2003-11-19,15.67711067199707,15.794612027237173,15.565793722775378,15.640005415441452,78853300
2003-11-20,15.522497177124023,15.850262293876314,15.510128370571854,15.565786820502304,106845700
2003-11-21,15.528694152832031,15.69566845825577,15.510140927982606,15.664747596395333,70712900
2003-11-24,15.912111282348633,15.961585348078813,15.6338201049494,15.664740953697724,99463800
2003-11-25,15.708030700683594,16.048165936571067,15.695661889293916,15.998691870567132,85663800
2003-11-26,15.738961219787598,15.850277043681434,15.65856508193851,15.837909405174617,69758400
2003-11-28,15.899747848510742,15.924485479519777,15.708035926411387,15.769878824378809,33402600
2003-12-01,15.980147361755371,16.208964599382924,15.769882171767373,16.017252636589895,101914600
2003-12-02,15.868821144104004,16.134744681723696,15.837900296287417,16.048165364193466,85121700
2003-12-03,15.875005722045898,16.122376045930256,15.844084873893385,15.96776944605819,93121600
2003-12-04,16.202775955200195,16.221327996639992,15.868825054623544,15.905930317058164,87202400
2003-12-05,16.06671714782715,16.375930339338318,16.02961189512113,16.05434833707357,96610900
2003-12-08,16.227516174316406,16.28935907911414,15.961592509374864,16.153305632203367,90504000
2003-12-09,16.3140926361084,16.456331645749792,16.233697699837254,16.35119908013055,103547100
2003-12-10,16.443960189819336,16.468696635639137,16.314090015711958,16.357380860117683,82853700
2003-12-11,16.456327438354492,16.555275571338605,16.252246766630407,16.44395862684278,79309000
2003-12-12,16.481063842773438,16.580011975523107,16.38830011576497,16.505801465738248,69154100
2003-12-15,16.536724090576172,16.759358002946392,16.49961883169944,16.72843597092002,88860600
2003-12-16,16.7346248626709,16.79646776374435,16.555281747068648,16.592387015890626,73978000
2003-12-17,16.72224998474121,16.74698642672565,16.604748641539654,16.72224998474121,53712300
2003-12-18,16.944887161254883,16.97580919635499,16.72843763377424,16.75935966887435,61177800
2003-12-19,16.920156478881836,17.037656713639596,16.815023882823812,17.000551438429536,76856400
2003-12-22,16.808834075927734,16.963440715802633,16.678963885064192,16.79646526164453,43894800
2003-12-23,16.7902774810791,16.907778834051616,16.703698157601885,16.80264629287722,39609000
2003-12-24,16.72224998474121,16.796460490249245,16.697512363202055,16.784091679479666,19924200
2003-12-26,16.827388763427734,16.852126395883435,16.697519731701018,16.728440592715405,12076900
2003-12-29,16.98198890686035,17.025279747034997,16.79646145290244,16.82738230204383,40426700
2003-12-30,17.019100189208984,17.03765223215648,16.944888478753647,16.95107288625452,34406600
2003-12-31,16.926334381103516,17.037650163941123,16.839753866156517,16.957255235299243,42198900
2004-01-02,16.975811004638672,17.1737073321394,16.90159929204832,17.05620594535266,44487700
2004-01-05,17.402524948120117,17.427262579446023,17.142785716974064,17.14897012480554,67333700
2004-01-06,17.46436882019043,17.48910645289499,17.359236240306544,17.433447958864978,46950800
2004-01-07,17.44580841064453,17.507651287380835,17.322123836726693,17.42107196768287,54298200
2004-01-08,17.414892196655273,17.6127885112335,17.31594403936616,17.55713002531399,58810800
2004-01-09,17.105680465698242,17.35305088141501,17.062390790392207,17.334498837458245,67079900
2004-01-12,17.05001449584961,17.148962618733425,16.91396112177303,17.11185736754066,55845200
2004-01-13,16.963441848754883,17.09331086873705,16.85830927943617,17.03765238030037,51555900
2004-01-14,17.130407333374023,17.148959365673857,16.98816840160012,17.019090421357248,43907000
2004-01-15,17.031471252441406,17.14278706348592,16.957259532189784,17.03765448120337,58504100
2004-01-16,17.198444366455078,17.24173404211931,17.025285663798144,17.136601467125374,63983400
2004-01-20,17.37778091430664,17.43962378608375,17.272648386151953,17.303569232263172,63068500
2004-01-21,17.501476287841797,17.501476287841797,17.22318496229416,17.396343694753472,53570600
2004-01-22,17.322128295898438,17.588051908631936,17.278838624905557,17.538577830417918,78425200
2004-01-23,17.61279296875,17.785952877607496,17.452001877572762,17.48910833061354,127259100
2004-01-26,17.81068992614746,17.829243153285297,17.513845369274602,17.618977963944833,58299600
2004-01-27,17.47055435180664,17.761214477444568,17.45200112608516,17.711740388409275,63196200
2004-01-28,17.13660430908203,17.588056723369682,16.988182033809316,17.501476178127387,71336000
2004-01-29,17.260290145874023,17.28502778155576,17.050024960800847,17.19844723622508,63748400
2004-01-30,17.09949493408203,17.25410158118866,17.03765203932836,17.2169963161585,40528700
2004-02-02,16.944887161254883,17.192257544280608,16.845939008044596,17.07475734956528,62891800
2004-02-03,16.876853942871094,17.037643739525546,16.808826673825685,16.944880032361965,47993800
2004-02-04,16.70369529724121,16.963434402749634,16.70369529724121,16.833564260218115,60648000
2004-02-05,16.67277717590332,16.802647348835617,16.592382253272767,16.73462005922561,55527500
2004-02-06,16.746992111206055,16.815019413974724,16.65422835805658,16.71607125334127,47209600
2004-02-09,16.635669708251953,16.83975037042195,16.60474886047503,16.81501392811136,48108500
2004-02-10,16.709888458251953,16.79028340419105,16.58620265574771,16.617124696151386,37790600
2004-02-11,16.7902774810791,16.83975154871677,16.604750022326552,16.678960534005643,51515300
2004-02-12,16.666593551635742,16.79027813577528,16.654224739355328,16.753172878488908,44537000
2004-02-13,16.443960189819336,16.73462021064267,16.38830171228116,16.68514613944817,67541100
2004-02-17,16.69132423400879,16.759351498509975,16.443953971578733,16.524348864535582,43477000
2004-02-18,16.55528450012207,16.765549691004612,16.536731272848165,16.635679459198137,50334700
2004-02-19,16.36356544494629,16.68514752417664,16.345013403930498,16.64804226259006,61840600
2004-02-20,16.431596755981445,16.573834609782548,16.388307076959833,16.487255251739317,57821900
2004-02-23,16.456327438354492,16.549091165582748,16.375931343083156,16.53053794831518,50256800
2004-02-24,16.623302459716797,16.66659330204995,16.419221778365586,16.456328214651148,55426500
2004-02-25,16.51198959350586,16.691332682207953,16.456331108843642,16.63567419754574,64275700
2004-02-26,16.3883056640625,16.481069422476345,16.332647173103155,16.443964155021845,66602700
2004-02-27,16.4068603515625,16.462518847488287,16.295543359710923,16.36975390124178,58266500
2004-03-01,16.51198959350586,16.524357228221312,16.388303809910926,16.468698743559095,51912300
2004-03-02,16.32027816772461,16.50580686195088,16.295541716227543,16.456332779401574,66331000
2004-03-03,16.307907104492188,16.419222882167677,16.215142187096895,16.295538291565492,54998700
2004-03-04,16.307907104492188,16.338827957254,16.208957780633547,16.283169478638797,44023200
2004-03-05,16.295536041259766,16.45014264282854,16.202772316229453,16.22132435350266,59849800
2004-03-08,15.973959922790527,16.295542055840638,15.961591107006631,16.270804424272846,69367800
2004-03-09,15.905922889709473,16.060529453806957,15.794607154385044,15.95539694303849,81111700
2004-03-10,15.68947696685791,15.955399305656647,15.67710815680551,15.862635589372934,75155800
2004-03-11,15.516322135925293,15.943036783007278,15.503953321910156,15.57198061943838,90536300
2004-03-12,15.695671081542969,15.776067223105503,15.602907300902364,15.695671081542969,64137100
2004-03-15,15.559606552124023,15.726581946288352,15.497763682483017,15.646185861888656,68835300
2004-03-16,15.57198429107666,15.689485692815454,15.522510202905902,15.621458379247422,65453800
2004-03-17,15.541062355041504,15.745143117586117,15.528694717580704,15.61527407758287,56241400
2004-03-18,15.392631530761719,15.479212022177917,15.200919691830595,15.43592118669249,123231000
2004-03-19,15.231847763061523,15.423560872489082,15.188558086595693,15.3184282955484,86281600
2004-03-22,15.151447296142578,15.361712373392205,14.848418491766301,15.139078484644415,127605200
2004-03-23,14.934999465942383,15.25039711672066,14.910263019763358,15.244212710287172,91696300
2004-03-24,15.095787048339844,15.200919574598625,14.953549271505798,15.077233833274887,97584700
2004-03-25,15.578167915344238,15.60908877656118,15.20092727481026,15.213296091119137,85677900
2004-03-26,15.479217529296875,15.776062000907427,15.460664307488061,15.528691607898635,61584900
2004-03-29,15.652373313903809,15.70803178946046,15.460661442294715,15.615268056717662,51881600
2004-03-30,15.584351539611816,15.664746482465182,15.479218965384996,15.590534767899996,59010400
2004-03-31,15.417366981506348,15.584342356217956,15.380261735866377,15.584342356217956,70533200
2004-04-01,15.510136604309082,15.528689823986529,15.367898792113472,15.429741678150023,69051900
2004-04-02,15.98632526397705,16.017246117161005,15.732770493292815,15.75750693992899,98043800
2004-04-05,16.048166275024414,16.06671831294541,15.912111705978145,15.961585773025478,53800300
2004-04-06,15.955409049987793,16.017251958464023,15.868829685854294,15.936857003133683,48992000
2004-04-07,15.825536727905273,15.943038111731813,15.677114486018914,15.918300481639855,63268900
2004-04-08,15.757506370544434,15.98632468632433,15.683295853762504,15.9677714673514,45294600
2004-04-12,15.837911605834961,15.918306575299427,15.726594586918333,15.757515456814918,38786800
2004-04-13,15.738961219787598,15.936857590561637,15.714223583663136,15.881199088837011,56971500
2004-04-14,15.776058197021484,15.881190736145296,15.69566210145662,15.701846507235055,61079600
2004-04-15,15.59671401977539,15.91211163819158,15.522503509297932,15.78842706087755,73756900
2004-04-16,15.559606552124023,15.708028731529662,15.528685707080834,15.664739076647345,51768600
2004-04-19,15.788430213928223,15.831719883611099,15.49776898110601,15.510137795173982,44592100
2004-04-20,15.664740562438965,16.004874608394076,15.63381971446295,15.862636820416828,59902600
2004-04-21,15.738961219787598,15.763697676356646,15.584354532675952,15.683302718062972,49252000
2004-04-22,16.048166275024414,16.07290271877068,15.751320693185608,15.776058316486676,99207700
2004-04-23,17.031471252441406,17.14278706348592,16.907785445207132,16.944890715555303,258269000
2004-04-26,16.845935821533203,17.037647684670294,16.759356498739965,16.97580598527787,89391000
2004-04-27,16.83357810974121,16.926343079107838,16.777919599943466,16.79647282972791,80716800
2004-04-28,16.425399780273438,16.728428481127846,16.36974132710075,16.703692046136865,72842200
2004-04-29,16.375932693481445,16.660409483935496,16.270800146071995,16.394485912278956,77787300
2004-04-30,16.159482955932617,16.542907881919568,16.054350410061588,16.44395974222388,66172200
2004-05-03,16.295536041259766,16.40066857750872,16.19658791062013,16.19658791062013,65916200
2004-05-04,16.28317642211914,16.413046654118926,16.09146445822514,16.295545240320152,55496400
2004-05-05,16.264616012573242,16.450144664995104,16.233695160280384,16.276984825312347,51841700
2004-05-06,16.153297424316406,16.289350802095118,16.09763895623541,16.178033865933127,62693900
2004-05-07,15.943038940429688,16.31409397465497,15.92448571689635,16.097645597875285,68290200
2004-05-10,16.035812377929688,16.110022957744913,15.844100337258475,15.850283569279828,64621400
2004-05-11,16.041988372802734,16.147120955344608,15.949224606925853,16.134752138679616,57917200
2004-05-12,16.041988372802734,16.07909364324243,15.726590625177115,15.998698694030542,64145600
2004-05-13,16.14093780517578,16.19659630495147,15.949225850145844,15.967777897034159,63861500
2004-05-14,15.992510795593262,16.184222693841523,15.856456201080604,16.079090134243117,43775300
2004-05-17,15.79461669921875,15.949223356746474,15.72040498460116,15.75132584428463,55149600
2004-05-18,15.973959922790527,16.060539274167404,15.85645853195391,15.893564979305596,58158600
2004-05-19,15.844087600708008,16.246064593645865,15.844087600708006,16.097642373771347,60052800
2004-05-20,15.912111282348633,15.998691782042528,15.825531962209507,15.924480093669871,52089900
2004-05-21,16.01106071472168,16.20277376711341,15.94303460603723,16.060534784471674,57809300
2004-05-24,15.930671691894531,16.184226540683934,15.918302874988877,16.11001481880531,56250500
2004-05-25,16.14093780517578,16.19659630495147,15.831724441779906,15.899750579629346,66615000
2004-05-26,16.165668487548828,16.17185289415472,15.986325414197745,16.07290474757034,50306900
2004-05-27,16.196590423583984,16.196590423583984,16.02961498488968,16.178037203877413,49071900
2004-05-28,16.221324920654297,16.295536611006092,16.09145593698216,16.165666447779152,37393000
2004-06-01,16.147113800048828,16.246061930411166,15.998691604505321,16.159481431678053,48369500
2004-06-02,16.159482955932617,16.252247869007835,16.085272440938283,16.153299729312145,54020000
2004-06-03,16.01106071472168,16.15948292397166,15.992508675787223,16.110008854221665,45933100
2004-06-04,16.048166275024414,16.227509325737948,16.041981869199148,16.09764034207175,48815300
2004-06-07,16.345014572143555,16.345014572143555,16.060537734167617,16.09145977066233,65218600
2004-06-08,16.45013999938965,16.481060842912704,16.227506151449013,16.252243769911114,58447700
2004-06-09,16.369749069213867,16.481066028206868,16.32645940283991,16.32645940283991,50385500
2004-06-10,16.55528450012207,16.56765331830467,16.314097263783022,16.314097263783022,48109200
2004-06-14,16.635669708251953,16.635669708251953,16.406852603771366,16.419220235149297,67377500
2004-06-15,16.95107078552246,17.068572154366937,16.678962786981828,16.691331600450717,114183400
2004-06-16,16.895416259765625,17.006733247935497,16.790283679777996,16.90778507613011,67431100
2004-06-17,17.173702239990234,17.266465968556574,16.876857836756034,16.889225468891357,105427500
2004-06-18,17.53238868713379,17.62515241128222,17.130411762787425,17.173701422086378,134218700
2004-06-21,17.53238868713379,17.72410054098118,17.39015089813588,17.451992594531667,116881700
2004-06-22,17.495285034179688,17.53239029132319,17.1984394383671,17.40870452810504,98932000
2004-06-23,17.501476287841797,17.550950379909512,17.315948737476706,17.439634557423698,58558400
2004-06-24,17.557132720947266,17.717923796117894,17.538580675829092,17.6127912154123,65503800
2004-06-25,17.668445587158203,17.705550848291743,17.47054928837269,17.612787105680404,71136500
2004-06-28,17.489105224609375,17.779765311142985,17.42107791900474,17.687001554126315,77024100
2004-06-29,17.625152587890625,17.674626653235844,17.427256326509738,17.427256326509738,55371700
2004-06-30,17.662261962890625,17.8106841935555,17.557129402058628,17.668446369946043,83544400
2004-07-01,17.705549240112305,17.83541941161617,17.476732107757936,17.74884008365018,78441400
2004-07-02,17.668445587158203,17.736472882198843,17.563313030984027,17.699367621065306,36690100
2004-07-06,17.32830238342285,17.520014174885752,17.278828334672607,17.513829771347677,69158900
2004-07-07,17.37778091430664,17.513834288572546,17.037645709309864,17.111857391353333,66255700
2004-07-08,17.09330940246582,17.40870708336702,17.03765091880355,17.2417316323802,59125100
2004-07-09,17.229368209838867,17.31594757023233,17.093313581157354,17.17989412110613,50249300
2004-07-12,17.247909545898438,17.31593681799804,17.062382123241722,17.111856181253817,45757300
2004-07-13,17.068567276000977,17.28501673162319,17.068567276000977,17.260279111755672,43274100
2004-07-14,17.396337509155273,17.53857650538516,16.90778117114647,16.94488643211493,87656300
2004-07-15,17.23554039001465,17.439621008689432,17.1922495609768,17.346856126019954,46759700
2004-07-16,16.994359970092773,17.439627805877436,16.8521221579082,17.4272589927601,66406300
2004-07-19,17.285024642944336,17.476736566445197,17.068575088253596,17.080943903848535,60354500
2004-07-20,17.513839721679688,17.612787875396688,17.223179667580375,17.315943414245687,89010700
2004-07-21,17.847787857055664,18.484766350372922,17.816865826593027,18.484766350372922,201518000
2004-07-22,17.934362411499023,18.119889826692717,17.829229895008055,17.977652063073915,124640700
2004-07-23,17.334497451782227,17.563314625695973,17.328313044439277,17.55094581101007,97372700
2004-07-26,17.724105834960938,17.755026692394523,17.439630171995617,17.538578331249216,72387600
2004-07-27,17.588045120239258,17.785941356714055,17.396332109044014,17.74883610726368,72968400
2004-07-28,17.67462730407715,17.804497467612354,17.48909984708949,17.52620510257606,62718800
2004-07-29,17.61279296875,17.810689333412636,17.47055510409315,17.798321695287754,60148400
2004-07-30,17.618974685668945,17.81687102009592,17.520026518455456,17.59423823364317,59552900
2004-08-02,17.637514114379883,17.65606614400016,17.414880322502345,17.482907576588097,52267000
2004-08-03,17.359233856201172,17.57568339441805,17.315944184468815,17.55094576511094,53990900
2004-08-04,17.353042602539062,17.43962309140007,17.309752947885872,17.322121757659534,46217900
2004-08-05,17.02527618408203,17.445805070351053,17.019091779637034,17.414884227680602,55591700
2004-08-06,16.784093856811523,17.22936166584137,16.73461978686986,16.932516066636516,75628000
2004-08-09,16.808834075927734,16.870676967788704,16.759359998349968,16.8583081535055,51877500
2004-08-10,17.142786026000977,17.161339249829854,16.852125930013102,16.883046790172695,57632700
2004-08-11,16.95107078552246,17.01291367331192,16.821201782764074,16.938701972053575,53097300
2004-08-12,16.623302459716797,16.8892260219891,16.610934827176454,16.839751953163194,50279700
2004-08-13,16.709888458251953,16.85212630544317,16.685150825929014,16.70370405017122,43333200
2004-08-16,16.753177642822266,16.821204950155543,16.672781519691085,16.71607237498375,54347200
2004-08-17,16.72842788696289,16.93250848149602,16.68513824260046,16.833560385937794,56879700
2004-08-18,16.98198890686035,17.006726529817293,16.62948603660745,16.65422365956439,58844000
2004-08-19,16.771730422973633,16.97581116002114,16.70370311743941,16.913968262222316,46293000
2004-08-20,16.821205139160156,16.926337715513228,16.722256970775526,16.777914283381072,46494800
2004-08-23,16.8956356048584,16.951458284567778,16.821206153935755,16.914243559106456,39572200
2004-08-24,16.8956356048584,17.032090386906436,16.8025981996877,16.994875661445118,40835300
2004-08-25,17.087905883789062,17.162336486459917,16.858413793036327,16.877020556428317,53512700
2004-08-26,17.01968002319336,17.11892004337244,16.988666777490923,17.032084138439977,35465500
2004-08-27,17.032085418701172,17.149933395160065,17.025883952128893,17.056896017128075,33248700
2004-08-30,16.932838439941406,16.988661080451667,16.653726420424064,16.932838439941406,36679600
2004-08-31,16.932838439941406,16.945243734062345,16.777775812531562,16.9266369759149,52106700
2004-09-01,16.98866844177246,17.069301705463612,16.833605747172758,16.889428411871407,48507500
2004-09-02,17.131328582763672,17.168543301612964,16.963860573389983,16.994872641925294,42161700
2004-09-03,16.815004348754883,17.131332488682684,16.80880169702671,17.032091244066738,46174400
2004-09-07,16.970064163208008,16.982468281488106,16.846013516129844,16.926646791641044,44893400
2004-09-08,16.908035278320312,17.038287365586132,16.833604669143842,16.932844692689535,53278100
2004-09-09,16.920446395874023,17.038293224964935,16.858421064069184,16.932850515807147,56904700
2004-09-10,17.050689697265625,17.063094993808765,16.858412332983686,16.95765233926044,52664500
2004-09-13,16.90183448791504,17.100314556836224,16.585506434433956,17.07550513973834,48239200
2004-09-14,17.01968002319336,17.063097384142413,16.914237353873794,16.97626266224431,55920000
2004-09-15,16.86461639404297,16.994868469554902,16.83360315008706,16.970059057424468,52605700
2004-09-16,16.908035278320312,16.963857939444065,16.85221261719656,16.88322468091669,35951500
2004-09-17,17.063100814819336,17.0755061155945,16.908038104233594,16.988670193202957,65283000
2004-09-20,17.063100814819336,17.14993555417628,16.951455473912066,17.019683445140863,51513600
2004-09-21,16.908035278320312,17.075503261691566,16.901832628969405,17.02588324991872,73874400
2004-09-22,16.821210861206055,17.205765892335286,16.790197595447165,16.92045094556425,68409000
2004-09-23,16.963857650756836,16.988667064703858,16.852212330409287,16.86461762889999,52155800
2004-09-24,16.92664337158203,17.032084862348785,16.864618060575275,16.988667499554378,49859800
2004-09-27,16.86461639404297,16.94524846225974,16.82740050129588,16.852211096460604,47813600
2004-09-28,16.914243698120117,16.970066378288287,16.771586263483595,16.877027789318134,62055100
2004-09-29,17.106517791748047,17.174745761410396,16.889429765305227,16.90803771604075,61529300
2004-09-30,17.149934768676758,17.23677068709105,17.069302683400498,17.11272005109037,71218000
2004-10-01,17.52208137512207,17.5654987326068,17.230563986985825,17.255373398533845,66302800
2004-10-04,17.441448211669922,17.652332337182656,17.41043497039291,17.639928223706043,62016200
2004-10-05,17.602718353271484,17.6461369059059,17.42904887487219,17.460060943719323,58017700
2004-10-06,17.695755004882812,17.708159121254354,17.509679062896094,17.608919092075226,56999600
2004-10-07,17.47246551513672,17.73297090489624,17.46626286501928,17.701958837343614,38401500
2004-10-08,17.360822677612305,17.571708079816926,17.3484173755921,17.429050655688716,49556600
2004-10-11,17.40423583984375,17.50347586591999,17.323603762294717,17.49107174993628,44691000
2004-10-12,17.3856258392334,17.466257901778416,17.249169941494465,17.261575238204223,56412900
2004-10-13,17.3856258392334,17.534485850647883,17.32980318707369,17.484865846843054,49500700
2004-10-14,17.242969512939453,17.46626015032394,17.242969512939453,17.39183072655202,41548700
2004-10-15,17.360822677612305,17.51588540376072,17.255379976509996,17.3484173755921,49828500
2004-10-18,17.621328353881836,17.64613895827286,17.354620271851978,17.410442948697053,50350700
2004-10-19,17.478670120239258,17.73297288832505,17.472467469428057,17.69575816649253,57026500
2004-10-20,17.80120086669922,17.83221293772487,17.441455400842155,17.50347954289346,69078100
2004-10-21,17.714359283447266,17.9190419627663,17.658536626993502,17.869421955144542,94988500
2004-10-22,17.20575523376465,17.577905911086642,17.10651521088337,17.553095313849127,101912800
2004-10-25,17.137529373168945,17.224365291100348,17.087909355651515,17.16233997344493,61529500
2004-10-26,17.30500030517578,17.30500030517578,17.137532274068903,17.1871522999856,76966600
2004-10-27,17.46005630493164,17.584106913431594,17.106513608651337,17.280184223944417,72392600
2004-10-28,17.37322235107422,17.701955649898686,17.30499439510223,17.435247658045633,63059600
2004-10-29,17.348424911499023,17.460070312108595,17.242982164593894,17.441463534030486,80010100
2004-11-01,17.41663932800293,17.540689939217536,17.3422087246673,17.46625933588191,72930900
2004-11-02,17.515878677368164,17.65853604671354,17.38562660527915,17.528283974624525,89417100
2004-11-03,17.658540725708008,17.770186064529476,17.559300687429943,17.770186064529476,79666700
2004-11-04,17.98727035522461,17.98727035522461,17.60271439950884,17.60271439950884,87867700
2004-11-05,18.17955207824707,18.210565330561007,18.005882597427462,18.117526756653806,95337700
2004-11-08,18.160940170288086,18.28498959533361,18.067901622711094,18.098914866248183,112802100
2004-11-09,18.46485710144043,18.53928649665395,18.20435185212528,18.253971843278933,100401000
2004-11-10,18.440052032470703,18.60751999636622,18.415242620986696,18.55789999036395,84097700
2004-11-11,18.595111846923828,18.65713714067158,18.49587185014106,18.539289200854263,87358900
2004-11-12,18.588918685913086,18.731577289247518,18.483475987640517,18.706766685872942,162269000
2004-11-15,18.934560775756836,19.010603612138176,18.80321573651265,18.89999656933257,104468000
2004-11-16,18.7479248046875,18.90000926103774,18.69953303724162,18.893096151402617,64522600
2004-11-17,18.78248405456543,18.906917357925295,18.70644118728096,18.837787598443093,58830700
2004-11-18,18.713342666625977,18.782472383151024,18.664952260620346,18.754819969125137,63249900
2004-11-19,18.56817626953125,18.713347525239474,18.554350058928556,18.685696422574104,85808600
2004-11-22,18.423009872436523,18.54053006488338,18.04279818315929,18.49213963008887,92410800
2004-11-23,18.340055465698242,18.45757565973176,18.250186383974714,18.333142357985626,70459700
2004-11-24,18.416088104248047,18.478304725022387,18.250177555029758,18.402263214051402,60069200
2004-11-26,18.388446807861328,18.540531229416573,18.35388126759386,18.36079437564735,24398700
2004-11-29,18.505966186523438,18.63039948888376,18.39535909965659,18.41609710435632,67079900
2004-11-30,18.533615112304688,18.671874613846114,18.457573573143197,18.49213778925839,75960400
2004-12-01,18.837783813476562,18.85852313271634,18.5336137239943,18.6303958952397,99889000
2004-12-02,18.727182388305664,18.941483477500224,18.6096621809653,18.851615704141416,96088300
2004-12-03,18.823963165283203,18.9691358057963,18.761746507711962,18.775572724625707,76498400
2004-12-06,18.89307975769043,18.969122579152863,18.71334301875903,18.734082329668702,55297400
2004-12-07,18.713342666625977,18.927643601167915,18.664952260620346,18.844688996169598,111656000
2004-12-08,18.913827896118164,18.913827896118164,18.602744679981885,18.671874430072204,95655000
2004-12-09,18.823963165283203,18.913832256681932,18.623488294196356,18.75483339925509,83006000
2004-12-10,18.720258712768555,18.7893884401601,18.692607612935866,18.720258712768555,70949200
2004-12-13,18.837783813476562,18.85852313271634,18.602743469586663,18.734089854358132,93812500
2004-12-14,18.823963165283203,18.893092931311315,18.69261806022447,18.699529850140724,127843200
2004-12-15,18.74100685119629,18.941481704636246,18.713354419802915,18.817048400447064,106303900
2004-12-16,18.77556037902832,18.858516307423713,18.671866457438895,18.768647275117058,88997500
2004-12-17,18.63730812072754,18.88617468328749,18.52670105259873,18.66496054702987,126184400
2004-12-20,18.630393981933594,18.768652140379242,18.588915347713815,18.67187129761328,85552800
2004-12-21,18.713342666625977,18.782472383151024,18.623474958121186,18.664952260620346,94646100
2004-12-22,18.644227981567383,18.76866130792595,18.51288286466955,18.554360200608826,63651900
2004-12-23,18.6718692779541,18.76865011025168,18.547436025834386,18.575088445656522,65801900
2004-12-27,18.56126594543457,18.73408964824394,18.540526626422967,18.67187300974935,55958500
2004-12-28,18.630393981933594,18.68569750901987,18.52669871492424,18.56126424344072,55075900
2004-12-29,18.595829010009766,18.66495875057176,18.540525481268194,18.561264798998835,47594900
2004-12-30,18.499042510986328,18.623475742262737,18.49212940718878,18.588910223274997,48355400
2004-12-31,18.47140121459961,18.59583452077827,18.44375010130464,18.492140538476228,54959500
2005-01-03,18.485218048095703,18.63039060446669,18.42300142658526,18.52669535625605,65002900
2005-01-04,18.554351806640625,18.734088605785743,18.42991853657553,18.575091124498186,109442100
2005-01-05,18.512876510620117,18.734090651091407,18.49905029720559,18.55435383232341,72463500
2005-01-06,18.49213409423828,18.70643509212048,18.416091251731025,18.561263831195784,76890500
2005-01-07,18.43682861328125,18.588912963628204,18.402264407737828,18.54052254845144,68723300
2005-01-10,18.526695251464844,18.56817387793043,18.34695981094002,18.38843711886576,70376600
2005-01-11,18.478307723999023,18.540524354870943,18.395353095196498,18.4506566205782,64712000
2005-01-12,18.512876510620117,18.561266939030677,18.40226944038447,18.505963403912855,72940600
2005-01-13,18.16033172607422,18.526717469459356,18.084288804900055,18.4437627541252,89861600
2005-01-14,18.05661964416504,18.284746861374522,18.00131611631244,18.250181332379082,92180800
2005-01-18,18.19487190246582,18.21561121313566,17.86305084298649,17.99439717348277,69146400
2005-01-19,17.959835052490234,18.153398033065425,17.918357741845526,18.11883250874489,58114100
2005-01-20,17.87688446044922,18.042795058962362,17.793928501922533,17.863058247604734,58380100
2005-01-21,17.73171043395996,18.063531604250315,17.724797328094727,17.939099654296523,76501000
2005-01-24,17.745540618896484,17.97366788936605,17.72480129665728,17.807757267073676,69010900
2005-01-25,17.98749542236328,18.105015619916788,17.8008454641535,17.80775857207318,67580700
2005-01-26,17.98057746887207,18.09118452869849,17.904534620788848,18.022054786671937,64974500
2005-01-27,18.049705505371094,18.0842697138483,17.869968720501557,17.939098455996,93204100
2005-01-28,18.098093032836914,18.423001023643064,17.946007375342262,18.346959513435564,110466500
2005-01-31,18.16722297668457,18.333133526240704,18.084267042636583,18.215613388820962,71442100
2005-02-01,18.24325942993164,18.270911839794383,18.125739325093928,18.146478632490986,57981700
2005-02-02,18.291664123535156,18.319316555008193,18.167232137527993,18.26401301060262,79329500
2005-02-03,18.098093032836914,18.250177371791743,18.042789516986083,18.22943937743507,62545400
2005-02-04,18.19487190246582,18.229437420248885,18.07043867552615,18.09117798619599,61246500
2005-02-07,18.08426284790039,18.18104364972438,18.01513313865203,18.160305659927545,57763400
2005-02-08,18.13957977294922,18.208709533346244,18.084276228339697,18.10501555202096,61343700
2005-02-09,18.022050857543945,18.18796141111212,18.00131286243534,18.146484102355043,77874800
2005-02-10,18.0151424407959,18.063532866694356,17.973665121245823,18.042794866189425,71796400
2005-02-11,17.95293426513672,18.056629590703764,17.84232714850332,17.994412922779873,83835900
2005-02-14,17.98057746887207,18.056620316955293,17.911447726845516,17.92527393895886,58694000
2005-02-15,17.980579376220703,18.084593260356602,17.932039651797837,18.02911910064357,76551600
2005-02-16,17.883502960205078,17.98058242551434,17.800291045219627,17.93897712932587,57506600
2005-02-17,17.78641128540039,17.932031716839973,17.751740446899767,17.82801655612268,67024800
2005-02-18,17.66852569580078,17.7864083790916,17.61305156969966,17.779473948003023,77091100
2005-02-22,17.495180130004883,17.675471486352922,17.474378145977873,17.50904900109512,96419200
2005-02-23,17.47437286376953,17.57838672028798,17.453569563422665,17.502109274957412,83689400
2005-02-24,17.592248916625977,17.64078860975563,17.43969408380998,17.460497376268737,85236300
2005-02-25,17.50904655456543,17.599191558839365,17.439703531411855,17.564520708566658,62467700
2005-02-28,17.446638107299805,17.5922585893626,17.425834803402786,17.488243392485675,82728000
2005-03-01,17.52984619140625,17.619991176823685,17.42583101712967,17.467437615883455,56394800
2005-03-02,17.515979766845703,17.668533349051582,17.446636748531006,17.467440050807834,67739000
2005-03-03,17.45357322692871,17.550652670375182,17.43276992221523,17.54371823547069,52183600
2005-03-04,17.45357322692871,17.54371823547069,17.425835487310735,17.481309643938463,63058200
2005-03-07,17.66159439086914,17.88349225715773,17.446632279504275,17.453566711820265,80407400
2005-03-08,17.613054275512695,17.765609137682706,17.571449005197103,17.613054275512695,52871800
2005-03-09,17.550649642944336,17.730940951536844,17.52984766442735,17.606123790002954,62991800
2005-03-10,17.633869171142578,17.668540032110016,17.5090519554861,17.633869171142578,59132900
2005-03-11,17.398099899291992,17.668536260412004,17.377296593587268,17.647734277315564,60617900
2005-03-14,17.41196632385254,17.439702738287675,17.30795113254851,17.391163021070113,65550500
2005-03-15,17.27328109741211,17.50211214836418,17.259412228237277,17.405032709356682,71469400
2005-03-16,17.079120635986328,17.314886117925614,17.030580917223794,17.210872245919024,74841400
2005-03-17,17.016714096069336,17.113793537731635,17.00977966129229,17.086055798623438,60573200
2005-03-18,16.857223510742188,17.273280308733302,16.836421530537894,17.00977841948352,135904000
2005-03-21,16.78094482421875,16.89189311044434,16.74627265814332,16.884958677229253,71446200
2005-03-22,16.635330200195312,16.829490430419124,16.614526893261502,16.774016267870657,102113300
2005-03-23,16.76707649230957,16.91269562664491,16.614521601930136,16.635324902238587,79293300
2005-03-24,16.83642578125,16.968176097834,16.7809516156861,16.808688037163833,78820900
2005-03-28,16.78094482421875,16.96816923059449,16.767075957788578,16.919629520696784,49802000
2005-03-29,16.5867862701416,16.808682864106085,16.517443253875694,16.739339847840178,74231700
2005-03-30,16.753211975097656,16.7740152808073,16.642263656529458,16.670001397475648,59585700
2005-03-31,16.760147094726562,16.85722654678586,16.72547623973634,16.815621256275925,62382300
2005-04-01,16.72547149658203,16.884959500481408,16.71160262947566,16.808682054004333,64619600
2005-04-04,16.801742553710938,16.822545848097043,16.600649331742165,16.71853202138164,62196400
2005-04-05,16.968158721923828,16.988962008685256,16.72546032274256,16.79480196673316,73549600
2005-04-06,17.10686683654785,17.294092692343796,16.9543131703116,16.968180723526682,78020200
2005-04-07,17.405029296875,17.42583127395059,17.079117548206497,17.099920847889987,77451500
2005-04-08,17.294086456298828,17.509048663620874,17.273283150064444,17.384231471431196,47956300
2005-04-11,17.314884185791016,17.41196493509117,17.238608060222028,17.356490788037362,47791800
2005-04-12,17.55759048461914,17.57839379333667,17.1970077358328,17.280219648094445,67517800
2005-04-13,17.363418579101562,17.647723639313032,17.328746423827305,17.495168801321277,60929300
2005-04-14,17.224735260009766,17.432762933312112,17.217800827885327,17.342617960909813,66754400
2005-04-15,16.96123695373535,17.266345440949436,16.926566105859962,17.04444884028758,100251600
2005-04-18,17.09299087524414,17.224742495738973,16.919633967132924,16.954306142320117,75766400
2005-04-19,17.079120635986328,17.197003376955973,16.954304783143304,17.134594789230388,65956200
2005-04-20,16.864158630371094,17.127661852937727,16.85028976126587,17.09992411472728,91923500
2005-04-21,17.52984619140625,17.606122310572424,16.9681690117011,16.97510344482673,93562300
2005-04-22,17.32182502746582,17.509050839011984,17.18314026983081,17.370364758768496,80087500
2005-04-25,17.328760147094727,17.52985483911706,17.238615117207548,17.384234316858038,75457900
2005-04-26,17.16926383972168,17.509043131884916,17.15539497328043,17.30101542569776,60464300
2005-04-27,17.328760147094727,17.439708486621345,17.07912572185556,17.099929031495,47732800
2005-04-28,16.954307556152344,17.28021809444038,16.94737312053664,17.210875060891677,83623100
2005-04-29,17.543724060058594,17.543724060058594,17.190077020774687,17.252484310418165,98641200
2005-05-02,17.495180130004883,17.585326469483075,17.30102122517495,17.495180130004883,54376700
2005-05-03,17.585315704345703,17.613052106938543,17.39809002706579,17.42582642965863,67867800
2005-05-04,17.481311798095703,17.613063432299914,17.411970085722484,17.571458140354302,86864200
2005-05-05,17.495180130004883,17.56452316284772,17.3911662420448,17.474378145977873,59362300
2005-05-06,17.48824119567871,17.668532505647523,17.46743921700293,17.564518644444593,64322600
2005-05-09,17.41196632385254,17.56451990976603,17.370359718287688,17.495176889766046,61872400
2005-05-10,17.26634979248047,17.391166992461685,17.210875628334197,17.363430571692746,62235100
2005-05-11,17.27328109741211,17.314886382328442,17.08605533137637,17.259412228237277,59463300
2005-05-12,17.335691452026367,17.411968917649936,17.217808697248255,17.224743132542063,74540700
2005-05-13,17.543724060058594,17.599198235103977,17.328761797083814,17.356499545910836,77204300
2005-05-16,17.731536865234375,17.738493296331715,17.52284923952837,17.550673637114173,50577300
2005-05-17,17.71066665649414,17.738492379445223,17.564585591411447,17.606322849034576,39983200
2005-05-18,17.877614974975586,17.975002333363356,17.682838931396798,17.738489040018845,71182400
2005-05-19,18.03066062927246,18.121091599294587,17.877623092772,17.912403928902698,52120800
2005-05-20,17.905447006225586,18.03066013575505,17.898490573829083,18.00283440616903,64444500
2005-05-23,17.981962203979492,18.134999700275923,17.905442792429525,17.905442792429525,75421100
2005-05-24,17.912395477294922,18.00282640464901,17.89152618938095,17.94717629701498,61287700
2005-05-25,17.884578704833984,17.926317301536983,17.738497596785148,17.86371073328637,35749000
2005-05-26,18.016738891601562,18.086301856409932,17.898482249468294,17.91239510779061,50579200
2005-05-27,18.13499641418457,18.14890927318235,17.954133227623224,17.968046086621,54978000
2005-05-31,17.947179794311523,18.10717504588983,17.91239896781386,18.079349323248913,46131100
2005-06-01,17.95413589477539,18.086305421282034,17.815011264539912,17.898485777320506,54621000
2005-06-02,17.940223693847656,17.98891737896077,17.835878566544235,17.88457225165735,27212500
2005-06-03,17.689802169799805,17.954139955799867,17.62719560765173,17.877621856244033,79659500
2005-06-06,17.648061752319336,17.73849269993723,17.606323167138594,17.65501685637927,40756900
2005-06-07,17.745441436767578,17.968041820669477,17.606315533427416,17.620228389122023,54511400
2005-06-08,17.668928146362305,17.821966958137708,17.627190891697836,17.773271946425186,45369700
2005-06-09,17.745441436767578,17.815004388437657,17.634141244816625,17.668922057250192,52767900
2005-06-10,17.689802169799805,17.75240873194788,17.62719560765173,17.7315394356306,39459800
2005-06-13,17.6063289642334,17.731542107396503,17.571548125267626,17.641111130003125,49104100
2005-06-14,17.641101837158203,17.69675194627087,17.55762601008757,17.606319689710748,44243300
2005-06-15,17.57154655456543,17.67589038893951,17.467202720191345,17.668933956407393,50764800
2005-06-16,17.41850471496582,17.550672920004313,17.35589816445137,17.54371648919121,65918800
2005-06-17,17.41850471496582,17.592411504882953,17.33502887201205,17.57849864325674,90821300
2005-06-20,17.46719741821289,17.585454081755678,17.34198432424953,17.376765149548937,50538900
2005-06-21,17.495025634765625,17.52285136252625,17.41850753703137,17.446331937988266,81084000
2005-06-22,17.439367294311523,17.571536785331908,17.411542906456397,17.46719300896975,60492700
2005-06-23,17.6063289642334,17.821974411593843,17.49502868737818,17.508941553686075,105159800
2005-06-24,17.41850471496582,17.668929590220106,17.41850471496582,17.54371648919121,57970700
2005-06-27,17.425460815429688,17.56458678604055,17.41154927981147,17.439373677851492,61636200
2005-06-28,17.439367294311523,17.529799540147668,17.411542906456397,17.453280151640637,53058100
2005-06-29,17.45328140258789,17.613275292930812,17.390674866922712,17.54371232810248,55859900
2005-06-30,17.279375076293945,17.488062649076877,17.265462217627555,17.432412541214546,82018200
2005-07-01,17.18894386291504,17.383719915632565,17.16111947070014,17.286332552675457,69718400
2005-07-05,17.37676239013672,17.52284475216405,17.126337568780645,17.154161959240998,61883500
2005-07-06,17.181989669799805,17.446327380453678,17.17503323967689,17.369807975904994,64214600
2005-07-07,17.147214889526367,17.188952161400294,17.04287104643957,17.098521184539457,80082900
2005-07-08,17.45328140258789,17.474150690077348,17.133292295098848,17.140248724262,56104000
2005-07-11,17.592411041259766,17.65501626332083,17.46719794353068,17.495022339246326,61525400
2005-07-12,17.81500816345215,17.821964592773526,17.529801195291885,17.55762558577416,63384800
2005-07-13,17.849794387817383,17.912400943862554,17.724581275727044,17.759363432865268,44749200
2005-07-14,18.065431594848633,18.155863842264417,17.940219857108747,17.940219857108747,69506800
2005-07-15,17.940223693847656,18.15586772512147,17.9123979727525,18.11413047028215,56472800
2005-07-18,17.773273468017578,17.940225154575213,17.773273468017578,17.884573707853658,39668000
2005-07-19,18.197616577148438,18.260223162707778,17.91240938818001,17.940235127008272,113290100
2005-07-20,18.218486785888672,18.246311199294272,18.00284127967475,18.08631717350019,71424800
2005-07-21,18.392391204833984,18.420215614492392,18.086314737766617,18.295002454019194,112932100
2005-07-22,17.863704681396484,18.32281847515919,17.82892252926086,18.079348717423585,97558900
2005-07-25,17.870664596557617,18.016745683602355,17.842838869423172,17.870664596557617,45174600
2005-07-26,17.76630973815918,17.90543430700536,17.759353310696437,17.891521452079882,51476400
2005-07-27,17.891523361206055,17.94717346004328,17.759355205719526,17.815005304556752,57977300
2005-07-28,17.912395477294922,17.981958443538264,17.849788940356234,17.912395477294922,44738700
2005-07-29,17.81500816345215,18.08630227296966,17.801095304809397,17.93326480830908,59524400
2005-08-01,18.03066062927246,18.121091599294587,17.91936036148961,17.954141197620306,61346800
2005-08-02,18.649765014648438,18.712371569310214,17.995876396542172,18.016744363560363,137510100
2005-08-03,18.955839157104492,19.081052251898686,18.594112733655358,18.61498202505554,139422400
2005-08-04,19.004535675048828,19.129748788498492,18.816716004874333,18.893235424605493,91461400
2005-08-05,19.310606002807617,19.43581907719435,18.95583606764629,18.98366178497811,82212400
2005-08-08,18.872360229492188,19.36625609736694,18.83757940965453,19.33843038005423,77207200
2005-08-09,19.02540397644043,19.13670422107394,18.788890624893323,18.934971698423468,64761800
2005-08-10,18.747156143188477,19.129750624966295,18.67759314828239,19.067144062231193,62818800
2005-08-11,18.969749450683594,18.99061741245607,18.70541043593723,18.768016974861197,48646800
2005-08-12,18.816713333129883,18.879319880965344,18.71236952900526,18.837582624676187,52006500
2005-08-15,18.928340911865234,19.046948339018723,18.621358078664702,18.82368761278601,45976600
2005-08-16,18.656240463256836,18.93531634704095,18.628333540247816,18.858571310712055,46894600
2005-08-17,18.802764892578125,18.942302234099472,18.600433950873978,18.712064356386815,52413100
2005-08-18,18.712055206298828,18.893454859238652,18.698101079748362,18.760893318486712,40861900
2005-08-19,18.64228630065918,18.77484784422965,18.6283335045508,18.73298679442695,36043500
2005-08-22,18.774850845336914,18.956250531129903,18.677174603271073,18.691128732348762,41691700
2005-08-23,18.746950149536133,18.886487494479226,18.656249611120657,18.726018948961922,48296700
2005-08-24,18.7050838470459,18.9492758131892,18.684153981576493,18.726015043254463,63645000
2005-08-25,18.858579635620117,18.900440703982138,18.73299509979469,18.76787910163981,39306300
2005-08-26,18.816715240478516,18.89346163328392,18.746947244189126,18.87950750173035,36774600
2005-08-29,18.942298889160156,18.99811408206041,18.70508398664928,18.70508398664928,52307700
2005-08-30,18.963228225708008,18.998112218822232,18.80973546223172,18.879504779199213,55163200
2005-08-31,19.102766036987305,19.14462842672465,18.86555248217104,18.956251665123812,65210200
2005-09-01,18.977184295654297,19.10974454763379,18.94229896823403,19.102767482149737,75974500
2005-09-02,18.851594924926758,19.026017524904084,18.816709606487994,18.984155142777567,52047500
2005-09-06,18.837648391723633,19.039979328019264,18.823694258722686,18.87950945998711,46089000
2005-09-07,18.73299217224121,18.91439188111368,18.7120609759616,18.79578443034088,44656100
2005-09-08,18.565540313720703,18.753915693555403,18.5027480768629,18.698100519763877,52552300
2005-09-09,18.544620513916016,18.712066138129266,18.509736507898914,18.572528783321324,41515800
2005-09-12,18.565540313720703,18.66321653517119,18.5027480768629,18.572517376786983,40550500
2005-09-13,18.474849700927734,18.670203579000177,18.398104627649516,18.516712101704314,63422900
2005-09-14,18.35623550415039,18.58647330114242,18.349258439909548,18.50275119173019,54969600
2005-09-15,18.328332901000977,18.439963293706654,18.29344757156842,18.398102229126838,60357200
2005-09-16,18.188791275024414,18.419029088730834,18.119021958289945,18.377168030985768,187384300
2005-09-19,18.139957427978516,18.32833422833881,18.042281159972145,18.20274969476528,61832300
2005-09-20,18.02832794189453,18.293449824537355,17.92367460218656,18.188796484829382,61043400
2005-09-21,17.784133911132812,18.07018696156017,17.742272846146662,18.000417632757074,68281800
2005-09-22,17.67947769165039,17.860877384573083,17.546916121680145,17.784131002368355,71314900
2005-09-23,17.630647659301758,17.81902450348258,17.525994300558963,17.65855460062133,66396800
2005-09-26,17.630647659301758,17.784139163408543,17.588785251212915,17.721346882014938,56203700
2005-09-27,17.67947769165039,17.75622407385512,17.65156943239811,17.7004088860896,48797900
2005-09-28,17.909713745117188,18.04925236616918,17.707382877665687,17.71435994179218,71019400
2005-09-29,18.09809684753418,18.139957916272397,17.791112571728696,17.86785897336491,66807100
2005-09-30,17.95157814025879,18.105070918131617,17.867856016636484,18.07716265643141,57644500
2005-10-03,17.791114807128906,17.951583366403952,17.74925373313097,17.937629231491456,55341300
2005-10-04,17.42830467224121,17.714357610080093,17.26783621067086,17.6934277511945,151666300
2005-10-05,17.2120304107666,17.47715230338733,17.2120304107666,17.470176567118425,73684700
2005-10-06,17.253890991210938,17.407383799549333,17.114353647231717,17.205052854281238,81724600
2005-10-07,17.156217575073242,17.33064028215553,17.107379430008546,17.281802137090835,50768700
2005-10-10,17.06550407409668,17.218996791543212,16.98875904611205,17.212019728864856,48880900
2005-10-11,17.030622482299805,17.128298712031846,16.918992125252093,17.10039178813933,76567300
2005-10-12,16.95388412475586,17.23296147999848,16.932954254630282,17.086445735422156,71294400
2005-10-13,17.156217575073242,17.253893865202638,16.932956722926253,16.960863664074804,70192000
2005-10-14,17.2120304107666,17.253891482077357,17.093422933103245,17.239937348060618,53846700
2005-10-17,17.114351272583008,17.225981664573222,17.051559010746104,17.21900459873143,46924400
2005-10-18,17.142255783081055,17.32365547711894,17.0585336662876,17.0864405949724,69328200
2005-10-19,17.50505256652832,17.50505256652832,17.09341511644861,17.13527616861671,66574500
2005-10-20,17.29574966430664,17.53296323101847,17.260864337776123,17.47714803930878,58830600
2005-10-21,17.288774490356445,17.442265951664954,17.14225876437803,17.379473687779818,69431200
2005-10-24,17.512033462524414,17.512033462524414,17.219003371745917,17.36551775176559,51868000
2005-10-25,17.463193893432617,17.5329618796379,17.323655259543983,17.40737870602497,41310500
2005-10-26,17.51900863647461,17.672500065267602,17.393424135308067,17.42133106293452,58178100
2005-10-27,17.33760643005371,17.630636446616887,17.33760643005371,17.595751128729123,61566100
2005-10-28,17.812047958374023,17.860886105171755,17.51204067862832,17.51204067862832,106559300
2005-10-31,17.930644989013672,18.000412969001207,17.791106367560765,17.867852742433755,75122100
2005-11-01,18.112049102783203,18.209726701207348,17.867858433571197,17.867858433571197,71370400
2005-11-02,18.460891723632812,18.48879998500648,18.091116575605735,18.091116575605735,75067100
2005-11-03,18.446945190429688,18.58648255248383,18.314383565349594,18.55857561236884,73421600
2005-11-04,18.600431442260742,18.635315440251475,18.4539170538126,18.509732249041303,57464000
2005-11-07,18.844623565673828,18.893461695533002,18.628339848837815,18.642292649698128,77104800
2005-11-08,18.872528076171875,18.963228589189846,18.677175581805287,18.79578302370174,60091700
2005-11-09,18.80974006652832,18.94230166814142,18.795787264310647,18.823694199485352,59562100
2005-11-10,18.900440216064453,18.942301283345824,18.58647888460584,18.79578688249136,73314800
2005-11-11,19.03299903869629,19.109744095727667,18.92834438964953,18.94229852028765,51945600
2005-11-14,19.095788955688477,19.144627076197768,18.977181521277778,19.088811891224438,67152200
2005-11-15,19.242733001708984,19.270723072156862,19.06779906532981,19.123777871585546,65081000
2005-11-16,19.410669326782227,19.508631903596896,19.200749137996496,19.228737873669253,86277000
2005-11-17,19.571617126464844,19.592609688744837,19.424673194426756,19.487649546626113,91351000
2005-11-18,19.641590118408203,19.76754281715736,19.522634940105174,19.676577720638836,75431200
2005-11-21,19.704565048217773,19.760543873113374,19.480649748635372,19.641588703380165,65794400
2005-11-22,19.52962875366211,19.648583909386442,19.494642492712725,19.634588871150566,104253300
2005-11-23,19.536623001098633,19.65557813690226,19.4106703473489,19.536623001098633,70541300
2005-11-25,19.424667358398438,19.550620024955407,19.221743321247715,19.452656098388754,44082500
2005-11-28,19.417673110961914,19.487646974686264,19.263731678480703,19.44566319030783,57517200
2005-11-29,19.36868667602539,19.445658039196676,19.31270786680266,19.445658039196676,62220400
2005-11-30,19.36868667602539,19.431663003230973,19.33369908611113,19.36868667602539,55904700
2005-12-01,19.5156307220459,19.662575931702975,19.403673102611982,19.403673102611982,61006100
2005-12-02,19.5996036529541,19.66257999372575,19.445662228090278,19.466653451920575,42319600
2005-12-05,19.487634658813477,19.606589751575022,19.389670777654814,19.543613447487168,47517300
2005-12-06,19.37568473815918,19.53662365236436,19.368687219979808,19.522628616005615,65980000
2005-12-07,19.417673110961914,19.417673110961914,19.27772538351322,19.361694286910524,55583200
2005-12-08,19.37568473815918,19.459652287031393,19.312708409184957,19.389678439877798,63931600
2005-12-09,19.389686584472656,19.47365550325595,19.340705271282687,19.389686584472656,48467000
2005-12-12,19.207746505737305,19.417666692885472,19.12377763009404,19.382680439907446,63757200
2005-12-13,18.98383331298828,19.19375487197622,18.892868238341674,19.09579227856599,104285500
2005-12-14,18.95584487915039,19.06080499302178,18.787908430028114,18.892868543899503,65076200
2005-12-15,18.83688735961914,18.969837532285098,18.759915996290417,18.9488449782936,79018100
2005-12-16,18.822900772094727,18.948853483296126,18.759924416494027,18.80890572981886,88542500
2005-12-19,18.773914337158203,18.80190441407411,18.647961660317282,18.76691681792923,68680100
2005-12-20,18.794906616210938,18.808900319821106,18.661956422112027,18.72493275959886,62960600
2005-12-21,18.703937530517578,18.829890187499938,18.68994249426618,18.801901449637256,75800900
2005-12-22,18.605974197387695,18.738924367146225,18.487019063317444,18.68994174223725,91276900
2005-12-23,18.64095687866211,18.661949428170445,18.501010552525972,18.556989349908388,30689200
2005-12-27,18.51500701904297,18.78790486489263,18.50801083613401,18.668949735840215,37819000
2005-12-28,18.46602439880371,18.6549533550775,18.438035665266803,18.54999326869425,35444400
2005-12-29,18.382055282592773,18.542994156848092,18.375057766150395,18.48001784350648,34495500
2005-12-30,18.298093795776367,18.41005143470429,18.26310753410152,18.298093795776367,49044600
2006-01-03,18.780912399291992,18.89287004091135,18.26310797314238,18.36806809533048,79973000
2006-01-04,18.87187385559082,18.94884521990097,18.731927497783403,18.731927497783403,57975600
2006-01-05,18.88587188720703,18.98383448667385,18.829893068277375,18.86487932961829,48245500
2006-01-06,18.829891204833984,18.892867536727625,18.53600210087706,18.81589616782647,100963000
2006-01-09,18.794906616210938,18.94185051392002,18.72493275959886,18.843887915447297,55625000
2006-01-10,18.89286994934082,18.9068649881355,18.605978327251687,18.64796210899537,64921900
2006-01-11,19.095788955688477,19.165761461868232,18.82289110995541,18.899862468321146,70120700
2006-01-12,18.990825653076172,19.074794520701627,18.871870535813372,19.06779700384618,45994800
2006-01-13,19.02581787109375,19.067801647811695,18.89986520629972,18.913860243419098,41418000
2006-01-17,18.88587188720703,19.02581960185133,18.822895549081128,18.822895549081128,58566600
2006-01-18,18.773914337158203,18.878874456312193,18.682949256462166,18.710937998737744,52376200
2006-01-19,18.906864166259766,19.060805582388376,18.787909010956653,18.801904049142973,60367600
2006-01-20,18.480018615722656,18.899860277330532,18.37505853398065,18.899860277330532,79165900
2006-01-23,18.43804359436035,18.563996286040886,18.40305599409327,18.48002738004037,47925600
2006-01-24,18.389055252075195,18.508010378184263,18.347070147820247,18.431039021690168,63040700
2006-01-25,18.4730224609375,18.591977584919203,18.3540673369558,18.48001997818818,59072100
2006-01-26,18.542999267578125,18.696940667819636,18.41004908780945,18.584983043163962,69509300
2006-01-27,19.445655822753906,19.55761342843828,19.02581413411753,19.053802868218657,134520700
2006-01-30,19.59260368347168,19.718556349265004,19.438662277857734,19.46665101767836,103999200
2006-01-31,19.697572708129883,19.85851170519667,19.50164743679321,19.529636189280957,94841300
2006-02-01,19.620595932006836,19.641587155538197,19.42466939299186,19.56461577688225,68448800
2006-02-02,19.36868667602539,19.585604394933455,19.277720276888402,19.571609358967752,55073400
2006-02-03,19.270723342895508,19.382680956979893,19.130775657970005,19.228738236633838,75022700
2006-02-06,19.011816024780273,19.270718780200475,18.95583723099208,19.24972623204001,60170500
2006-02-07,18.850879669189453,18.997823521956995,18.75991328302297,18.857877186174562,72159500
2006-02-08,18.829891204833984,18.948846350117506,18.68994350403919,18.899865055231384,51795200
2006-02-09,18.65496253967285,18.913865459217188,18.647965019183484,18.864882815791614,52861700
2006-02-10,18.675947189331055,18.81589353591035,18.549994543161688,18.626965901296302,52127000
2006-02-13,18.46602439880371,18.682943423254315,18.431038148222598,18.633960803944884,46707000
2006-02-14,18.64796257019043,18.66895512890163,18.43804232164,18.48002610442201,58432900
2006-02-15,18.87263298034668,18.90773912902577,18.605832946198788,18.67604390439433,62808900
2006-02-16,18.823490142822266,18.886679886158245,18.654984606980637,18.85157506837735,48868500
2006-02-17,18.74625587463379,18.82348672757193,18.647959992188326,18.725192184289178,41513200
2006-02-21,18.63391876220703,18.760296886047872,18.493496839055823,18.760296886047872,50216100
2006-02-22,18.76029396057129,18.85858982711398,18.584767253585234,18.626894627458885,43043100
2006-02-23,18.718164443969727,18.879648662959145,18.633912390219702,18.767311698517613,47359100
2006-02-24,18.69710922241211,18.774341422603285,18.61987836138379,18.669025638173498,44753800
2006-02-27,18.991992950439453,19.139436110097325,18.725192891807122,18.781361395685654,51301500
2006-02-28,18.8656063079834,19.167511043119315,18.8656063079834,18.92177478651591,65036100
2006-03-01,19.055177688598633,19.09730505983418,18.921778363839977,18.942840710295336,53061200
2006-03-02,18.935823440551758,19.02709809148192,18.88667616966445,18.97092959058747,41850300
2006-03-03,18.90772819519043,19.069212368244333,18.774327585677177,18.823474826244727,45218800
2006-03-06,18.893701553344727,19.062207093073063,18.83753304010195,18.90072278489545,53054100
2006-03-07,18.9990177154541,19.027102642199754,18.82349094078282,18.886680686797522,51613900
2006-03-08,19.132408142089844,19.307934822292506,18.93581777816444,18.949860233979603,57547400
2006-03-09,18.956880569458008,19.251765431882735,18.956880569458008,19.146449696551525,45360700
2006-03-10,19.076251983642578,19.111356806700307,18.872640260250883,18.999019765919776,41297200
2006-03-13,19.03411293029785,19.16049234966591,18.914754738579383,19.083260184682707,40342600
2006-03-14,19.118370056152344,19.22368582051346,18.94986456534204,18.984970712904143,39821800
2006-03-15,19.209646224975586,19.27283595643901,18.963908529191464,19.09730922218788,57152000
2006-03-16,19.14645767211914,19.29389949516813,19.111351519610245,19.195604946468805,73793700
2006-03-17,19.30794334411621,19.420280361894402,19.146459048455423,19.202627557344517,120615000
2006-03-20,19.58176040649414,19.65197136215393,19.427297375372675,19.44836106381939,67094100
2006-03-21,19.476442337036133,19.8134532773139,19.434316304292018,19.476442337036133,73199600
2006-03-22,19.062206268310547,19.30794400530152,18.81646853131958,19.01305898874494,145696100
2006-03-23,18.851572036743164,19.027098775746058,18.7181713401354,19.013056315226766,73682900
2006-03-24,18.96390151977539,19.104322051776588,18.69008034408517,18.753268713030273,69157600
2006-03-27,18.96390151977539,19.1675117598839,18.956880292300998,18.96390151977539,59908600
2006-03-28,18.886674880981445,19.104327639701133,18.823485154391438,18.963907066627588,58520500
2006-03-29,18.970930099487305,19.09730956468065,18.900719136695145,18.92178282728161,53150300
2006-03-30,19.118370056152344,19.23070705002588,18.95688579485446,18.977949483391722,54612000
2006-03-31,19.104331970214844,19.336028579673574,19.104331970214844,19.167521711128515,62190500
2006-04-03,19.35006332397461,19.46942153533573,19.2658112566388,19.427295501667825,57605300
2006-04-04,19.406234741210938,19.51857174070451,19.28687651185368,19.378151160918875,45470000
2006-04-05,19.476442337036133,19.616864231733086,19.406231389687655,19.574736859826537,41539300
2006-04-06,19.35006332397461,19.462400306530668,19.216663994165827,19.420274272862763,51885500
2006-04-07,19.132408142089844,19.46239781877242,19.118365686274682,19.385166990113607,47249400
2006-04-10,19.160503387451172,19.26581918453971,19.097313641365446,19.118375997285344,39432000
2006-04-11,19.048160552978516,19.181561245563678,18.956887240680903,19.16049889458261,42953400
2006-04-12,19.097309112548828,19.097309112548828,18.935823500201234,19.027098151418922,32183000
2006-04-13,19.00603675842285,19.097311420672103,18.95688948144073,19.013057989300705,28160000
2006-04-17,18.844552993774414,18.99199482885233,18.767320791116706,18.977953705866028,35796200
2006-04-18,19.111347198486328,19.307937590598186,18.830504737728305,18.914758145536954,56272700
2006-04-19,18.977947235107422,19.090284215672593,18.92879863434302,19.034115725390006,45111100
2006-04-20,18.977947235107422,19.090284215672593,18.74625204529645,18.991988353306237,45648300
2006-04-21,19.062206268310547,19.23071180074817,18.956890477932397,18.991995295004138,58528000
2006-04-24,19.03411293029785,19.132407439067567,18.942838310015482,19.00602801969951,42318400
2006-04-25,19.03411293029785,19.104322528469222,18.970923220613823,19.02007047499868,49222500
2006-04-26,19.027099609375,19.118372928423828,18.95688864286516,19.01305714824047,39190000
2006-04-27,19.132408142089844,19.399208106766476,18.91475543360399,18.93581777816444,96509600
2006-04-28,16.955883026123047,17.201620732998435,16.85056724865153,17.01205153005204,591052200
2006-05-01,17.054183959960938,17.552679412476966,16.913761988995855,17.075246318191486,174800900
2006-05-02,16.857587814331055,17.552673525230663,16.78035562228797,17.19459882461643,190533500
2006-05-03,16.26781463623047,16.864605685041134,16.253772178808465,16.84354199890813,211527100
2006-05-04,16.45738983154297,16.618874133651236,16.246756910426896,16.394200089124443,171257400
2006-05-05,16.710147857666016,16.8154649902989,16.5135587336323,16.61185329564916,131604300
2006-05-08,16.660999298095703,17.552675536762315,16.506536235470826,16.74525272990382,80693500
2006-05-09,16.583763122558594,16.850563115997073,16.492488489082643,16.675036416872103,75345900
2006-05-10,16.689083099365234,16.703125560249337,16.56270362973386,16.618872134107495,76563300
2006-05-11,16.30292320251465,16.703125296413496,16.253775929359374,16.64695545376432,92916700
2006-05-12,16.26781463623047,16.408236532125606,16.183561230860896,16.246750950097464,83115900
2006-05-15,16.31715965270996,16.373547192616073,16.232579015043296,16.281917944413017,67314800
2006-05-16,16.218481063842773,16.91627734291169,16.147996306036987,16.324207528358986,82095100
2006-05-17,16.02112579345703,16.267821801033488,16.02112579345703,16.133900880740253,98598300
2006-05-18,16.091604232788086,16.310105710448656,16.04226531954711,16.098652841020307,95476400
2006-05-19,15.901286125183105,16.140933281073682,15.873093053869722,16.06340132667407,100071200
2006-05-22,16.12685203552246,16.22553124375095,15.823769833091218,15.844914321409057,87322300
2006-05-23,16.063413619995117,16.479270814713015,16.049316401357967,16.28896374065051,79986300
2006-05-24,16.5638427734375,16.592037193675306,16.197323376649713,16.204371981709166,107356700
2006-05-25,16.733015060424805,16.859887337022368,16.592046909837865,16.613191393014297,83052700
2006-05-26,16.71891975402832,16.83169482514874,16.606144682907903,16.75416280399401,46861600
2006-05-30,16.31715965270996,16.747115484734675,16.310111042173574,16.599097352240513,52497500
2006-05-31,15.964741706848145,16.458133828841042,15.964741706848145,16.394697660459517,120202000
2006-06-01,16.084556579589844,16.098653796891316,15.943588439729028,16.02816905476859,80230800
2006-06-02,16.04227066040039,16.20438467055937,15.97883450957557,16.119804032382948,73935600
2006-06-05,15.859006881713867,16.021120851630176,15.851958272884723,16.01407224280103,63914100
2006-06-06,15.598209381103516,15.901292754281462,15.492482966930448,15.894244147418684,126601300
2006-06-07,15.534773826599121,15.781468332464385,15.513628007074571,15.612305809420677,73827500
2006-06-08,15.584118843078613,15.654602247050118,15.485439657625944,15.527731313270554,104126900
2006-06-09,15.450201034545898,15.640509489716917,15.429055202509666,15.61231504700194,52573800
2006-06-12,15.302176475524902,15.577066799062552,15.295129212189476,15.47838763536863,74309700
2006-06-13,15.16120719909668,15.527726706297539,15.125964163182545,15.316272523965802,113175300
2006-06-14,15.422004699707031,15.464296358590737,15.189405953386082,15.217600392641886,86081500
2006-06-15,15.555924415588379,15.598214726874348,15.365615998224378,15.513634104302408,121577300
2006-06-16,15.57707405090332,15.703946360157182,15.358572487402267,15.485443452271046,147506500
2006-06-19,15.894248962402344,15.929492007392714,15.591166841793381,15.605262715404827,129640900
2006-06-20,15.901286125183105,16.042255514901232,15.858995846021163,15.887190261718283,90598500
2006-06-21,16.26781463623047,16.3171535471385,15.880150612480662,15.936538131287625,91660300
2006-06-22,16.12685203552246,16.331257718495344,16.05636861528291,16.25372434296976,76590600
2006-06-23,15.859006881713867,16.11980003085353,15.859006881713867,16.10570281319524,60532600
2006-06-26,16.084556579589844,16.133895495760363,15.950635703995127,15.9647329212966,53644100
2006-06-27,16.112762451171875,16.324215483246622,16.098665223864067,16.133906947747995,84759100
2006-06-28,16.324214935302734,16.38765111167296,16.148003633026683,16.183245355727674,71906500
2006-06-29,16.542699813842773,16.655474825493204,16.36648869009095,16.436973408468518,121395500
2006-06-30,16.422882080078125,16.66957801059631,16.422882080078125,16.592046002547775,73048800
2006-07-03,16.70482635498047,16.718922232671616,16.52861511218272,16.585002656102596,25711400
2006-07-05,16.4581241607666,16.577947814611417,16.422881118821312,16.549753381055186,53093500
2006-07-06,16.54975700378418,16.64138758851521,16.5074666885771,16.52861251837308,44775200
2006-07-07,16.422882080078125,16.599093266964736,16.422882080078125,16.486318214908078,63168800
2006-07-10,16.5638427734375,16.676617765620826,16.47926085710803,16.51450388240529,50565100
2006-07-11,16.281909942626953,16.472218300426924,16.028165465560328,16.472218300426924,88676300
2006-07-12,15.957685470581055,16.126848057319737,15.943589596641383,16.063413263629375,77379300
2006-07-13,15.689839363098145,15.936535216908517,15.68279075648822,15.767372691423068,73099500
2006-07-14,15.710986137390137,15.894244542844367,15.668694495161319,15.703937530352,67499400
2006-07-17,15.844907760620117,15.936538320006823,15.689842418160822,15.710988242108025,37053500
2006-07-18,16.028162002563477,16.04225921366234,15.844902291430385,15.92243560809009,65047300
2006-07-19,16.493364334106445,16.53565463614798,16.0140697630208,16.084554496013006,82188200
2006-07-20,16.105693817138672,16.52860069997419,16.056354927278246,16.521552095082143,76605200
2006-07-21,16.82464599609375,17.022001680022566,16.211430427523354,16.97266275904036,175483800
2006-07-24,16.916278839111328,16.993812213993806,16.76826204457393,16.92332744995383,59586700
2006-07-25,17.07134437561035,17.120684651886837,16.8457942044581,16.916278969039446,60075800
2006-07-26,17.17706298828125,17.289838013413323,16.986754629226745,17.000851843464343,54942100
2006-07-27,16.82464599609375,17.339182378314973,16.75416124709713,17.325085159638697,85386800
2006-07-28,17.09248924255371,17.11363507404887,16.95856833185436,16.97266555285113,51705800
2006-07-31,16.95856285095215,17.212307369345428,16.923321154235104,16.965611459172468,40254400
2006-08-01,16.909231185913086,17.057249333218458,16.810553317299593,16.930377019638176,49168700
2006-08-02,17.127727508544922,17.19821225497865,16.937420440873986,17.00085657822587,46462000
2006-08-03,17.064289093017578,17.254597479666025,17.021998788557216,17.050193221120484,43155300
2006-08-04,17.120689392089844,17.26165761589732,17.02201015660063,17.198221444649054,45690400
2006-08-07,17.07134437561035,17.25460422576782,17.050199887305496,17.113636040990198,36862400
2006-08-08,17.155916213989258,17.282788446311734,17.0572384085759,17.191157903241383,58171300
2006-08-09,17.226404190063477,17.367372318077898,17.155919453864,17.26164588597095,44405700
2006-08-10,17.240495681762695,17.339174825125845,17.155915095319063,17.177060914122062,31753400
2006-08-11,17.21935272216797,17.233449935943465,17.05723879690267,17.21935272216797,30255500
2006-08-14,17.28984260559082,17.339181524142464,17.162970332523912,17.282793996599914,47831900
2006-08-15,17.417177200317383,17.43839954138141,17.289837756593165,17.367655256052956,48994500
2006-08-16,17.473777770996094,17.495000118633477,17.311065459542046,17.41010802941308,52373600
2006-08-17,17.473777770996094,17.509149249948685,17.41010802941308,17.473777770996094,45674800
2006-08-18,18.244888305664062,18.25196152214881,17.671860618246203,17.721381229652213,128414800
2006-08-21,18.478342056274414,18.485415272175757,18.082174499031773,18.15291880206334,88398300
2006-08-22,18.124616622924805,18.57030330862441,18.124616622924805,18.400517840294324,89312400
2006-08-23,18.159990310668945,18.358074055949448,18.05387454865033,18.145841182577097,44648500
2006-08-24,18.20950698852539,18.2944003894609,18.0397215359892,18.266102139370787,35933300
2006-08-25,18.28732681274414,18.39344255763273,18.174136504951655,18.188284281424536,33115900
2006-08-28,18.35807991027832,18.39345139245266,18.174145234433528,18.280261030292106,34190900
2006-08-29,18.280256271362305,18.379297475135342,18.13169311636755,18.33685143770907,42711200
2006-08-30,18.251964569091797,18.315634322767117,18.138774195743608,18.28733740409791,30283100
2006-08-31,18.18121337890625,18.379295768054302,18.16706425129994,18.30147826488974,26380500
2006-09-01,18.280256271362305,18.372222910675095,18.138767680827794,18.31562774432833,31594600
2006-09-05,18.117544174194336,18.365147167738446,18.082171354162956,18.174139336909438,44222400
2006-09-06,18.117544174194336,18.19536167959315,18.046799883466687,18.046799883466687,50160400
2006-09-07,17.990215301513672,18.18122459401797,17.961917028845225,18.025586793013325,51266900
2006-09-08,18.110469818115234,18.244883837107473,18.01142727022536,18.060949218837862,36866800
2006-09-11,18.329771041870117,18.35806929070838,17.98312558961004,17.990200151819604,55608200
2006-09-12,18.343931198120117,18.37930268110518,18.195368001044574,18.32270749872773,52248800
2006-09-13,18.379301071166992,18.464194511964703,18.266110716327024,18.266110716327024,37706700
2006-09-14,18.626903533935547,18.747168442065608,18.379299152569505,18.38637371767543,74324500
2006-09-15,18.994768142700195,19.05843786362856,18.740089258986742,18.803758979915106,126057700
2006-09-18,18.952327728271484,19.12918781674284,18.86743429209766,18.916954900975977,49135000
2006-09-19,19.001840591430664,19.058435742698205,18.902798064711337,18.916947189861933,43039100
2006-09-20,19.228221893310547,19.263593358134017,19.093807898178557,19.1079570238419,71676400
2006-09-21,19.03014373779297,19.27774811184891,18.994772262642954,19.27067354695185,58495100
2006-09-22,18.860361099243164,18.994775154077583,18.73302161038271,18.98062602212965,47712500
2006-09-25,19.065505981445312,19.235291396742635,18.952315704580432,18.966463477187638,67903900
2006-09-26,19.242380142211914,19.32727223777142,19.01599807227033,19.037221770827973,54766500
2006-09-27,19.412160873413086,19.433383217377482,19.18578020889157,19.228226246155554,66233900
2006-09-28,19.383867263793945,19.46876070801396,19.2848260366502,19.43338787736582,44179700
2006-09-29,19.348495483398438,19.398016096204838,19.249452908450138,19.348495483398438,34283500
2006-10-02,19.355567932128906,19.447534581661277,19.20700476062541,19.327269671143345,52908100
2006-10-03,19.362634658813477,19.44045214635027,19.24944301002988,19.362634658813477,39386200
2006-10-04,19.765888214111328,19.780035998806824,19.362647339572344,19.37679512426784,82191200
2006-10-05,19.751733779907227,19.886147818463503,19.65269256693698,19.751733779907227,81967200
2006-10-06,19.71636199951172,19.808328645946077,19.56072426800469,19.638543133758205,36452200
2006-10-09,19.610248565673828,19.75881176014222,19.53950560094518,19.66684374705808,33366300
2006-10-10,19.58901596069336,19.6314619871762,19.41215594279087,19.58901596069336,34598500
2006-10-11,19.48291015625,19.57487681875565,19.398016710653174,19.426313626295087,37219600
2006-10-12,19.963964462280273,20.013486415933198,19.48290619938356,19.511203109278537,120174900
2006-10-13,20.070087432861328,20.296468175322545,20.027640031648104,20.048863732254716,129751900
2006-10-16,20.126676559448242,20.232792331864395,20.04178313191417,20.14789890433032,49744800
2006-10-17,20.119604110717773,20.16912471976445,19.928594890678824,19.9781154997255,40122600
2006-10-18,20.17620086669922,20.30354035670631,19.99226619772625,20.162051734623873,40630800
2006-10-19,20.01348304748535,20.126673366684845,19.893218164669012,20.055929079851403,44730800
2006-10-20,20.112537384033203,20.154983444139948,19.928602657789423,20.147908875899503,48887800
2006-10-23,20.126676559448242,20.296462065181135,19.935667359498016,20.020559437696836,48525000
2006-10-24,20.006406784057617,20.112522530624314,19.900289688155993,20.112522530624314,61409600
2006-10-25,20.027637481689453,20.133753272540318,19.907372558902342,20.006415133120573,40717100
2006-10-26,20.05593490600586,20.098380950702285,19.836628767516324,20.041785774661907,69964200
2006-10-27,20.04886245727539,20.367211199451322,19.985192708840206,20.154978254888842,89060100
2006-10-30,20.183273315429688,20.402579442249415,20.034710142894454,20.05593383878102,47296800
2006-10-31,20.31061363220215,20.409656207680758,20.204497840000894,20.2752421512469,61861700
2006-11-01,20.381357192993164,20.50869667868015,20.303539667889808,20.36013484493564,75895900
2006-11-02,20.353055953979492,20.416725683292746,20.218641931058713,20.310608568213876,58674400
2006-11-03,20.32476234436035,20.466250963928868,20.239870252087623,20.409655785968557,41124500
2006-11-06,20.402578353881836,20.551140169156735,20.34598318387207,20.353057748790203,60446200
2006-11-07,20.48040008544922,20.56529217767924,20.37428294615848,20.416730341608968,56511200
2006-11-08,20.501615524291992,20.67847556438975,20.27523488886046,20.360128301814797,77403300
2006-11-09,20.699705123901367,20.79874634264983,20.515770468128927,20.59358933962295,89407500
2006-11-10,20.68555450439453,20.72092732949899,20.621884768541815,20.636033898583598,37855100
2006-11-13,20.76336669921875,20.84118419077593,20.628952705678344,20.650176393922052,47271800
2006-11-14,20.749168395996094,20.884041921080968,20.63559111822397,20.78466214151735,63012500
2006-11-15,20.67108917236328,20.84145512453202,20.66399042177939,20.678186568998942,63943200
2006-11-16,20.91954803466797,21.040224140700886,20.67819582260213,20.685294576362754,64328500
2006-11-17,20.869857788085938,20.96923898524197,20.784675452179414,20.805970359181636,49356700
2006-11-20,21.21768569946289,21.29577062501819,20.940841114601216,20.955038619965567,85703800
2006-11-21,21.23897933959961,21.295768000108627,21.146698274003132,21.231880587792425,66446600
2006-11-22,21.23897933959961,21.295768000108627,21.167993175476223,21.274471744687073,43907200
2006-11-24,21.125404357910156,21.182193024707686,21.040220680739555,21.054418185926092,20456700
2006-11-27,20.926639556884766,21.111203029035515,20.820160995168507,21.07571062644622,72722100
2006-11-28,20.862760543823242,20.88405680631503,20.678196997407806,20.827268126952507,52602300
2006-11-29,20.990520477294922,21.13959150078393,20.89114069760089,20.898239446714456,58775100
2006-11-30,20.84146499633789,20.990534767363602,20.820168734498985,20.884056166066827,53297400
2006-12-01,20.67108917236328,20.798862621028658,20.5149193674141,20.74917272088964,72257000
2006-12-04,20.820161819458008,20.95503539174417,20.706584501937588,20.749175657520638,55123400
2006-12-05,20.678186416625977,20.86984861913407,20.60720161920658,20.841454970955958,45606000
2006-12-06,20.57880973815918,20.67818955277732,20.49362742675747,20.656894651901105,48564100
2006-12-07,20.47943115234375,20.635599635249562,20.451036144207144,20.5575147168224,46831100
2006-12-08,20.869857788085938,20.869857788085938,20.443942046706873,20.458139554007566,108854900
2006-12-11,20.969234466552734,21.118304199240313,20.66399489510842,20.720783558124907,107712000
2006-12-12,20.891149520874023,21.033120501262246,20.742078434425586,20.983430590428945,68529400
2006-12-13,20.97633171081543,21.011825471158133,20.813064475084534,21.011825471158133,46002500
2006-12-14,21.345462799072266,21.352561552505783,20.95504083787036,20.96923834473739,85866500
2006-12-15,21.430639266967773,21.459032917188065,21.317061958189967,21.395145511757008,102783700
2006-12-18,21.21768569946289,21.480334132908848,21.13960212785623,21.430644218082254,56986800
2006-12-19,21.28866958618164,21.416444412842008,20.962135121559356,21.089908594271236,53822100
2006-12-20,21.35965347290039,21.466132032442648,21.27446981289758,21.28866731522277,31202100
2006-12-21,21.281570434570312,21.395147755257867,21.217683022440006,21.388049003471338,32270500
2006-12-22,21.04022216796875,21.196392028162293,21.026026015727375,21.175095768877163,37971700
2006-12-26,21.28866958618164,21.295768338101492,20.869852700549764,20.962135121559356,37098300
2006-12-27,21.30997085571289,21.388054437305655,21.23188592017132,21.288674594942787,31248400
2006-12-28,21.281570434570312,21.31706419350296,21.16089436209623,21.19638812102888,26690600
2006-12-29,21.196393966674805,21.402252409462978,21.175097705442028,21.196393966674805,41739800
2007-01-03,21.196393966674805,21.473238592956736,20.86985806418306,21.231886381447264,76935100
2007-01-04,21.16089630126953,21.274473632365254,20.898249230841397,21.08281273235909,45774500
2007-01-05,21.04022216796875,21.11830709806552,20.90534992100905,21.033123414873707,44607200
2007-01-08,21.246074676513672,21.366750729942563,20.962131419606937,21.04731371970483,50220200
2007-01-09,21.26737403869629,21.42354387823704,21.104106800947807,21.295769047321347,44636600
2007-01-10,21.054414749145508,21.21768197029419,20.89114752799683,21.153794561331942,55017400
2007-01-11,21.792673110961914,21.828165521449844,21.04732030517735,21.125405232989202,99464300
2007-01-12,22.154693603515625,22.28246841052268,21.750074283958817,21.757173034786796,103972500
2007-01-16,22.119203567504883,22.325063301674454,22.02692250477439,22.190189729423647,62379600
2007-01-17,22.07661247253418,22.31796461135144,22.01272506202676,22.190189790336603,58519600
2007-01-18,22.005632400512695,22.268280866836932,21.863660036994382,22.11211099617703,56364300
2007-01-19,22.08371353149414,22.08371353149414,21.785572702625274,21.813966358068296,75826900
2007-01-22,21.80686378479004,22.090808413159788,21.657794073449416,22.04821590653533,56143900
2007-01-23,21.821067810058594,21.977236319187377,21.664899300929807,21.742982878519832,49171200
2007-01-24,22.069515228271484,22.21858496033794,21.757176906007956,21.849459329243064,58527800
2007-01-25,21.615205764770508,22.346359623362897,21.615205764770508,22.062416311581945,97378700
2007-01-26,21.7216854095459,22.168895978429973,21.7216854095459,22.161797226041518,96103700
2007-01-29,21.671998977661133,21.8494637540306,21.537125368514676,21.757181312107154,57605900
2007-01-30,21.636499404907227,21.750076722994788,21.39514726548405,21.700386815575033,61900400
2007-01-31,21.90625,22.07661600395574,21.54422173386331,21.586812896365085,73968400
2007-02-01,21.693302154541016,21.963049475671014,21.55842984792533,21.89206326727105,55355800
2007-02-02,21.430639266967773,21.892047253121152,21.388046760714854,21.877849751036845,60401700
2007-02-05,21.01892852783203,21.309970652504074,20.876956165282785,21.274476884892366,99102100
2007-02-06,20.94793128967285,21.118297222438926,20.74207160802963,21.00471993392821,79281100
2007-02-07,20.84855079650879,21.082804115393248,20.763367156028973,21.04021161817932,65145500
2007-02-08,20.770477294921875,21.15380050240378,20.72788612830139,20.756279788065456,48749000
2007-02-09,20.57171058654785,20.869851378553548,20.536218183145337,20.834358975151034,69823100
2007-02-12,20.543306350708008,20.64978486000625,20.465221478713705,20.50781261164346,52774400
2007-02-13,20.66441535949707,20.799756618487617,20.62879852363463,20.685785461014536,50348100
2007-02-14,20.942218780517578,21.148792341685116,20.764138686535894,20.77838542012882,55588600
2007-02-15,20.984954833984375,21.120296067845224,20.81399812951741,21.070433865539414,63858100
2007-02-16,20.472084045410156,20.614548640422342,20.40797511351898,20.593178543577594,109340300
2007-02-20,20.536191940307617,20.557562036073264,20.279756225691866,20.39372735248931,53978200
2007-02-21,20.90659523010254,20.935087327640154,20.472079533851055,20.47920289789615,68604900
2007-02-22,20.935094833374023,21.04194397371568,20.771261477526927,20.878109259225326,57754400
2007-02-23,20.5860595703125,20.85674208686128,20.578936203177705,20.81400188405251,63787100
2007-02-26,20.70714569091797,20.721392419405934,20.52906566074682,20.628790042876965,63481900
2007-02-27,19.852371215820312,20.63592261113805,19.795385635094597,20.45071913411862,87143300
2007-02-28,20.06606101989746,20.123046584197255,19.887980961630227,19.909351057733783,86333300
2007-03-01,20.009077072143555,20.180033778854632,19.752641332755367,19.816750267602412,80175700
2007-03-02,19.77401351928711,20.058941393902114,19.77401351928711,19.95921697744768,63254700
2007-03-05,19.624425888061523,19.880861659137608,19.524701469817845,19.581687045763278,56454300
2007-03-06,19.823875427246094,19.902231101069614,19.695657545950613,19.80250532748243,49361800
2007-03-07,19.667163848876953,19.87373602865895,19.624423652803593,19.774011621774065,52044700
2007-03-08,19.460590362548828,19.838120610348643,18.94772023608383,19.745518210584937,72175200
2007-03-09,19.43922233581543,19.574562219442697,19.254018888140894,19.531823380331097,80125000
2007-03-12,19.546066284179688,19.574558385125243,19.325246048297682,19.360862872783297,36516400
2007-03-13,19.033201217651367,19.51757932278127,19.02607785038259,19.410731531036355,75169500
2007-03-14,19.517576217651367,19.517576217651367,19.040321555718613,19.10443049229489,75730300
2007-03-15,19.432098388671875,19.567438268253657,19.375112818678712,19.460590494346874,51757100
2007-03-16,19.467714309692383,19.57456208606494,19.37511326580768,19.481961042180238,65055300
2007-03-19,19.823875427246094,19.823875427246094,19.37511420135517,19.474838616299095,49412000
2007-03-20,19.830991744995117,20.058933960213466,19.77400619119053,19.895100662855626,47902400
2007-03-21,20.31537628173828,20.31537628173828,19.631548053594532,19.87373707620344,72808200
2007-03-22,20.137292861938477,20.336741653179583,19.9520894424696,20.315372916199745,47934900
2007-03-23,19.959217071533203,20.13729716383744,19.802505720773777,20.101680330190625,50519800
2007-03-26,20.101680755615234,20.101680755615234,19.73127518835219,19.90223191754513,47491500
2007-03-27,19.745521545410156,20.05894291050525,19.69565933341299,19.973465220979648,58979800
2007-03-28,19.68852996826172,19.94496567600467,19.517573282647405,19.64579113651888,46947000
2007-03-29,19.766883850097656,19.83811613570045,19.581680450987527,19.830992771275888,42629900
2007-03-30,19.852371215820312,19.909356796546028,19.588812055811744,19.76689216541003,47061000
2007-04-02,19.759763717651367,19.89510494656929,19.63154585432313,19.866611484210544,41977600
2007-04-03,19.852371215820312,19.987711120891753,19.76689216541003,19.845247848399172,39821300
2007-04-04,20.301128387451172,20.50057855896573,19.873735939144623,19.952091606283048,63244200
2007-04-05,20.336748123168945,20.407980439264097,20.15866801225278,20.172914747200494,30131200
2007-04-09,20.35098648071289,20.45783423155045,20.222768636250674,20.358109845254443,31384600
2007-04-10,20.229902267456055,20.400859027285176,20.10168435792332,20.30113459037908,38643100
2007-04-11,20.0233211517334,20.350987789866004,19.93784213037888,20.158661010800543,44050200
2007-04-12,20.329620361328125,20.386605926349407,19.973460240284336,19.987705612557377,43762100
2007-04-13,20.379484176635742,20.44359311219781,20.016200661331748,20.25126630551161,36002900
2007-04-16,20.464963912963867,20.47921064644448,20.0945569943277,20.372362862626467,30740100
2007-04-17,20.550437927246094,20.57893002859303,20.343864418248252,20.393726614587607,33170200
2007-04-18,20.37236213684082,20.422224343603283,20.201405417093852,20.37948550332735,41778400
2007-04-19,20.43646812438965,20.578931357610724,20.13017020293193,20.18715576794897,43648800
2007-04-20,20.67153549194336,20.728521061762674,20.443593212666094,20.643042027712124,60311500
2007-04-23,20.500585556030273,20.650172216739332,20.42222986214823,20.628802111505063,41739100
2007-04-24,20.50770378112793,20.628796937821246,20.36523916591669,20.50770378112793,34236700
2007-04-25,20.650161743164062,20.65728510796258,20.436466233780237,20.557560718069183,39475000
2007-04-26,20.728527069091797,20.906607196216907,20.593185792056516,20.721403700969567,68760300
2007-04-27,21.45509147644043,21.896729372464524,21.36961242892166,21.490706953697952,128298800
2007-04-30,21.326875686645508,21.63317371236771,21.326875686645508,21.46221560047906,67788800
2007-05-01,21.654544830322266,21.668791567648093,21.298384549038534,21.326878023690185,73539300
2007-05-02,21.804126739501953,21.86111231417873,21.583306448816593,21.647415390158372,80686700
2007-05-03,22.060565948486328,22.0819360531333,21.747145898858772,21.79700811772481,82036800
2007-05-04,21.76851463317871,21.86824042950083,21.57618912603343,21.85399369307716,104385900
2007-05-07,21.875354766845703,21.91097159541318,21.711521431364567,21.74001489421855,59889100
2007-05-08,21.903846740722656,22.039187962792692,21.782752249111155,21.853984542760802,60551700
2007-05-09,21.92522430419922,22.032072101744834,21.775636300720592,21.86823872159866,51735000
2007-05-10,21.782756805419922,22.032069206020978,21.74714133046689,21.853989113969263,55398600
2007-05-11,22.003576278686523,22.0676852220886,21.761387238866092,21.775633972653957,43425300
2007-05-14,22.060565948486328,22.074812684917646,21.946594774322932,21.967964878969905,70188500
2007-05-15,22.081993103027344,22.21777273197322,22.039115827639595,22.081993103027344,75013900
2007-05-16,22.2034854888916,22.217778371997127,22.017682097652816,22.153461761066612,45833600
2007-05-17,22.13916778564453,22.25350811875864,22.124874903244198,22.174899991645372,41045600
2007-05-18,22.03197479248047,22.14631513025886,21.853317844321193,22.132022247275476,58453000
2007-05-21,22.189189910888672,22.26779939537752,21.960509261151135,21.960509261151135,41836400
2007-05-22,21.93191909790039,22.103429540131792,21.910479781480028,22.081990223711433,39999500
2007-05-23,21.853315353393555,22.039118721865922,21.846168912716443,22.039118721865922,46322500
2007-05-24,21.560319900512695,22.010534796397142,21.41024735985501,21.8247327754599,64046400
2007-05-25,21.7818603515625,21.910493605153746,21.567472504273553,21.638935574384767,47726500
2007-05-29,22.003393173217773,22.031977579756425,21.717540929564148,21.789003990477553,42373100
2007-05-30,22.232072830200195,22.246364351273893,21.80329584796689,21.831880253158733,57376800
2007-05-31,21.93191909790039,22.267793543556408,21.874748950489924,22.23920915137309,85290500
2007-06-01,21.86046600341797,22.08200025488929,21.83188023520518,22.00339211839302,39469400
2007-06-04,21.953367233276367,21.98195300176163,21.724686537572104,21.738979421814737,41434500
2007-06-05,21.853315353393555,21.88904619373493,21.674658425598302,21.881901116102007,44265000
2007-06-06,21.64608383178711,21.81759439660094,21.61749805612907,21.703254020058388,38217500
2007-06-07,21.167264938354492,21.646065367855044,21.145825624898535,21.453115635882366,71971400
2007-06-08,21.474567413330078,21.48171385575018,21.017206002799814,21.138692797852478,61346200
2007-06-11,21.453126907348633,21.617490974403534,21.388810296232478,21.395956737805868,48467400
2007-06-12,21.331636428833008,21.61034078665981,21.274466269200737,21.410244546424803,56981800
2007-06-13,21.71754264831543,21.73183553423817,21.33164426971382,21.41739885916101,64435600
2007-06-14,21.810434341430664,21.94621260193669,21.653215399516803,21.688947596789934,59065700
2007-06-15,21.788999557495117,22.067703939005895,21.746122274888286,22.053412420166442,100933000
2007-06-18,21.80328941345215,21.953360563270856,21.738972816945832,21.931922606464784,45412600
2007-06-19,21.767559051513672,21.910485136493485,21.71038889013058,21.781851932620487,46802600
2007-06-20,21.445980072021484,21.803293965864473,21.410247864810586,21.753270238813545,46861600
2007-06-21,21.596054077148438,21.65322425311731,21.374519815649617,21.424543549241818,56564800
2007-06-22,21.074371337890625,21.51029468406437,21.04578693782118,21.438831639324444,86219900
2007-06-25,21.074371337890625,21.27446759055357,20.99576185237229,21.060078456333798,53905800
2007-06-26,21.095815658569336,21.295910595597626,21.08152277362602,21.117253622939778,48340300
2007-06-27,21.345930099487305,21.403100261235366,20.981469807201837,20.981469807201837,53468600
2007-06-28,21.31734848022461,21.417395941967403,21.21015457649384,21.338787806188538,46055200
2007-06-29,21.060077667236328,21.388807115505166,20.752788903543575,21.34592983548546,71193900
2007-07-02,21.253028869628906,21.295906152468504,21.074371934245633,21.20300514580867,47316000
2007-07-03,21.453126907348633,21.596051649683364,21.28161639872034,21.28876284029373,35202600
2007-07-05,21.431682586669922,21.59604661540978,21.317342274238367,21.474559863070745,47838500
2007-07-06,21.41739273071289,21.467417817128126,21.1958585144795,21.37451544825835,57541000
2007-07-09,21.345930099487305,21.403100261235366,21.303051455893126,21.338783658888275,33831400
2007-07-10,20.96003532409668,21.431689608162163,20.852841416453522,21.224448235124658,66013500
2007-07-11,21.074371337890625,21.188711664256818,20.874275085227683,20.89571440756292,48017000
2007-07-12,21.488859176635742,21.517444944824213,21.038644232022943,21.124398810499454,54302400
2007-07-13,21.310203552246094,21.453129676071107,21.1958631984039,21.39595949915001,42173000
2007-07-16,21.460269927978516,21.61034108796406,21.238734363651083,21.26732012538784,48023200
2007-07-17,21.996248245239258,22.067709948028206,21.445984410278847,21.453130853166662,77539600
2007-07-18,22.09629249572754,22.13202334190888,21.79614875345329,21.803295195298443,64414400
2007-07-19,22.517919540405273,22.753746632641906,22.10343551880622,22.18919008159543,121159300
2007-07-20,22.26780128479004,22.296387049954816,22.00338977223739,22.260654843498845,98292600
2007-07-23,22.28923988342285,22.52506698618176,22.239216159056458,22.410726655331636,48910600
2007-07-24,22.01053237915039,22.496479428035194,21.946215777795395,22.16060490332677,59729300
2007-07-25,21.946216583251953,22.367847046256177,21.70324441293629,22.146312835149548,54950100
2007-07-26,21.42454719543457,21.817593414776123,21.08867252483629,21.610350639715982,87025300
2007-07-27,21.002914428710938,21.438837902230567,20.981476463157254,21.388814165212498,69214600
2007-07-30,21.010051727294922,21.074368322052432,20.688470116551375,21.017198167050648,67499600
2007-07-31,20.71706199645996,21.238740019685213,20.709915554122624,21.231593577347873,66554000
2007-08-01,20.938596725463867,21.1172536987632,20.59557566385984,20.68847805328043,80006300
2007-08-02,21.095815658569336,21.2887655161705,20.73850171325364,20.85998850918276,47938300
2007-08-03,20.69561767578125,21.28161353864702,20.65274039514762,21.045786450595788,61535500
2007-08-06,21.11009979248047,21.11009979248047,20.545543338652905,20.759931071751698,59530500
2007-08-07,21.11724853515625,21.28876038706458,20.759934675928267,20.96003092779185,49163000
2007-08-08,21.4388370513916,21.445983493974076,20.874280354776904,21.238740748215907,52898600
2007-08-09,20.938596725463867,21.510299857848448,20.66703872578848,21.18157031819452,72964500
2007-08-10,20.516963958740234,20.759937525409022,20.1953822591217,20.652743625536175,76576200
2007-08-13,20.45979881286621,20.717065326181217,20.32402047576749,20.681334471796234,55492300
2007-08-14,20.27334213256836,20.717963648818632,20.223143061490628,20.63190848920598,42944100
2007-08-15,20.15142822265625,20.789675858785653,20.11557076860167,20.251826358365054,48117700
2007-08-16,19.943452835083008,20.330705010434905,19.728313649546344,19.99365188718679,81447400
2007-08-17,20.25899314880371,20.25899314880371,19.950625954589917,20.14425205809463,76747700
2007-08-20,20.266172409057617,20.431112619220883,20.137088290556896,20.20880184170421,49952000
2007-08-21,20.129911422729492,20.309194568806983,19.98648572656061,20.15142589267466,50786200
2007-08-22,20.23748207092285,20.309195606582698,20.086884877076912,20.273339522663736,44763500
2007-08-23,20.294851303100586,20.316365772742838,20.15142560895108,20.28050969116092,33886600
2007-08-24,20.66057777404785,20.682092231916798,20.129900123670314,20.23029819141655,45158900
2007-08-27,20.43111228942871,20.631909955835535,20.366570231220166,20.517168822980835,32789500
2007-08-28,20.029518127441406,20.431112088483072,20.015175144020088,20.294856481624905,43924400
2007-08-29,20.502824783325195,20.517167766148777,19.950632255016313,20.172943017493374,45753700
2007-08-30,20.40242576599121,20.74664913209191,20.309197749450146,20.38091129267664,33690700
2007-08-31,20.603221893310547,20.739477487651286,20.33788356350296,20.581708787977103,42511900
2007-09-04,20.66057777404785,20.86854676331773,20.4239242087738,20.43826718068643,45689600
2007-09-05,20.423940658569336,20.60322384841174,20.380913075997373,20.54585328237506,47669800
2007-09-06,20.732297897338867,20.804011412019616,20.47412979161677,20.481301279867,45430800
2007-09-07,20.395252227783203,20.674933513690217,20.30919571098462,20.524336319070112,52160900
2007-09-10,20.423940658569336,20.61756683187646,20.373741584265016,20.560196265839778,37247600
2007-09-11,20.746641159057617,20.760984135755255,20.495644538135128,20.53150061205768,34380800
2007-09-12,20.746641159057617,20.91875277596464,20.653413178344515,20.66058466669333,42364700
2007-09-13,20.91158676147461,20.983300295913136,20.76815969259756,20.88290216839234,35288600
2007-09-14,20.825525283813477,20.87572433231425,20.71078284289838,20.78249635553726,33496600
2007-09-17,20.603221893310547,20.710791523443948,20.524338227384483,20.646250839621555,39536500
2007-09-18,20.746641159057617,20.77532574463135,20.273333870607914,20.58170103049941,77462400
2007-09-19,20.56019401550293,20.732305694775153,20.294854321736143,20.70362109880747,94242200
2007-09-20,20.380910873413086,20.49565199308627,20.323540313576494,20.42393845133502,67168900
2007-09-21,20.54584312438965,20.660584199734352,20.39524597593279,20.574529077136578,135636100
2007-09-24,20.854209899902344,21.234290559991603,20.653412337772295,20.660583825829242,104459800
2007-09-25,21.198436737060547,21.198436737060547,20.875727926359033,20.897241026379437,75621000
2007-09-26,21.155412673950195,21.406409369069927,21.14106969301262,21.284496766744454,60337000
2007-09-27,21.14824104309082,21.313181219312124,21.112384958806864,21.298839606291704,43407100
2007-09-28,21.12672996520996,21.291671535746172,20.961789762495904,21.148244439929158,45819100
2007-10-01,21.34903335571289,21.363376332983986,21.09086523611959,21.12672131147573,43875100
2007-10-02,21.29884147644043,21.40641110655941,21.20561346060114,21.29884147644043,33700900
2007-10-03,21.119550704956055,21.40640340467293,21.004809625069306,21.30600393390585,37633900
2007-10-04,21.306011199951172,21.349040145449152,21.11238641649839,21.198441571850285,37868000
2007-10-05,21.39923858642578,21.50680821137177,21.32035355648179,21.43509467213378,45012300
2007-10-08,21.39923858642578,21.406410077131778,21.227126912947796,21.270154489361794,30265400
2007-10-09,21.585693359375,21.793661119698427,21.513979819744787,21.53549429198045,63603100
2007-10-10,21.678918838500977,21.779318335717107,21.535493134769535,21.542664625129394,32251500
2007-10-11,21.449434280395508,21.965769219630328,21.36337914110059,21.729115534836648,50788400
2007-10-12,21.635892868041992,21.80083305508011,21.478124171895363,21.53549473120523,31121100
2007-10-15,21.542665481567383,21.7506332389835,21.513979518987515,21.585693057615202,47150500
2007-10-16,21.743459701538086,21.929914337289546,21.67891765963097,21.686089149600853,56286200
2007-10-17,22.288476943969727,22.396046540090165,21.980109765355284,22.051823285376116,86092400
2007-10-18,22.345855712890625,22.39605478503915,21.965774874331277,22.38888329361477,49208600
2007-10-19,21.635892868041992,22.295654984016483,21.592865290515096,22.295654984016483,75200200
2007-10-22,21.879718780517578,22.01597437613024,21.60003746599554,21.60003746599554,58785100
2007-10-23,22.159391403198242,22.31716141028324,22.02313586103071,22.02313586103071,49956200
2007-10-24,22.4103946685791,22.44625075292005,21.872545196533203,22.123541890385678,77979200
2007-10-25,22.941068649291992,23.10601016483177,22.58250239712834,22.639872942761656,169588700
2007-10-26,25.121156692504883,25.838289366438964,24.784106195993814,25.823946384682998,288121200
2007-10-29,24.791271209716797,25.307607503941604,24.70521607256049,24.992067441629338,114655600
2007-10-30,25.508405685424805,25.522748665320986,24.633503061263774,24.64784604115995,107297300
2007-10-31,26.39765739440918,26.53391163146855,25.465382635058337,25.472555494487125,185635800
2007-11-01,26.576950073242188,26.88531748335167,26.07495642406545,26.196867721452996,152078800
2007-11-02,26.576950073242188,26.89248760969699,26.11798265342797,26.691691244284417,96389800
2007-11-05,26.340282440185547,26.6056207600841,26.2685702679894,26.361795544715587,75485400
2007-11-06,26.110790252685547,26.29007335047538,25.723538104905195,26.239874301945665,100966700
2007-11-07,25.47254753112793,25.93151190789075,25.42234847339721,25.84545677115859,74897800
2007-11-08,24.91318702697754,25.745060710154597,24.669361840409593,25.529918747690644,133742400
2007-11-09,24.188888549804688,24.76976709144804,24.13151934944487,24.51159885071766,125136900
2007-11-12,23.937883377075195,24.174535677178795,23.679715241948823,23.894854442673015,84865200
2007-11-13,24.794097900390625,24.945193025107375,24.017035298498122,24.132155785618824,104311500
2007-11-14,24.412761688232422,25.002754525076377,24.28325079773605,24.90921827200924,84063100
2007-11-15,24.290430068969727,24.535061299434197,24.139335035511824,24.290430068969727,64014100
2007-11-16,24.527881622314453,24.650195935756436,24.254469443571008,24.362396098116506,71113800
2007-11-19,24.43433952331543,24.635802380603614,24.369584095024262,24.434339523315433,63026200
2007-11-20,24.88043785095215,25.161043838871535,24.53507367923283,24.62860992343551,100009400
2007-11-21,24.62860679626465,24.988358580162213,24.59263216681255,24.750923830027734,89518700
2007-11-23,24.542261123657227,24.779695815618943,24.254458669176994,24.722136971535466,33467200
2007-11-26,23.722043991088867,24.729347784308633,23.693263176933858,24.52788757460258,80335000
2007-11-27,23.786792755126953,24.175322658098818,23.513380586992973,23.937887869876498,84178400
2007-11-28,24.247272491455078,24.383977190876962,23.671670145614915,24.01703155311901,88585000
2007-11-29,24.168136596679688,24.4127680373855,23.966676378930057,24.160942765198463,53633600
2007-11-30,24.175321578979492,24.5494638069125,23.880325191817317,24.405562527755404,71027800
2007-12-03,23.686058044433594,24.204101533321904,23.513378711263165,24.103371464857737,61770600
2007-12-04,23.578134536743164,23.916302124761806,23.47740446661554,23.55655030591255,54801500
2007-12-05,24.571048736572266,24.837264296795034,23.76520273827831,23.844348572457932,84894700
2007-12-06,24.85884666442871,24.902017864753848,24.369584039496516,24.650189979889475,49209700
2007-12-07,24.844451904296875,24.966768911408252,24.62140760348011,24.902013494628743,40771000
2007-12-10,25.00995635986328,25.146663868416123,24.801302298112244,24.923616653459757,36083500
2007-12-11,24.535072326660156,25.17543285354267,24.412758028797697,24.988360375450277,55070700
2007-12-12,24.801286697387695,25.247378102006294,24.412754145935345,24.902016748944664,63345400
2007-12-13,25.340909957885742,25.506395406158234,24.664575023125252,24.80847624826712,73913200
2007-12-14,25.405675888061523,25.787011959548334,25.189822588657417,25.218603394536462,71126200
2007-12-17,24.743724822998047,25.27615861844762,24.722140596387934,25.20420662193388,58121200
2007-12-18,24.995561599731445,25.182631367944445,24.61422274405691,24.92360957758106,52791800
2007-12-19,25.031530380249023,25.28335553711738,24.736534020193936,24.95957837493781,58469100
2007-12-20,25.556772232055664,25.751038564057037,25.240191586213893,25.39128670731868,59345000
2007-12-21,25.945301055908203,25.945301055908203,25.722253949655517,25.8301805885784,83240500
2007-12-24,26.319442749023438,26.420172812891888,25.93810397835065,25.995665583240275,29622600
2007-12-26,26.341022491455078,26.36260671726773,26.089194629993138,26.197121248432243,30252400
2007-12-27,25.880542755126953,26.297853373720635,25.858955782920148,26.153952119323865,33311100
2007-12-28,25.988460540771484,26.067606349357288,25.664683480505698,25.97407014423884,33447200
2007-12-31,25.614334106445312,25.894942893155147,25.556775229853745,25.830187441558905,35229700
2008-01-02,25.340909957885742,25.873340922816784,25.18261833576093,25.75102666549313,63004200
2008-01-03,25.4488468170166,25.650309732993694,25.081901112929113,25.34092290155039,49599600
2008-01-04,24.736534118652344,25.326526841110855,24.527877419451848,25.31933026820691,72090800
2008-01-07,24.902019500732422,25.0387241937108,24.642997771141097,24.858848297571082,80164300
2008-01-08,24.067399978637695,24.973973458012615,24.031425341581897,24.973973458012615,79148300
2008-01-09,24.77970314025879,24.851655147490973,23.99544410190279,24.002640674970223,74305500
2008-01-10,24.7005615234375,24.82287582599914,24.3048323217649,24.71494918105414,72446000
2008-01-11,24.398366928100586,24.635804433180134,24.26166223240196,24.563852426479478,55187900
2008-01-14,24.743724822998047,24.873235672034752,24.520680495525514,24.794089848213652,52792200
2008-01-15,24.463123321533203,24.736535468345476,24.463123321533203,24.484707552045993,61606200
2008-01-16,23.909107208251953,24.21130018426525,23.391063674908445,24.04581192080038,120778500
2008-01-17,23.822765350341797,24.319221861158265,23.722035282467893,24.13215212720508,94247800
2008-01-18,23.75080680847168,24.463116405591204,23.72202875748661,23.858733419900854,117062000
2008-01-22,22.995330810546875,23.405447579003283,22.664359864895737,22.69314066313183,108521400
2008-01-23,22.97374725341797,23.060086905953263,22.333389569795738,22.64997012555053,137597400
2008-01-24,23.92349624633789,24.00264208660377,23.11045635727285,23.275941866606694,155640400
2008-01-25,23.700456619262695,25.18263558765275,23.650091567662546,25.11068629813524,196992300
2008-01-28,23.54216194152832,23.81557137134342,23.32630863578436,23.75801250258348,81019000
2008-01-29,23.45582389831543,23.66448066897017,23.27594793975568,23.635699856875178,68023000
2008-01-30,23.168014526367188,23.59971555229495,23.060087897541155,23.42703623979912,106432600
2008-01-31,23.45582389831543,23.55655674064791,22.822661128016765,22.959367240778676,103642200
2008-02-01,21.908884048461914,23.923493476492006,21.764982786883703,22.34778028882159,291138900
2008-02-04,21.721811294555664,22.103147275561835,21.664251068799413,21.937661798055608,119998600
2008-02-05,20.915971755981445,21.541940561351808,20.786460874019,21.520354956909948,137534100
2008-02-06,20.52024269104004,21.117430615115143,20.354757194905243,21.067065583451875,138315600
2008-02-07,20.23244285583496,20.707315145987756,20.074151177554512,20.390733161771134,164964900
2008-02-08,20.54901695251465,20.9231590541153,20.318776081481587,20.354752075295405,124872000
2008-02-11,20.297195434570312,20.584997965884796,20.081344908428626,20.520242533573455,156814100
2008-02-12,20.390737533569336,20.592199088963376,20.22525199110882,20.455492984505113,84365900
2008-02-13,20.836820602416992,20.901576026897292,20.52743525165381,20.592190676134106,88986200
2008-02-14,20.505847930908203,20.89438044516627,20.477067134736245,20.779258632822334,69113500
2008-02-15,20.448291778564453,20.60658207196628,20.325976115189896,20.369145945691454,68166100
2008-02-19,20.347171783447266,20.831112380193947,20.274941576323943,20.80221974627397,68261200
2008-02-20,20.383283615112305,20.41217624537088,20.16659439887874,20.332722889836234,93056200
2008-02-21,20.29660987854004,20.91778631747032,20.195487043342037,20.672205831729116,98776500
2008-02-22,19.993244171142578,20.50607599558787,19.646540849460422,20.397731379771763,125705400
2008-02-25,20.10881233215332,20.39773177245047,19.848784147047606,19.971575081383467,109974300
2008-02-26,20.49884796142578,20.845552578313455,19.986016258968345,20.036576975810494,108923500
2008-02-27,20.412174224853516,20.71553992415744,20.296606470611668,20.361613504582245,75199500
2008-02-28,20.1738224029541,20.419404308444246,20.079922709731935,20.238829458976596,83002900
2008-02-29,19.646541595458984,20.101589550235868,19.516527500472275,20.000468088658025,117411400
2008-03-03,19.494861602783203,19.783781101506513,19.40818644200463,19.675436461694876,76544300
2008-03-04,19.928234100341797,19.95712535059038,19.47318485425877,19.51652379614613,86925600
2008-03-05,20.311059951782227,20.52052606363444,20.007694145425017,20.043808564741223,106489800
2008-03-06,19.913789749145508,20.347169567000144,19.86322902296982,20.267716210051795,91127700
2008-03-07,20.130481719970703,20.274940750657866,19.733216285808755,19.747662602180437,77597600
2008-03-10,20.26049041748047,20.41217395395754,20.043801225571826,20.10158510192588,72175100
2008-03-11,21.148916244506836,21.192253800865206,20.49884601075091,20.513292322095726,98740700
2008-03-12,20.679420471191406,21.300598073295987,20.614414826429726,21.257260517562848,75993800
2008-03-13,20.672203063964844,20.939452988111835,20.339944725959512,20.614419184878223,84552200
2008-03-14,20.195486068725586,20.953901096565755,19.96435053258718,20.744433655892532,105214900
2008-03-17,20.441064834594727,20.7516536810242,19.704320768788453,19.718765704359207,84490100
2008-03-18,21.250043869018555,21.293381438022188,20.708319434605446,20.708319434605446,83695300
2008-03-19,20.672203063964844,21.37283277009967,20.672203063964844,21.22114922644957,61442100
2008-03-20,21.076696395874023,21.10558765504818,20.6505396460604,20.7588842788978,60170200
2008-03-24,21.069469451904297,21.235597950924717,20.99001609251344,21.18503722319472,48294700
2008-03-25,21.04779815673828,21.213928019058773,20.9033391439646,21.185035389898204,49149000
2008-03-26,20.628862380981445,20.9972350957085,20.498848319586457,20.968343847440853,45868100
2008-03-27,20.26049041748047,20.57830242626592,20.22437601138779,20.57107926951213,47894400
2008-03-28,20.159372329711914,20.534968277293064,20.101588443751467,20.390507873553695,49244000
2008-03-31,20.49884796142578,20.650531489628428,20.10880716173193,20.137698409494785,46780600
2008-04-01,21.307828903198242,21.336721535877157,20.679427919197426,20.82388832723888,65796200
2008-04-02,21.062246322631836,21.365612067100876,20.946678551184252,21.35838890917584,49499400
2008-04-03,20.946678161621094,21.17781370021764,20.802217761160012,20.946678161621094,38961400
2008-04-04,21.062246322631836,21.134476524205706,20.7588805781628,21.040576848856723,43860800
2008-04-07,21.062246322631836,21.372835225025913,20.968348024959365,21.343942593325764,44428600
2008-04-08,20.76610565185547,20.946680483610734,20.614423454465832,20.903342909738928,44733500
2008-04-09,20.86722755432129,20.97557355778753,20.614423886704493,20.74443661104599,45839300
2008-04-10,21.026121139526367,21.235587101342244,20.802207491585097,20.823876954259482,65591600
2008-04-11,20.426626205444336,20.95390440266335,20.376064093469484,20.852782934067015,54373700
2008-04-14,20.267717361450195,20.448292181008284,20.17381906145767,20.397731451960265,43418100
2008-04-15,20.40494155883789,20.571069955931407,20.24603631522788,20.311043318903717,34310000
2008-04-16,20.91056251525879,20.982791333546643,20.498850811565454,20.6360880461299,54107400
2008-04-17,21.1055850982666,21.19226162064237,20.874449542166666,21.03335627024281,48743300
2008-04-18,21.66898536682129,21.741215593579426,21.38728899790925,21.6762085272648,73658900
2008-04-21,21.97234535217285,22.102359450098543,21.75565610741445,21.806216839346302,54411700
2008-04-22,21.849552154541016,22.174587365761802,21.647307870039583,22.131248419148047,67387500
2008-04-23,22.7163143157959,22.723536096688388,21.88566899014318,21.994014991003365,98351500
2008-04-24,22.9691162109375,23.18580544064055,22.506845119476843,22.846325280058696,115416700
2008-04-25,21.546184539794922,21.950671695887486,21.38005605860931,21.70508986384077,145194900
2008-04-28,20.939451217651367,21.553405742083704,20.8166603127649,21.524513116145133,97473000
2008-04-29,20.686649322509766,20.874447285962056,20.54941346195637,20.802217088068648,84428900
2008-04-30,20.5999755859375,21.098361092122378,20.592752427890055,20.75888092995168,74733600
2008-05-01,21.2355899810791,21.300597000242,20.571074856717463,20.585521167126107,71699400
2008-05-02,21.120031356811523,21.394505862182175,20.845558229117454,21.37283638722873,66024200
2008-05-05,21.004465103149414,21.835109082496988,20.939458051248792,21.61841982794603,119687700
2008-05-06,21.452287673950195,21.567855440492334,20.896116936418377,20.946677662071007,93582000
2008-05-07,21.09836196899414,21.770100540882833,21.004463665827906,21.44506668129825,88775000
2008-05-08,21.14169692993164,21.22837205839582,20.946675824372747,21.148920086916377,69589900
2008-05-09,21.228378295898438,21.343946086258672,20.91056756124616,21.09836418732399,51621200
2008-05-12,21.66175079345703,21.71231151224572,21.199479790044744,21.23559419555773,64278800
2008-05-13,21.58926010131836,21.842994416920753,21.408020514317613,21.748750440089623,70934700
2008-05-14,21.69800567626953,21.93724189894689,21.553013439541488,21.669006675824544,66730400
2008-05-15,22.074983596801758,22.132980212871008,21.705254650829644,21.73425226749007,53355800
2008-05-16,21.741497039794922,22.096726404735612,21.690750185195977,22.08947665654318,81538200
2008-05-19,21.35727882385254,21.669011230416707,21.248535314824018,21.654513109895312,59615000
2008-05-20,20.849802017211914,21.248528550976474,20.75555665870504,21.241278801649152,75767600
2008-05-21,20.480060577392578,21.060026341529493,20.43656349076917,20.886036612288418,60125100
2008-05-22,20.63956642150879,20.806307914668057,20.42932919158836,20.501825312603454,52203100
2008-05-23,20.3350772857666,20.538066082838697,20.262582570792617,20.487319229257686,48890700
2008-05-27,20.617815017700195,20.661312129751213,20.33508033249794,20.37857882729722,47334500
2008-05-28,20.42932891845703,20.71206226561253,20.327835180041923,20.7048125153331,52318500
2008-05-29,20.52357292175293,20.79180815129618,20.400329932408486,20.451076801653524,47699200
2008-05-30,20.530824661254883,20.806309667774475,20.44383041490557,20.57432178442954,63399200
2008-06-02,20.153841018676758,20.55981867901072,19.972601436196758,20.472823071011078,77028400
2008-06-03,19.798608779907227,20.52356700645709,19.769611169874235,20.233583992386762,86616700
2008-06-04,19.965349197387695,20.037843910120547,19.718863302401576,19.776859902236662,79567400
2008-06-05,20.51631736755371,20.51631736755371,20.00884743591433,20.09584164922481,76063400
2008-06-06,19.929107666015625,20.422079634280593,19.929107666015625,20.29158689176945,78500800
2008-06-09,20.088598251342773,20.233590496358907,19.791365393533372,20.045101130937343,66787100
2008-06-10,20.219079971313477,20.509064303238375,19.805854095892602,19.8348530821842,77433900
2008-06-11,19.660873413085938,20.25533910998168,19.65362366278861,20.190092740054247,59330800
2008-06-12,20.472820281982422,20.697556946472048,19.711614692365377,19.86385525718955,113996300
2008-06-13,21.074541091918945,21.43702030267159,20.661315012900687,20.755558999287054,131969100
2008-06-16,20.973045349121094,21.103538073748954,20.762806763276576,21.038291711435022,74718900
2008-06-17,20.878799438476562,21.110787266558187,20.871551071964646,21.05279065522485,44256700
2008-06-18,20.632320404052734,20.92230494057882,20.632320404052734,20.69756678649623,49677800
2008-06-19,20.973045349121094,21.161534686611525,20.538070061277658,20.697560400962644,62037800
2008-06-20,20.4655704498291,20.96579201444685,20.371326488574088,20.951292518023592,97480400
2008-06-23,20.277084350585938,20.596066408591543,20.146593010388845,20.516320548403066,57145300
2008-06-24,20.103092193603516,20.30608100394711,19.94360187438593,20.240834650006246,65218300
2008-06-25,20.552568435668945,20.784554874426338,20.124842920679406,20.161090283204658,64280200
2008-06-26,20.117591857910156,20.443823630326882,20.117591857910156,20.32058066994147,67049100
2008-06-27,20.03059959411621,20.23358843995873,19.90735661320261,20.06684834306044,73450200
2008-06-30,19.943607330322266,20.284337307533324,19.92910782931366,20.103097693171343,57830500
2008-07-01,19.479631423950195,19.849358964702425,19.167899112993958,19.769614486671706,100327800
2008-07-02,18.761924743652344,19.573878844886636,18.761924743652344,19.50138272076327,84669000
2008-07-03,18.83442497253418,18.92142061699169,18.558941300124985,18.827175220266984,37074500
2008-07-07,18.870664596557617,19.131648638062053,18.4501888478996,18.928661203863957,71527600
2008-07-08,18.740177154541016,18.993912901392353,18.493691158485266,18.798173778157157,65553200
2008-07-09,18.29069709777832,18.74017184040772,18.25444973682758,18.69667473071719,54255800
2008-07-10,18.4501895904541,18.60967992127841,18.109458298911463,18.268950012484012,57830600
2008-07-11,18.305192947387695,18.587926178155147,18.0297094639153,18.239946604480146,69532600
2008-07-14,18.232704162597656,18.711176613800333,18.174707543747285,18.471940388198995,51216200
2008-07-15,18.957658767700195,19.31288815938733,18.0732101628515,18.0732101628515,92719300
2008-07-16,19.762361526489258,19.784110771190413,18.790917387140514,18.94315795180432,82060400
2008-07-17,19.950849533081055,20.233582782043424,19.653616788595485,19.994346636902648,96526100
2008-07-18,18.747425079345703,19.189648772815676,18.203706267371626,19.10990428732842,150277000
2008-07-21,18.587926864624023,18.97215518896418,18.508182406929247,18.602426359749607,77575600
2008-07-22,18.70392608642578,18.805421202258014,18.471939620663665,18.515438120055368,88657200
2008-07-23,19.16065216064453,19.457885016167516,18.740176312630417,18.74742606310031,79408800
2008-07-24,18.44293785095215,18.972157029649264,18.44293785095215,18.914160426268047,81092600
2008-07-25,18.964916229248047,19.00841335661938,18.486443679917148,18.587937438033173,58682300
2008-07-28,18.48643684387207,18.92866185398923,18.370443625275477,18.89241310896015,59707800
2008-07-29,18.928661346435547,18.98665795417872,18.413940242810206,18.500935845799066,66368200
2008-07-30,19.015657424926758,19.2041467641987,18.776421221763968,18.993909559115444,51977700
2008-07-31,18.645931243896484,19.051908980351953,18.63868149330815,18.740176618796287,60461000
2008-08-01,18.44293785095215,18.812666716037942,18.17470269609646,18.79091747123945,82720200
2008-08-04,18.326948165893555,18.52268587570053,18.203705187182603,18.406692646648857,60588300
2008-08-05,19.00115203857422,19.05190026948958,18.486432426878174,18.58792612321308,84297600
2008-08-06,19.588375091552734,19.68986881881261,19.124400803904017,19.37813650480204,95550000
2008-08-07,19.856609344482422,20.117594800591185,19.378136930115257,19.501379908527912,82565800
2008-08-08,20.39307975769043,20.465575876281,19.71161983808504,19.82761307473057,80814100
2008-08-11,20.22633934020996,20.58881854481139,20.052349487931085,20.19734172287103,68743800
2008-08-12,20.385833740234375,20.559823615258953,19.99435548436762,20.139347738262405,62813000
2008-08-13,20.23358726501465,20.661312798480246,20.124843789993363,20.349580489403795,51165200
2008-08-14,20.23358726501465,20.501822460632244,19.979851568132776,20.168340903452215,49732300
2008-08-15,20.161094665527344,20.407580655971643,19.99435454927048,20.284337660749493,47267400
2008-08-18,20.074100494384766,20.335084604263727,19.972605367947093,20.139346867541644,38078200
2008-08-19,19.884851455688477,20.19782701534564,19.84845952988494,20.044979261055204,40332900
2008-08-20,19.863019943237305,20.074095644583117,19.77567736416315,20.044982377067196,41497200
2008-08-21,19.782957077026367,19.819349010416612,19.550045371496932,19.72472915064401,43614200
2008-08-22,20.263336181640625,20.292449448350936,19.81206874739394,19.819347411137308,47930400
2008-08-25,20.132322311401367,20.26333547770435,19.986751818117366,20.09593038221192,51381300
2008-08-26,19.848461151123047,20.17599267489687,19.775675905307832,20.07409416371343,44774400
2008-08-27,20.059534072875977,20.22694053166281,19.746558530779907,19.899407664756946,33975300
2008-08-28,20.336118698120117,20.387067949214163,20.0886497171522,20.09592837991749,48372600
2008-08-29,19.863019943237305,20.21966614695231,19.863019943237305,20.146880895767712,50735500
2008-09-02,19.724729537963867,20.205110287117023,19.69561488006935,20.139603695117657,66079200
2008-09-03,19.57915496826172,19.782953366506884,19.535484378731688,19.65194020965378,57127700
2008-09-04,19.178844451904297,19.57188266185154,19.178844451904297,19.46270545843639,66141900
2008-09-05,18.66934585571289,19.084219992110008,18.654788527493952,18.945929538819787,82305200
2008-09-08,19.011436462402344,19.164284246603707,18.68390351302335,19.07694166401489,62110800
2008-09-09,18.996875762939453,19.360800580665256,18.96048244820907,19.069661004137217,85735700
2008-09-10,19.24434471130371,19.550041613108355,19.106052892132727,19.302572626492072,75064900
2008-09-11,19.899412155151367,19.98675334719327,18.945929377158475,18.99687863722679,72913300
2008-09-12,20.103208541870117,20.19054972504106,19.608270543024513,19.75383964439711,75628500
2008-09-15,19.52092170715332,20.008580886196672,19.455415146665214,19.593706928613734,82349400
2008-09-16,18.91681480407715,19.280739678464773,18.57472592192754,18.98960005660732,111729700
2008-09-17,17.883268356323242,18.829473875971416,17.832319095315885,18.727573965693466,106972100
2008-09-18,18.385482788085938,18.450989369294827,17.47567070269924,18.050671218766837,132291300
2008-09-19,18.312702178955078,19.215235829518477,17.104471534792513,19.193401222430737,134926100
2008-09-22,18.48738670349121,19.15700864967736,18.42915876852996,19.084223383909922,105207700
2008-09-23,18.516498565673828,19.0478285653987,18.443713310910482,18.676625015542577,92181300
2008-09-24,18.72029685974121,18.989601903820514,18.53105574005963,18.61839832924473,80250300
2008-09-25,19.368078231811523,19.564596568037338,18.7348484712132,18.79307638347695,96203500
2008-09-26,19.943082809448242,20.05953865801989,19.025991960749096,19.04782795295499,100744300
2008-09-29,18.203523635864258,20.132325325167713,18.203523635864258,19.608273969769524,134383100
2008-09-30,19.426305770874023,19.426305770874023,18.58927902756428,18.756684098573647,107192700
2008-10-01,19.273454666137695,19.644658082338502,19.127885597287797,19.20066943758136,88957000
2008-10-02,19.106056213378906,19.309854646096383,18.705739400403885,19.055106952265348,93819800
2008-10-03,19.157005310058594,19.99403224980746,19.098777385248148,19.193398630729643,114289400
2008-10-06,18.130741119384766,18.91681896545525,17.570296356356344,18.65479255401058,146374600
2008-10-07,16.9079532623291,18.349095766817587,16.842446658646576,18.181690618857154,145941200
2008-10-08,16.747819900512695,17.686745187166938,16.376616428214934,16.667755998175046,171598600
2008-10-09,16.23104476928711,17.402883014992824,16.0636397022614,17.300984519979412,131948700
2008-10-10,15.648757934570312,16.267430037542972,15.030085831597654,15.859834870751298,228467500
2008-10-13,18.56016731262207,18.56016731262207,16.47123806699314,16.638644552735986,144935400
2008-10-14,17.541175842285156,18.72757009328975,17.177251038039667,18.662063517464524,165674900
2008-10-15,16.493080139160156,17.650361697611,16.36206692299385,17.308272712937367,113280200
2008-10-16,17.6066837310791,17.6066837310791,15.510475924879053,16.696871652618714,161147800
2008-10-17,17.417448043823242,18.27631113387717,16.96618050237909,17.155421639870926,133673100
2008-10-20,17.992448806762695,18.014284803268787,16.747826159448785,17.613967918501547,93484300
2008-10-21,17.002573013305664,18.203524993313565,16.937066415463104,17.686750875695967,100385600
2008-10-22,15.670600891113281,16.784209784266896,15.212054909480658,16.76965384873693,150054800
2008-10-23,16.245603561401367,16.442123295191625,15.204778365693333,15.685159011671963,154774100
2008-10-24,15.983573913574219,16.638639556149155,15.248447160484943,15.328509659261995,153919700
2008-10-27,15.41585636138916,15.983578220239233,15.299400524278218,15.772502536074308,117683900
2008-10-28,16.813329696655273,16.89339222606009,15.532313955282532,15.75066832749675,134088800
2008-10-29,16.740543365478516,17.44655708590005,16.522189007321014,16.83516321714326,111701800
2008-10-30,16.471227645874023,17.381039193416523,16.296543995337334,17.242748837738883,95323000
2008-10-31,16.25288200378418,16.67503472901508,16.100034249529898,16.398452483489862,93055200
2008-11-03,16.463958740234375,16.67503440461198,16.16553912381701,16.36205885111761,61923500
2008-11-04,17.12630271911621,17.220922562530983,16.645922062443915,16.83516174927346,72123000
2008-11-05,16.070919036865234,16.988009695142413,16.049083049193303,16.9807310325851,81179700
2008-11-06,15.197501182556152,16.070921381159796,15.182945243581162,15.918073609948882,95509700
2008-11-07,15.648757934570312,15.677872569186528,15.28483333144077,15.517744855321729,71256300
2008-11-10,15.50319766998291,15.99085701241217,15.423135148988589,15.903515828006894,67106800
2008-11-11,15.430410385131836,15.50319422654909,15.13199219288017,15.495916953017595,78014500
2008-11-12,14.775343894958496,15.284839086479566,14.760787960431985,15.204775199401558,90162300
2008-11-13,15.466808319091797,15.466808319091797,13.639905146339238,14.666173257862615,148413700
2008-11-14,14.600658416748047,15.53230613840645,14.302240277049368,14.96458311279644,96624500
2008-11-17,14.062058448791504,14.731680345794118,13.938323922554172,14.367755431950597,97289000
2008-11-18,14.37714672088623,14.406457199208193,13.739627394794221,14.28921249058599,108966500
2008-11-19,13.40255355834961,14.618968853490752,13.373241672843736,14.384477962446658,103010500
2008-11-20,12.845640182495117,13.80558206039682,12.823656268588625,13.277980705649515,139532800
2008-11-21,14.42111587524414,14.435771816021337,13.175388862531358,13.204700744085748,157231900
2008-11-24,15.161224365234375,15.34441943500102,14.560344760026577,14.574999303380636,125289900
2008-11-25,14.648280143737793,15.337094116513986,14.32585637384949,15.285799711736514,92948100
2008-11-26,15.014665603637695,15.153894228101073,14.45775250345145,14.45775250345145,79678300
2008-11-28,14.816818237304688,14.88276858090058,14.670263005277505,14.824146208556186,28650800
2008-12-01,13.637043952941895,14.618969819597988,13.62971598108115,14.567674016572784,79639900
2008-12-02,14.032743453979492,14.1499881984252,13.60040293471059,13.915498709533782,79689800
2008-12-03,14.560352325439453,14.582334850726172,13.629720552037782,13.666359025961109,80961500
2008-12-04,14.003437042236328,14.596988908447416,13.768947485099504,14.215942679266073,78719200
2008-12-05,14.560352325439453,14.640957247604408,13.534458283568028,13.856882165232424,91996200
2008-12-08,15.395716667175293,15.57158379883019,14.758197091967038,14.912081705707397,107225000
2008-12-09,15.095281600952148,15.571588741754535,14.992691360003883,15.109937549325922,80484900
2008-12-10,15.1026029586792,15.359074954518906,14.875440051410385,15.256486156183025,61499000
2008-12-11,14.252577781677246,14.743540651936074,14.149987586473323,14.736212681016683,83564300
2008-12-12,14.186634063720703,14.545696420384237,13.702998938609152,14.03274939791165,78112600
2008-12-15,13.952140808105469,14.24525271632873,13.8422226195624,14.171974389855958,59925900
2008-12-16,14.736213684082031,14.787508086341735,13.922827026342087,14.076710233121192,97688700
2008-12-17,14.406462669372559,14.692246580443538,14.289217916232275,14.516379450733112,78922700
2008-12-18,14.142660140991211,14.67026288544883,13.915498624720621,14.553018141717713,80759200
2008-12-19,14.010764122009277,14.509053700310488,14.003436149107625,14.230597718387227,113530400
2008-12-22,14.054727554321289,14.135333841323435,13.842220578649309,14.098693984655359,58575400
2008-12-23,14.128006935119629,14.340512529145075,13.930155887198616,14.128006935119627,47511400
2008-12-24,14.047402381896973,14.252581427116741,13.996107970009005,14.113352739372331,16880400
2008-12-26,14.018089294433594,14.164645942464714,13.988778803428037,14.069385099611932,23101000
2008-12-29,13.893515586853027,14.076710685188122,13.659026084610936,14.03274425293465,58512800
2008-12-30,14.171971321105957,14.281888088180201,13.922825903648322,13.930153874475607,43224100
2008-12-31,14.24524974822998,14.421116856520777,14.120677038482222,14.149987524363588,46419000
2009-01-02,14.897427558898926,14.948721970443554,14.193958947427648,14.311203716006194,50084000
2009-01-05,15.036650657653809,15.14656741263944,14.699571025008186,14.802161207639829,61475200
2009-01-06,15.212528228759766,15.38839543746777,15.102611398025806,15.20520025368839,58083400
2009-01-07,14.296547889709473,14.868117189546066,14.274563971292253,14.794838859156568,72709900
2009-01-08,14.743541717529297,14.794836120004804,14.32585573094093,14.384478104865458,70255400
2009-01-09,14.303875923156738,14.875443827748603,14.22326961961977,14.780182976205928,49815300
2009-01-12,14.267240524291992,14.501731535456402,14.142667742413662,14.44310773441404,52163500
2009-01-13,14.52370834350586,14.648281076325414,14.30387476684443,14.30387476684443,65843500
2009-01-14,13.988780975341797,14.421121616724735,13.930158586561125,14.311204812469478,80257500
2009-01-15,14.098699569702148,14.14266601745305,13.571098003686803,13.97412680301778,96169800
2009-01-16,14.443099975585938,14.589656604124983,14.032743372411241,14.38447760370384,79634100
2009-01-20,13.54178237915039,14.377153042477548,13.461177480072877,14.259906884635384,89873000
2009-01-21,14.20128345489502,14.25257925663922,13.527125434887214,13.827566683003932,68340900
2009-01-22,12.53787612915039,13.321951123503014,12.508564235167698,13.226688865727294,222436600
2009-01-23,12.6038236618042,12.816329254772437,12.274071916909687,12.435283104598271,117020600
2009-01-26,12.918917655944824,13.050818349722835,12.625805779586843,12.669773609291296,92476500
2009-01-27,12.940905570983887,13.168067170671199,12.772366364689047,13.028839859906647,61695000
2009-01-28,13.21936321258545,13.417212920106024,13.014184133389595,13.04349463175007,64145500
2009-01-29,12.889607429504395,13.160735396528825,12.867623514204697,13.028836097733745,49192800
2009-01-30,12.530548095703125,13.036167083141224,12.530548095703125,12.999527215838159,62370900
2009-02-02,13.065471649169922,13.285305162538354,12.45726410467204,12.479248015075841,88871700
2009-02-03,13.556438446044922,13.637044743518345,12.89693631468981,13.080131428825553,86865100
2009-02-04,13.651701927185059,13.922831363447193,13.556441064409109,13.58575295921283,75618000
2009-02-05,13.952140808105469,14.025417736910414,13.373243566405183,13.563766656167259,75195200
2009-02-06,14.406462669372559,14.604313714422178,13.96679414626264,14.040072466392244,86746000
2009-02-09,14.24524974822998,14.48706719683827,14.113349067594998,14.391804972971878,52196400
2009-02-10,13.776272773742676,14.50905327016873,13.702995842234373,14.10602455620155,83953200
2009-02-11,14.076712608337402,14.281891649664471,13.86420699202354,13.878862937332874,58599000
2009-02-12,14.113349914550781,14.157316344845064,13.585748558016519,13.900842939071108,75323200
2009-02-13,13.988780975341797,14.267236972632979,13.952142506479376,14.120681699515302,47416000
2009-02-17,13.346891403198242,13.649391314341385,13.199329853115678,13.642013096112134,75853300
2009-02-18,13.369022369384766,13.612497874770456,13.28048518231231,13.442801716819154,54946900
2009-02-19,13.214085578918457,13.560853373536645,13.140304807845117,13.501829038128205,49195600
2009-02-20,13.280488014221191,13.420671337290514,13.029634239150255,13.110793227335307,69413800
2009-02-23,12.69761848449707,13.391155311437165,12.660728811604319,13.295241317565521,70803400
2009-02-24,12.668107032775879,12.800912106845006,12.070485606715629,12.564814822833588,122674500
2009-02-25,12.513168334960938,12.719754179007804,12.144265946681415,12.550059418139448,105894600
2009-02-26,12.114753723144531,12.601704732374694,12.114753723144531,12.579570083863926,83219500
2009-02-27,11.915548324584961,12.18853674465675,11.878658644123066,12.01884196293026,93428000
2009-03-02,11.649934768676758,11.989324917565153,11.598288671115037,11.775361608719772,80602100
2009-03-03,11.716341018676758,11.981950509472764,11.539268024812754,11.827012167560909,80476600
2009-03-04,11.893413543701172,12.099997979218337,11.723718080257777,11.893413543701172,69285100
2009-03-05,11.266278266906738,11.716338886999864,11.266278266906738,11.701582455049891,89708500
2009-03-06,11.27365493774414,11.524508633165699,10.971155141603562,11.325301742088511,92821400
2009-03-09,11.177742004394531,11.613046932066906,11.140852328727755,11.214632383686768,66479100
2009-03-10,12.159021377563477,12.262314994696855,11.251521914950304,11.34005839640339,95184200
2009-03-11,12.62384033203125,12.690242875315827,12.122132852659325,12.269692965429865,84522200
2009-03-12,12.55005931854248,12.572193968273927,12.15902228345911,12.55005931854248,93694100
2009-03-13,12.284453392028809,12.5795751207522,11.937685536685251,12.527928994132031,82965800
2009-03-16,11.989330291748047,12.51317112439921,11.98195207346759,12.409878882975319,67028900
2009-03-17,12.468899726867676,12.468899726867676,11.996705147287155,12.040973037310115,62481000
2009-03-18,12.513168334960938,12.7049977457364,12.247559572330314,12.564815851410852,70710700
2009-03-19,12.645975112915039,12.874695637489577,12.483658546951824,12.815671303752852,58994600
2009-03-20,12.586949348449707,13.022254287997146,12.454144260824936,12.77877876310205,81725500
2009-03-23,13.523959159851074,13.715788537460748,12.771398080132517,12.815667372292918,71600000
2009-03-24,13.228838920593262,13.4354233425808,13.162436382882746,13.309997890517412,50044100
2009-03-25,13.191949844360352,13.509206148901216,12.9263410604142,13.265730609387468,73927100
2009-03-26,13.892858505249023,13.929748166888272,13.369017992269692,13.40590765390894,63775100
2009-03-27,13.376398086547852,13.737923614272772,13.317373769067387,13.678899296792306,47670400
2009-03-30,12.89682674407959,13.103412581519976,12.741888421437467,13.088656148720473,49633000
2009-03-31,13.553473472595215,13.863351514646274,13.118168570493708,13.155058243993494,92423300
2009-04-01,14.247010231018066,14.283901315205647,13.413291429892356,13.450181106828966,96438900
2009-04-02,14.232261657714844,14.674943610676669,14.018297494165234,14.387200059801161,99082300
2009-04-03,13.833837509155273,14.12895909456711,13.597740240825807,14.114202663483836,81858400
2009-04-06,13.84122085571289,13.841220855712889,13.479696603658041,13.678904275377421,47476100
2009-04-07,13.84122085571289,14.12158611397438,13.745305425365968,13.841220855712889,65815200
2009-04-08,14.15847110748291,14.475727320490051,13.988774974705404,13.996153189804481,56408900
2009-04-09,14.512616157531738,14.53475080156122,14.180603533342303,14.350299656400548,55759600
2009-04-13,14.453598976135254,14.645428430586025,14.291282394946718,14.527379752039588,44444700
2009-04-14,14.276519775390625,14.424079856042209,14.01828787518705,14.342922304221563,63796300
2009-04-15,13.892858505249023,14.202736447670022,13.65676129335691,14.173223592558314,72725500
2009-04-16,14.579019546508789,14.593775976736431,14.010909648000325,14.136336490434003,67688700
2009-04-17,14.165851593017578,14.527375747311924,14.018290081886844,14.527375747311924,61398500
2009-04-20,13.730545997619629,13.981399709666743,13.701033133966654,13.93713041418728,62937200
2009-04-21,13.996155738830566,14.077314712450722,13.701034117372135,13.71579055025778,60928300
2009-04-22,13.855973243713379,14.15847306841831,13.796948921996584,13.841216811471472,59401000
2009-04-23,13.959266662597656,13.974023096116223,13.627253944684673,13.959266662597656,86116300
2009-04-24,15.427502632141113,15.641466760322356,14.387197681590811,14.623295059410543,168478500
2009-04-27,15.051218032836914,15.361096113244631,14.962682242578145,15.161888474285881,68219600
2009-04-28,14.704450607299805,14.955304364131143,14.601158380575507,14.94054792967023,76685200
2009-04-29,14.940543174743652,15.412737669205482,14.800359906481322,14.837250980892776,79301600
2009-04-30,14.94792652130127,15.567682711672184,14.763475307673048,15.198780284415738,87439900
2009-05-01,14.933164596557617,15.01432355103773,14.65279947410446,14.896274930294236,63224500
2009-05-04,14.896270751953125,15.051208995500476,14.741331101155605,15.029075764850951,54313400
2009-05-05,14.601152420043945,14.933163616373486,14.490480614016962,14.859382881438986,66835500
2009-05-06,14.601152420043945,14.807736789159978,14.468347378611941,14.800358574941482,59639100
2009-05-07,14.254388809204102,14.748718091841143,14.12158371726415,14.726583440767481,68727200
2009-05-08,14.328167915344238,14.490484449361738,14.12158208429855,14.357679372778856,67597600
2009-05-11,14.254388809204102,14.556888670955768,14.025669710446964,14.16585301941147,63762600
2009-05-12,14.674941062927246,14.800367969757879,14.365062905301643,14.394575780909493,71966800
2009-05-13,14.571643829345703,14.75609501705894,14.512619505567502,14.697070693280738,49281700
2009-05-14,14.80036735534668,14.925794256970436,14.608537893613212,14.630672549400218,54539500
2009-05-15,14.918413162231445,15.124999021328254,14.741340171827483,14.85201061492358,61289900
2009-05-18,15.198774337768555,15.198774337768555,14.933164243745733,15.021701410836851,46073800
2009-05-19,15.079975128173828,15.39924613150554,15.035426113998222,15.228473730342689,51368300
2009-05-20,15.131950378417969,15.362123371109329,15.013152054016889,15.154225595313571,47450700
2009-05-21,14.716156005859375,15.020576884254785,14.485984433065026,14.9537526508326,58232800
2009-05-22,14.664190292358398,14.976036421045965,14.456292401170511,14.797838835537144,37318700
2009-05-26,15.102249145507812,15.183923511841376,14.441433392263558,14.508257616320563,44991700
2009-05-27,14.94632625579834,15.295297536380593,14.90177724285569,15.035425697871226,42892900
2009-05-28,15.183935165405273,15.317582299905009,14.886937756680705,15.08741058271321,45480800
2009-05-29,15.510624885559082,15.547750257384788,15.072555411332669,15.265603096261946,46134900
2009-06-01,15.889297485351562,15.963546823582638,15.488353324805097,15.592301548615598,57317100
2009-06-02,15.889297485351562,16.319941947665793,15.740800225077749,15.859598599772134,48935700
2009-06-03,16.134319305419922,16.15659453173917,15.80762448320096,15.822473217892124,56039600
2009-06-04,16.208560943603516,16.260535030802657,16.02293839435648,16.16401192831677,42330000
2009-06-05,16.43874168395996,16.564965144551216,16.193719838834408,16.30509314731176,59579200
2009-06-08,16.371915817260742,16.572388602661075,16.060069734256334,16.319941706124727,49000600
2009-06-09,16.394187927246094,16.572385452780633,16.245689281206623,16.379337779404537,50887700
2009-06-10,16.743162155151367,16.795137685792373,16.423892392629917,16.4610163554708,61297200
2009-06-11,16.951053619384766,17.270324677367462,16.758005969995512,16.772856115991885,65124600
2009-06-12,17.322301864624023,17.35942582005463,16.884232392839895,17.003030749643578,50963500
2009-06-15,17.389131546020508,17.47823104953309,17.092135561292842,17.248057922204154,69089600
2009-06-16,17.41139793395996,17.90144141395022,17.403972861088857,17.42624666351433,105295600
2009-06-17,17.582176208496094,17.686124430884536,17.203505863267516,17.448527684746207,86483100
2009-06-18,17.44852066040039,17.5895942026979,17.300022045751675,17.537620112427174,58852200
2009-06-19,17.871740341186523,18.072213051379013,17.634143684449253,17.84946653973477,115459000
2009-06-22,17.28517723083496,17.782645861497727,17.262902008737917,17.782645861497727,71291600
2009-06-23,17.32972526550293,17.567321956166772,17.23320072480325,17.35942414374192,56752700
2009-06-24,17.426244735717773,17.634142504546308,17.34457177554645,17.41139600780606,54287700
2009-06-25,17.663846969604492,17.760370096699436,17.22577752839847,17.39654997736,57724300
2009-06-26,17.3371524810791,17.589599350145722,17.314877257506815,17.50049987204473,65126400
2009-06-29,17.71582794189453,17.842051413172477,17.485654813206846,17.522780196634816,62854900
2009-06-30,17.648998260498047,17.997968260669815,17.54504863493707,17.797495500146653,66452400
2009-07-01,17.849470138549805,18.04251639893004,17.79006954620134,17.856893796405295,54908400
2009-07-02,17.35200309753418,17.849471774543524,17.233203318136724,17.64157393083322,65422200
2009-07-06,17.225778579711914,17.28517775759279,16.98075679392978,17.23320223778243,49207700
2009-07-07,16.728302001953125,17.18121998746749,16.6763265067876,17.136670979227333,52842500
2009-07-08,16.750581741333008,16.84710627898702,16.334787545790952,16.564959155585385,73023400
2009-07-09,16.661487579345703,16.93620827726248,16.609513469804057,16.817409907970642,46981200
2009-07-10,16.624361038208008,16.735735740774814,16.44616349676456,16.47586379509922,43229200
2009-07-13,17.248050689697266,17.29260113086681,16.43873608556087,16.646633895788153,67584000
2009-07-14,17.158958435058594,17.240631439077998,16.97333578272326,17.22578270319439,45448700
2009-07-15,17.90886688232422,17.90886688232422,17.493071289486824,17.63414484477765,67238700
2009-07-16,18.146467208862305,18.146467208862305,17.71582279942345,17.767796904947218,64555100
2009-07-17,18.035093307495117,18.153891663546958,17.894019728613014,18.116766292163188,52860100
2009-07-20,18.213294982910156,18.213294982910156,17.93114776099134,18.146470715412985,47798000
2009-07-21,18.436037063598633,18.436037063598633,18.094492150323678,18.332088858025923,52028400
2009-07-22,18.41376304626465,18.48801237632785,18.198441546888365,18.33951513238963,66192500
2009-07-23,18.978057861328125,19.096856234780233,18.443465180793645,18.510289442883995,106060500
2009-07-24,17.41139793395996,17.738092643161572,16.93620318352407,17.530196267521973,215135700
2009-07-27,17.158958435058594,17.411405355529727,17.00303467067892,17.403980279493698,80950000
2009-07-28,17.426244735717773,17.485643895927684,17.003025542198692,17.0698497744583,70288400
2009-07-29,17.6712703704834,17.752944764968827,17.329725477522505,17.619296270788304,73626900
2009-07-30,17.678693771362305,18.139038383737166,17.60444445760018,17.96826595341579,67820000
2009-07-31,17.4633731842041,17.871742305840126,17.448523037478587,17.64899576970919,54258200
2009-08-03,17.693544387817383,17.71581960739467,17.448522637218847,17.686119314624953,46902900
2009-08-04,17.648998260498047,17.66384840931935,17.47080072320684,17.58217400699033,49218300
2009-08-05,17.678693771362305,18.005389902202918,17.663845041560176,17.700968990347302,53310300
2009-08-06,17.418821334838867,17.80491662133932,17.277749200923097,17.767792673716816,59686000
2009-08-07,17.49307632446289,17.686124030375723,17.44852728961786,17.634149920358478,46169700
2009-08-10,17.389131546020508,17.48565470998629,17.300032042507926,17.41883043639899,35261900
2009-08-11,17.173803329467773,17.37427608903297,17.114404150654547,17.31487691021974,33615800
2009-08-12,17.47080421447754,17.745524941629633,17.09955891688617,17.173806843453708,61972300
2009-08-13,17.537622451782227,17.70839489007628,17.374273670641887,17.54504610893594,38954500
2009-08-14,17.589595794677734,17.671268765557528,17.455947312635328,17.537621699702992,46330200
2009-08-17,17.262903213500977,17.52277515801712,17.2480530643999,17.31487731916657,42474400
2009-08-18,17.60637092590332,17.65863727856502,17.374905039479533,17.38983868999753,38878900
2009-08-19,17.65863037109375,17.71089670331059,17.35996459831842,17.35996459831842,41821300
2009-08-20,17.673572540283203,17.82290621077451,17.576506651369858,17.621306182856678,39505900
2009-08-21,18.226099014282227,18.233565837834263,17.748233700159773,17.867700028690386,69011400
2009-08-24,18.397829055786133,18.465029034005383,18.129030567059907,18.226096411070618,54180900
2009-08-25,18.397829055786133,18.532229012224633,18.263429099347636,18.367963189994672,43980300
2009-08-26,18.33063316345215,18.479966798148126,18.233567297805525,18.360500460051778,41079000
2009-08-27,18.435157775878906,18.50235773444198,18.143957480722136,18.226091079888192,45495600
2009-08-28,18.427692413330078,19.03249066409094,18.375426091235376,18.718891307372257,55808000
2009-08-31,18.405298233032227,18.554631853547473,18.136499709916112,18.345565069656317,49592800
2009-09-01,17.919965744018555,18.472497850227683,17.84529893525496,18.181298862615677,62608500
2009-09-02,17.815439224243164,18.02450465206472,17.755706041415376,17.78557192075356,40771300
2009-09-03,18.002098083496094,18.02449712761124,17.740764983663077,17.852764476691277,34120000
2009-09-04,18.38290023803711,18.51729879520491,17.979700294080608,17.987167117948438,44999700
2009-09-08,18.532230377197266,18.547164023268305,18.226097753495363,18.38289818893951,53737100
2009-09-09,18.50235939025879,18.629292498442968,18.420225783742417,18.472492106379935,49900300
2009-09-10,18.666627883911133,18.70396057001868,18.40529480870624,18.517294291179567,46256000
2009-09-11,18.562103271484375,18.793569158839645,18.524769145039137,18.614369624356407,54303500
2009-09-14,18.666627883911133,18.73382785822527,18.397827986654594,18.40529480870624,42806800
2009-09-15,18.81595802307129,18.86822434368892,18.562091816513867,18.644223995705673,44716600
2009-09-16,18.81595802307129,18.927957484987697,18.629291778493798,18.853290702326618,50055800
2009-09-17,18.89063262939453,18.95036579993538,18.711433117771985,18.711433117771985,42428800
2009-09-18,18.860759735107422,19.02502553690751,18.741293438498158,19.010091893793703,68016500
2009-09-21,18.89063262939453,18.942900399750005,18.741300415117973,18.74876723945447,28878700
2009-09-22,19.241567611694336,19.27890031186291,18.883168563131644,18.965300788332748,61376700
2009-09-23,19.19676971435547,19.59996977620145,19.14450335614983,19.353570213123835,60599900
2009-09-24,19.36849021911621,19.495423324249547,19.159423509440586,19.353556577535713,56302900
2009-09-25,19.077306747436523,19.278906814305977,19.054907689441055,19.181840906638296,50158900
2009-09-28,19.286367416381836,19.532766943860416,19.114634714474303,19.114634714474303,44358000
2009-09-29,19.22662353515625,19.38342249981191,19.181824034418984,19.34608981988926,39050300
2009-09-30,19.20423126220703,19.405831237721145,18.950364942852456,19.234098558202184,63533400
2009-10-01,18.577030181884766,19.017562778816096,18.517297020817004,18.972763264053,75958100
2009-10-02,18.63676643371582,18.733833726643102,18.241034710069442,18.26343375909025,51219700
2009-10-05,18.397829055786133,18.711428479425706,18.308230034260983,18.651695323692014,60804900
2009-10-06,18.748769760131836,18.82343516523294,18.41276974057161,18.427703391252354,48795300
2009-10-07,18.741302490234375,18.801035667389133,18.577035184945327,18.659168837589853,38472700
2009-10-08,19.166898727416992,19.338631408378962,18.830898765403507,18.995166046455022,60521300
2009-10-09,19.077306747436523,19.256507756310505,19.010106725146706,19.092240402201305,39520000
2009-10-12,19.20423126220703,19.33116442188432,19.077298102529742,19.15943174236536,29145800
2009-10-13,19.27143096923828,19.368498255636943,19.054898773077714,19.107165116145744,37749000
2009-10-14,19.383434295654297,19.562635255957503,19.278901588936854,19.517834303806044,45365500
2009-10-15,19.943435668945312,19.943435668945312,19.338636987005525,19.338636987005525,65620100
2009-10-16,19.7866268157959,19.883692660341385,19.487961035481963,19.7492941273132,56500900
2009-10-19,19.682100296020508,19.846366170460524,19.599966646724887,19.77916617088251,48143200
2009-10-20,19.68956756591797,19.794100268001507,19.36850121048853,19.72690026690459,54604700
2009-10-21,19.846363067626953,19.973296222079103,19.70449626579196,19.756762607480905,61672700
2009-10-22,19.853832244873047,19.9508981160661,19.510365435106735,19.83143177114334,61600000
2009-10-23,20.92155647277832,21.914621000187964,20.817022390211065,21.802621519862946,281761000
2009-10-26,21.414358139038086,21.668224420675845,20.988759203395627,21.00369142502367,124149700
2009-10-27,21.34716033935547,21.563692528680576,21.23516083286655,21.45169302219166,69685800
2009-10-28,20.92155647277832,21.481555298554074,20.869290143570023,21.085822282311636,73542400
2009-10-29,21.070894241333008,21.212761047014688,20.794628878014564,20.958894731226852,65225500
2009-10-30,20.70502471923828,21.20529043761409,20.65275838546258,20.929025123613727,73371800
2009-11-02,20.8170223236084,20.94395544734415,20.46609023993928,20.68262380213877,62428900
2009-11-03,20.55569839477539,20.712497440759172,20.481031572051652,20.637830618035434,50294800
2009-11-04,20.951433181762695,21.197832735686635,20.622901392631704,20.675167748895664,63898400
2009-11-05,21.257556915283203,21.45915685334051,21.115691558117657,21.294891028340555,52681700
2009-11-06,21.29489517211914,21.37702738852585,21.055962498661316,21.19036105936804,38908500
2009-11-09,21.645822525024414,21.653289347421616,21.302357239657674,21.369557217081734,57518000
2009-11-10,21.660764694213867,21.862364705823875,21.511431035802456,21.57863103967246,65881100
2009-11-11,21.74289894104004,21.877297528289798,21.668232109800382,21.713031638883635,49693400
2009-11-12,21.922100067138672,22.019165957865006,21.653300024894275,21.66076685097345,55352400
2009-11-13,22.12369728088379,22.24316506647266,21.92956551166137,22.004230919446286,53037600
2009-11-16,22.056495666503906,22.25062740903818,21.9295624969077,22.10876201442861,54129500
2009-11-17,22.49897003173828,22.49897003173828,22.10148771288368,22.123987197875977,75648900
2009-11-18,22.581472396850586,22.603970457059816,22.356481781633846,22.498975694893147,59431200
2009-11-19,22.333986282348633,22.498978274735954,22.2739890641672,22.49147844365746,51967700
2009-11-20,22.213987350463867,22.326481932982322,22.0714934497025,22.24398523826055,42647100
2009-11-23,22.453969955444336,22.506467317382768,22.27397838717864,22.378973111055505,41832700
2009-11-24,22.43147087097168,22.491468061458043,22.31147648999895,22.46147018143779,37341400
2009-11-25,22.341480255126953,22.393977628464228,22.18398670466899,22.356478482904645,32033500
2009-11-27,21.913990020751953,22.041484204974264,21.561506772817605,21.831494793628515,29357900
2009-11-30,22.056493759155273,22.086493077355442,21.749007899834687,21.861502482192865,44172000
2009-12-01,22.5064754486084,22.536473338934186,22.056495650150822,22.13899235182784,49904200
2009-12-02,22.333986282348633,22.49147844365746,22.23648990877473,22.42398139439753,36308600
2009-12-03,22.37148094177246,22.648968931867014,22.31898356186314,22.37898077182327,43095200
2009-12-04,22.483976364135742,22.77646402516158,22.371481770101052,22.53647374598884,58810700
2009-12-07,22.341480255126953,22.55896957758797,22.258983565342014,22.33398042601504,38082700
2009-12-08,22.176488876342773,22.303983121855733,22.033994971252696,22.13899115784625,37402200
2009-12-09,22.281476974487305,22.356473819516566,21.936493489976886,22.101485404684585,44713300
2009-12-10,22.4014835357666,22.468979155195143,22.24398994257593,22.281487667863622,45940200
2009-12-11,22.38648223876953,22.49897683686457,22.341484685620802,22.476477345066993,43744200
2009-12-14,22.581472396850586,22.61897011749687,22.423978823154233,22.431478653372757,34651200
2009-12-15,22.51397705078125,22.656469544324825,22.408980850261322,22.416480681044636,49473200
2009-12-16,22.573970794677734,22.80645979141732,22.52897324734503,22.55147130578826,55737800
2009-12-17,22.19898796081543,22.468974676047843,22.176488471860125,22.46147627684232,43691200
2009-12-18,22.768962860107422,22.836459898660806,22.34898096900941,22.37898028856482,94118000
2009-12-21,22.88895606994629,23.128944891943984,22.77646148844065,22.798959546474048,40129100
2009-12-22,23.11394500732422,23.196441700497942,22.903955505349217,22.948953051422976,36321000
2009-12-23,23.188940048217773,23.21143953470909,23.016448276455947,23.03144650367074,28362700
2009-12-24,23.248939514160156,23.248939514160156,23.068947896026657,23.158942989870294,11083900
2009-12-28,23.376434326171875,23.383934155916204,23.166443384669446,23.248940081410804,25384000
2009-12-29,23.541423797607422,23.62392048561741,23.42142939529077,23.511425912251312,29716200
2009-12-30,23.21893882751465,23.466428897114472,23.09894442249748,23.36143271988984,42006200
2009-12-31,22.858959197998047,23.241441960401797,22.858959197998047,23.233942130106072,31929700
2010-01-04,23.21143913269043,23.323933702306444,22.94145102125514,22.96395050735677,38409100
2010-01-05,23.21893882751465,23.32393500473928,22.978950017480308,23.136443568094183,49749600
2010-01-06,23.07645034790039,23.30893936893614,22.888958878899796,23.15894562155711,58182400
2010-01-07,22.836456298828125,23.023947725155296,22.641465043794337,22.971448924208996,50559700
2010-01-08,22.993947982788086,23.15893991992762,22.678962335197316,22.708961649465977,51197400
2010-01-11,22.701459884643555,23.06894287041505,22.588965326623043,23.031443730777603,68754700
2010-01-12,22.551469802856445,22.79895844236192,22.43147539766871,22.611467005450315,65912100
2010-01-13,22.761463165283203,22.88895741325766,22.50647466933429,22.693966126329297,51863500
2010-01-14,23.21893882751465,23.32393500473928,22.693963663176064,22.731461378326625,63228100
2010-01-15,23.143945693969727,23.428932076555416,23.031449676461886,23.308937659630253,79913200
2010-01-19,23.32392692565918,23.428921636068978,23.00894136398414,23.061438719189038,46575700
2010-01-20,22.941450119018555,23.203938391430214,22.731459215000026,23.106442052603537,54849500
2010-01-21,22.5064754486084,23.038950518296648,22.498975618415365,22.956455247065975,73086700
2010-01-22,21.719013214111328,22.648972250421533,21.6290181012081,22.49897848832078,102004600
2010-01-25,21.989004135131836,22.24399270399326,21.824012120758383,21.929006908955426,63373000
2010-01-26,22.123991012573242,22.386479327625224,21.816505150224025,21.899001845640825,66639900
2010-01-27,22.251482009887695,22.363976576946467,21.764004599002334,22.011493218710044,63949500
2010-01-28,21.869007110595703,22.401483681923523,21.666515959649352,22.378984188336194,117513700
2010-01-29,21.134037017822266,22.438977371817202,20.744054448459284,22.42397771212333,193888500
2010-02-01,21.30652618408203,21.359023556086974,20.939043149601325,21.291526526238876,85931100
2010-02-02,21.344026565551758,21.374025884987006,21.104037731854888,21.27653095771501,54413700
2010-02-03,21.471519470214844,21.59151531000941,21.089038184445787,21.19403293501406,61397900
2010-02-04,20.879047393798828,21.37402469331355,20.856547905476813,21.28402817047169,77850000
2010-02-05,21.014039993286133,21.209031253768877,20.6765548442879,20.999040335453746,80960100
2010-02-08,20.78904914855957,21.05903726427011,20.676554577162204,21.00653989298108,52820600
2010-02-09,21.00653839111328,21.254027002671656,20.811547147090625,20.97653907798088,59195800
2010-02-10,20.99154281616211,21.179034268357675,20.87904823093402,21.021542135127604,48591300
2010-02-11,21.089040756225586,21.299030282970072,20.774055035662485,20.946546841330136,65993700
2010-02-12,20.946542739868164,21.044037653845663,20.684054452388008,20.856546224280706,81117200
2010-02-16,21.360944747924805,21.376014542191978,21.112298891055193,21.195179885255275,51935600
2010-02-17,21.541784286499023,21.586992245426543,21.368485912997617,21.496576327571507,45882900
2010-02-18,21.828102111816406,21.87331150546806,21.48150538329724,21.54178313769775,42856500
2010-02-19,21.677410125732422,21.790430744357636,21.61713236665663,21.692479924785154,44451800
2010-02-22,21.647275924682617,21.80550597991563,21.58699815057849,21.7301584030016,36707100
2010-02-23,21.345882415771484,21.722618781342554,21.16504913275359,21.609598159098272,52266200
2010-02-24,21.571922302246094,21.692479253803803,21.38355413131887,21.489041284289982,43165900
2010-02-25,21.549320220947266,21.586993282340607,21.11230609796268,21.300674279199747,48735300
2010-02-26,21.6020565032959,21.73768178242636,21.48150101898765,21.586986708473685,40370600
2010-03-01,21.865779876708984,21.88838313978026,21.49657839614728,21.677411686393715,43805400
2010-03-02,21.443836212158203,22.07675350905686,21.278072705688704,21.910990002587358,93123900
2010-03-03,21.443836212158203,21.556858287210765,21.360955177491146,21.481510716220853,48442100
2010-03-04,21.571922302246094,21.586992100832695,21.30067311336276,21.44383188853018,42890600
2010-03-05,21.541784286499023,21.609596943457856,21.413693871925137,21.594527144770314,56001800
2010-03-08,21.571922302246094,21.797964969639818,21.47397148570338,21.489041284289982,39414500
2010-03-09,21.700010299682617,21.93358784036096,21.51164214973004,21.519177048184336,50271600
2010-03-10,21.828102111816406,21.933589259868565,21.700011704073447,21.7452210977251,44891400
2010-03-11,21.98634910583496,21.993884010599693,21.737702997143412,21.767841179066195,35349700
2010-03-12,22.05414390563965,22.13702491648763,21.880845548161634,22.091816961740097,31700200
2010-03-15,22.069215774536133,22.12949353223601,21.858242904019008,21.986333318773134,37512000
2010-03-16,22.129499435424805,22.219915377526114,22.001408986501712,22.167172505111104,36723500
2010-03-17,22.32539939880371,22.506234143316604,22.152100992208844,22.227448562899987,50385700
2010-03-18,22.310325622558594,22.393206636792566,22.22744317118959,22.325393983333388,43845200
2010-03-19,22.295255661010742,22.52883177835854,22.114422398825187,22.423346068034054,81332100
2010-03-22,22.302793502807617,22.378141064610947,22.14456347930711,22.22744594100429,37718200
2010-03-23,22.513769149780273,22.528838952378276,22.159637411540064,22.295262760651138,42026600
2010-03-24,22.340469360351562,22.491164502812993,22.3027962933039,22.393212229072446,33987700
2010-03-25,22.611719131469727,23.033663501382648,22.4534890945428,22.476093796142454,73168700
2010-03-26,22.347997665405273,22.754873567684644,22.295254812250903,22.671991120079227,55595500
2010-03-29,22.295255661010742,22.46855402429669,22.265116065412307,22.385671573536012,33336000
2010-03-30,22.430885314941406,22.498697981047687,22.22744731662256,22.325398147034246,34954800
2010-03-31,22.069215774536133,22.393207823963532,21.978798419418762,22.332930066263657,63760000
2010-04-01,21.971269607543945,22.25759011379921,21.564394989622652,22.114429860671578,74768100
2010-04-05,22.05414390563965,22.17469940972305,21.87331064951455,21.948656761715448,34331200
2010-04-06,22.091829299926758,22.287732462757056,21.835648351389892,21.963738825658325,47366800
2010-04-07,22.114431381225586,22.272660010981337,21.95620131433423,21.971271118254474,58318800
2010-04-08,22.543912887573242,22.589120866518993,22.076758981348007,22.091828786708504,63713800
2010-04-09,22.86035919189453,22.91310204485949,22.528830839798445,22.566505332726955,54752500
2010-04-12,22.84528923034668,22.97337963111206,22.762406783635274,22.79254637776122,37068800
2010-04-13,22.94324493408203,22.98091799528581,22.70213245611828,22.71720225545386,41374600
2010-04-14,23.22203254699707,23.357657887251808,23.10147700835628,23.199429281711538,68941200
2010-04-15,23.25971031188965,23.31998808966059,23.13915331921218,23.22203580257307,52745400
2010-04-16,23.1090087890625,23.342584934000445,23.056265927670243,23.19942614940294,88703100
2010-04-19,23.38779067993164,23.546019239395594,23.176817830178067,23.18435272879087,64970300
2010-04-20,23.62890625,23.689184013407743,23.455606422709394,23.523419086185015,52199500
2010-04-21,23.606304168701172,23.734394609795004,23.530956596798553,23.606304168701172,55343100
2010-04-22,23.651508331298828,23.75699548984305,23.282306869231977,23.3877940277762,84847600
2010-04-23,23.327516555786133,23.794670311261278,23.0939403966162,23.448073522630747,126766600
2010-04-26,23.440540313720703,23.568630752921074,23.25217210531635,23.357657842139467,63649300
2010-04-27,23.244632720947266,23.546021508833313,23.16928516469198,23.319980277202554,68730900
2010-04-28,23.289844512939453,23.35765718101646,23.071338144685484,23.297379413518605,64557900
2010-04-29,23.357656478881836,23.681650008369264,23.109010515785602,23.30491361354859,52665200
2010-04-30,23.011062622070312,23.41793723309033,22.995992819441856,23.4104023317761,63214800
2010-05-03,23.252172470092773,23.40286617689909,23.041199556001455,23.109012227061687,43989500
2010-05-04,22.702129364013672,23.018587921282286,22.415810401311102,22.995984662492724,82085600
2010-05-05,22.491165161132812,22.671998475098313,22.370609618489144,22.430887389810977,66833800
2010-05-06,21.835643768310547,22.513769074461806,21.029428014775732,22.29526268606367,128613000
2010-05-07,21.25546646118164,21.813037583774364,20.584876146006586,21.79796778324261,173718100
2010-05-10,21.805500030517578,22.212374535425177,21.632200219757664,21.858242888826425,86653300
2010-05-11,21.760292053222656,22.340466406718306,21.526715906710393,21.609598367819828,63789400
2010-05-12,22.182235717773438,22.287721431264966,21.79042958604053,21.835637543660464,47146800
2010-05-13,22.031539916992188,22.4007413397422,21.98633196079331,22.046609714770153,45188800
2010-05-14,21.797962188720703,22.00893359347763,21.579454448496847,22.00140013228052,63334000
2010-05-17,21.805500030517578,22.024006363102096,21.436298585220552,21.941125344531812,46053300
2010-05-18,21.646556854248047,21.949305608398525,21.495181755362843,21.850912804657096,52690600
2010-05-19,21.37407875061035,21.71467194547077,21.03348699936963,21.586003565592357,61746700
2010-05-20,20.51881980895996,21.071336545608467,20.465838949777247,20.927530325240998,87991100
2010-05-21,20.314464569091797,20.51882055648734,20.011715760146654,20.155520542132976,117596300
2010-05-24,19.883047103881836,20.32960213322275,19.875478203294,20.322033232634915,73711700
2010-05-25,19.731672286987305,19.928459374478397,19.20942968724634,19.41378567544327,98373600
2010-05-26,18.929384231567383,20.14038070155218,18.5887909781398,19.852768300075567,176684100
2010-05-27,19.678691864013672,19.951166521012336,19.474335871264675,19.474335871264675,136433600
2010-05-28,19.52731704711914,19.769517548126878,19.421355320417177,19.557592651102702,67496900
2010-06-01,19.595436096191406,19.91332272614259,19.31539397196077,19.322962873104878,76152400
2010-06-02,20.026851654052734,20.041989455054445,19.474334910071725,19.724102852119316,65718800
2010-06-03,20.329608917236328,20.382589795410762,19.989015495228312,20.094977251577177,67837000
2010-06-04,19.519742965698242,20.11010260683601,19.39107457967236,19.754373042467872,89832200
2010-06-07,19.14130973815918,19.550020212641655,19.10346524002747,19.542451313015313,80456200
2010-06-08,19.00507164001465,19.11860224243795,18.65690948981393,19.111033343127072,87355000
2010-06-09,18.762874603271484,19.315391318301,18.732599002854485,19.08832864603374,87794000
2010-06-10,18.921817779541016,19.035348397494236,18.7553063027843,19.02021059680177,78930900
2010-06-11,19.421354293823242,19.4667662537779,18.74773802061847,18.9520940058447,68057700
2010-06-14,19.300260543823242,19.648421413636672,19.27755383524474,19.572735272282873,50972400
2010-06-15,20.1176700592041,20.17065090076771,19.481897073201473,19.489465971084798,81641500
2010-06-16,19.920888900756836,20.117675972709,19.852770243403388,20.034419515139216,48698000
2010-06-17,19.958730697631836,20.18579189563825,19.708962802376824,20.102535449346615,47995500
2010-06-18,20.011714935302734,20.0798335949602,19.807358956330347,19.958734076373627,52075600
2010-06-21,19.640840530395508,20.352299589477656,19.595427144277362,20.269044602166968,54625300
2010-06-22,19.504610061645508,20.01928373485679,19.497041161319444,19.799789956261336,55985400
2010-06-23,19.15644645690918,19.512177527990264,19.088327802600887,19.512177527990264,61466200
2010-06-24,18.921817779541016,19.46676561188855,18.86883692073752,19.269978533746908,85243400
2010-06-25,18.56608772277832,19.005073828008793,18.399574806008765,18.959660426915224,156256700
2010-06-28,18.39957618713379,18.626638878785315,18.255771403736716,18.55095131490147,73784800
2010-06-29,17.6427059173584,18.316323742701066,17.491332211916983,18.26334142999514,119882100
2010-06-30,17.415634155273438,17.92273872270819,17.37022221533557,17.635126401322754,81050500
2010-07-01,17.529172897338867,17.650272422697807,17.20371738157914,17.47619203544686,92239400
2010-07-02,17.6124267578125,17.771369319983716,17.44591385235313,17.680545411205877,62485100
2010-07-06,18.02869987487793,18.233055764108215,17.847050676768625,17.93787599763303,73592000
2010-07-07,18.392005920410156,18.40714372078668,17.8697648000009,18.028707373094125,79965300
2010-07-08,18.475263595581055,18.63420762276191,18.142239183466085,18.619069821388457,50758100
2010-07-09,18.36929702758789,18.475258722010132,18.278471686926103,18.414708976108876,53806100
2010-07-12,18.793155670166016,18.838567643869062,18.482837869890723,18.490406772778,49854200
2010-07-13,19.02021026611328,19.148878682521914,18.846129892036927,19.02777916632792,61928700
2010-07-14,19.254838943481445,19.383507340521664,19.012639947551598,19.300250894313322,72808100
2010-07-15,19.307825088500977,19.368374854089026,18.906681989217457,19.300256187349934,56934700
2010-07-16,18.83855438232422,19.40620870667986,18.830985484765126,19.307815925650836,65064800
2010-07-19,19.09589385986328,19.148874706745517,18.853694877761743,18.89153792735768,38181800
2010-07-20,19.28510856628418,19.28510856628418,18.694749013279687,18.81584848279956,45530700
2010-07-21,19.012645721435547,19.41378738890821,18.906682545821738,19.375944325659205,73297300
2010-07-22,19.557594299316406,19.671124936582036,19.27755071334883,19.307826319883866,73016400
2010-07-23,19.53487777709961,19.693821744289995,19.111029603958002,19.557584470589564,108520100
2010-07-26,19.754379272460938,19.83006683698474,19.527316578889533,19.572729983775943,67249900
2010-07-27,19.799779891967773,19.860329620178526,19.6484048496312,19.784642099010238,60672100
2010-07-28,19.640840530395508,19.822489744009225,19.55001520177884,19.731664415392554,69704800
2010-07-29,19.701396942138672,19.98900793355072,19.375941449474965,19.777083057401764,69446200
2010-07-30,19.53487777709961,19.557584470589564,19.186717138638205,19.489465833739352,83534800
2010-08-02,19.928457260131836,19.966300316025777,19.48947117110989,19.671120437916898,55044600
2010-08-03,19.799779891967773,19.94358603782558,19.655973746109968,19.830055477882848,56877700
2010-08-04,19.474336624145508,19.860341921943228,19.254844264782268,19.792223255060083,78531900
2010-08-05,19.201862335205078,19.3608049200365,19.080761366869446,19.292686256931546,64922100
2010-08-06,19.338098526000977,19.345667426868847,18.9369568853454,19.058056411990883,55982100
2010-08-09,19.38351058959961,19.474334506487327,19.20186131220404,19.33809718753562,57096500
2010-08-10,18.974796295166016,19.17915224841818,18.83099009358635,19.171583349006625,87257700
2010-08-11,18.815853118896484,18.846127271926022,18.588790474885386,18.679615821213808,76746900
2010-08-12,18.535812377929688,18.67961859613765,18.43741956144221,18.48283151954257,70240500
2010-08-13,18.46769142150879,18.672047372967857,18.346591919226366,18.42984836840301,45263500
2010-08-16,18.54338836669922,18.62664485805934,18.39201319033912,18.437426609419553,40909700
2010-08-17,18.802085876464844,18.992313381251357,18.718386761256845,18.802085876464844,52912600
2010-08-18,18.88578987121582,18.984709004400578,18.57381682284103,18.779262913620805,46818900
2010-08-19,18.596647262573242,18.824919761294414,18.421636798811114,18.733611342334406,54064600
2010-08-20,18.436853408813477,18.56620819813797,18.41402703214039,18.49772616547671,49560100
2010-08-23,18.474899291992188,18.74882596395003,18.444462188818562,18.596644802044775,51643000
2010-08-24,18.29228401184082,18.528165794643684,18.261846903700476,18.33032894569505,66522500
2010-08-25,18.337936401367188,18.429244814076874,18.162927400906078,18.261845089895083,47404800
2010-08-26,18.124874114990234,18.40641142479143,18.102047746168854,18.330320142305663,49105300
2010-08-27,18.208581924438477,18.277063960824165,17.888999571745625,18.170535542379163,60939400
2010-08-30,17.9879207611084,18.12488486051929,17.95748510086229,18.064012088705713,45453100
2010-08-31,17.858556747436523,18.056393516830497,17.7444205404494,17.957475857793817,66074600
2010-09-01,18.18575096130371,18.2237973368066,17.911824314287045,18.0107419879529,65235900
2010-09-02,18.216182708740234,18.22379198160477,18.041172335496746,18.17052707155303,48837100
2010-09-03,18.482505798339844,18.604251290149907,18.41402377778159,18.444459425073735,64189100
2010-09-07,18.23140525817871,18.490114807699918,18.200969608934304,18.337933658836217,51928700
2010-09-08,18.208581924438477,18.41402803359554,18.064008575255237,18.3151088915624,65512400
2010-09-09,18.269460678100586,18.421641902300923,18.254242120284086,18.40642479580598,46028900
2010-09-10,18.14771270751953,18.28467680703099,18.102058491456166,18.246630417543717,58284300
2010-09-13,19.106454849243164,19.24341891217008,18.330326126871295,18.414026710064626,114680400
2010-09-14,19.04558563232422,19.289076699959065,18.93905720174304,19.05319490960296,87160400
2010-09-15,19.114070892333984,19.190160775280585,18.961888223797807,19.09885233521607,56201900
2010-09-16,19.27385711669922,19.30429422418968,19.0608017182295,19.068410995102113,44548300
2010-09-17,19.19015121459961,19.42603437844403,19.08362427048972,19.327115257781333,70341600
2010-09-20,19.349950790405273,19.418432839276907,19.106459706115626,19.23581452605967,49838700
2010-09-21,19.13689422607422,19.342340360451416,19.083630735973745,19.342340360451416,52675700
2010-09-22,18.725994110107422,18.999920701935444,18.53576662488104,18.939047964715826,94299400
2010-09-23,18.589038848876953,18.710784380690473,18.53577536012369,18.64991161478371,46201800
2010-09-24,18.85535430908203,18.870571409295707,18.703171696377648,18.74882589966058,51948800
2010-09-27,18.817310333251953,19.01514717450341,18.71078336154776,18.90862020279922,43603300
2010-09-28,18.779266357421875,18.9466661002439,18.528166017528232,18.870574780298902,56041200
2010-09-29,18.642305374145508,18.764050925789313,18.566214041537766,18.741223090610553,44318900
2010-09-30,18.634689331054688,18.89339889721232,18.535771650498383,18.725999187301294,61262700
2010-10-01,18.55098533630371,18.885786145829744,18.490112593782676,18.847741225999346,62672300
2010-10-04,18.193357467651367,18.254230207871256,18.094439809039276,18.23140238604357,98143400
2010-10-05,18.52816390991211,18.60425522120157,18.193363011031124,18.307499252304787,78152900
2010-10-06,18.589038848876953,18.672739446244204,18.360764888235686,18.5053382515097,50489700
2010-10-07,18.66512680053711,18.832526513739246,18.474899259994288,18.7336088312382,50096100
2010-10-08,18.69556427001953,18.75643703085877,18.543383093581983,18.733610652619742,41327800
2010-10-11,18.710784912109375,18.824921170011066,18.642302867104107,18.824921170011066,27587800
2010-10-12,18.893404006958008,18.969495332522357,18.589040156021934,18.756439911206442,50141500
2010-10-13,19.281469345092773,19.43365200319818,18.9390590900163,19.037978253181233,75336500
2010-10-14,19.197757720947266,19.28145828000397,19.02274878048375,19.243413362971225,51949100
2010-10-15,19.43364906311035,19.441256888675397,19.197765833601256,19.296684981800855,68954800
2010-10-18,19.64670753479004,19.745626705768277,19.365171481775217,19.471698480070394,48330500
2010-10-19,19.098844528198242,19.304290611345625,18.984708299112217,19.22819930818131,66150900
2010-10-20,19.258636474609375,19.32711850771577,19.09884603157512,19.220591545692937,56283600
2010-10-21,19.342330932617188,19.433640764941256,19.06079361332848,19.327112385343085,50032400
2010-10-22,19.311901092529297,19.433648065135472,19.228201953721488,19.418429512144563,25837900
2010-10-25,19.16732406616211,19.28906955488245,19.152105517241893,19.205368987141952,50912400
2010-10-26,19.707571029663086,19.760834503721828,19.068406438316536,19.114062088641873,69304200
2010-10-27,19.82170867919922,19.867364332809924,19.49451853624803,19.62387331883652,64805500
2010-10-28,19.99671745300293,20.072807300053316,19.722789359394966,19.943452528218533,80730300
2010-10-29,20.293472290039062,20.696755162831497,20.148898965631084,20.65870878729212,114193200
2010-11-01,20.506526947021484,20.711971562717252,20.316299429707076,20.453262023063996,61912100
2010-11-02,20.84132957458496,20.864157402689226,20.559793617904027,20.590229270722045,54402100
2010-11-03,20.56740951538086,20.917427617737907,20.51414456598953,20.89459978228448,110255300
2010-11-04,20.651103973388672,20.871768645224197,20.552186278259015,20.85655009172082,93599300
2010-11-05,20.43044090270996,20.689150508880143,20.186949850154768,20.673931955265154,110953700
2010-11-08,20.399993896484375,21.9674693265108,20.224984968797685,20.301076248628558,71670800
2010-11-09,20.506526947021484,20.628272441997044,20.323907253237365,20.399998550427284,58538600
2010-11-10,20.498916625976562,20.605443565813214,20.39999750928192,20.552180095894887,52277300
2010-11-11,20.30108070373535,20.331516351554583,19.996716968939175,20.30108070373535,62073100
2010-11-12,19.98910903930664,20.17933656777057,19.859754261898335,20.141290191285265,64962200
2010-11-15,19.935848236083984,20.16412072031383,19.913020407132574,20.034765925564635,51794600
2010-11-16,19.759754180908203,19.935839891837738,19.637260662145525,19.935839891837738,65339200
2010-11-17,19.57602882385254,19.836328114686008,19.560716757276676,19.82867208139808,58299700
2010-11-18,19.782732009887695,19.96647237855753,19.60664767244227,19.683205064209048,59514000
2010-11-19,19.66789436340332,19.775075879530423,19.598991542967713,19.752107785972342,52423200
2010-11-22,19.698514938354492,19.706170968728394,19.476495898465313,19.637268155601774,53350500
2010-11-23,19.23151206970215,19.598992829318682,19.208543974636587,19.57602473425312,69742500
2010-11-24,19.422908782958984,19.491810148748662,19.262135035479712,19.29275916270958,56825900
2010-11-26,19.331029891967773,19.453523429909705,19.26978312299681,19.300405777363213,21356500
2010-11-29,19.376970291137695,19.461185170780716,19.086048418194167,19.285100840834932,56603600
2010-11-30,19.33868980407715,19.499462057321765,19.13963739988968,19.17791609059408,75282100
2010-12-01,19.935848236083984,20.09662049916279,19.568366065746574,19.576022096403452,74123500
2010-12-02,20.58659553527832,20.655498353481935,20.058342542702068,20.08896520621557,91759200
2010-12-03,20.68611717224121,20.716739827901474,20.502376857564983,20.525343484250623,52622000
2010-12-06,20.548311233520508,20.655492716927526,20.487064462968185,20.61721403292165,36264200
2010-12-07,20.571285247802734,20.77033621427684,20.555973185692846,20.73205751924073,57860500
2010-12-08,20.846887588500977,20.854543616810325,20.517685672389437,20.540653757317482,41666800
2010-12-09,20.7320556640625,20.9311080729633,20.67846491171199,20.88517335098265,47148300
2010-12-10,20.93109893798828,20.97703363992162,20.755014697045624,20.81626145303602,37625800
2010-12-13,20.862207412719727,21.015325115440646,20.800960623679085,20.877519475039545,47943900
2010-12-14,21.145465850830078,21.24499129366504,20.869854685690147,20.90813336518713,64070500
2010-12-15,21.32155418395996,21.42873567520678,21.076567083831055,21.076567083831055,69634200
2010-12-16,21.42873764038086,21.42873764038086,21.176094487673886,21.25265332854476,57680200
2010-12-17,21.359825134277344,21.50528671988233,21.244987655215624,21.375137187548976,87456500
2010-12-20,21.290929794311523,21.428735401433002,21.191404333745055,21.398112744427273,52811000
2010-12-21,21.489986419677734,21.543577175199953,21.252655305119955,21.321558122288113,38153000
2010-12-22,21.581859588623047,21.74263187202023,21.42108584498714,21.444053939860478,42252300
2010-12-23,21.666065216064453,21.681377273800884,21.405766075497894,21.41342210436611,24902500
2010-12-27,21.489986419677734,21.589513360137772,21.344524754518453,21.528266573792585,21652800
2010-12-28,21.444046020507812,21.56653956078425,21.405765876522562,21.413421905319613,23042200
2010-12-29,21.413421630859375,21.52826060110503,21.34451883280725,21.390455005000778,19502500
2010-12-30,21.32155418395996,21.4363917046156,21.26796343833655,21.37514492958337,20786100
2010-12-31,21.36748695373535,21.375142982446754,21.153122530530613,21.283272098148103,24752000
2011-01-03,21.421083450317383,21.574201145211767,21.37514872594449,21.47467420545885,53443800
2011-01-04,21.505292892456055,21.566539662884225,21.32155258117154,21.390455380433007,54405600
2011-01-05,21.436389923095703,21.444045951868247,21.260305642041722,21.35983109560844,58998700
2011-01-06,22.064172744750977,22.08714083425885,21.329211403359587,21.46701701993007,88026300
2011-01-07,21.89574432373047,22.002925820245643,21.62778912220416,21.926366982632643,73762000
2011-01-10,21.604822158813477,21.742627781651127,21.467017996214274,21.63544627955004,57573600
2011-01-11,21.520612716674805,21.62779423854519,21.47467652709717,21.589515540802545,50298900
2011-01-12,21.857471466064453,21.888095595420662,21.48999067522312,21.528270836918377,52631100
2011-01-13,21.581859588623047,21.734975840395784,21.444053939860478,21.689041110887835,67077600
2011-01-14,21.666065216064453,21.727311986771983,21.367487391395013,21.49763696167829,62688400
2011-01-18,21.941688537597656,22.002935342145296,21.543583577918497,21.558895644115157,53322700
2011-01-19,21.796215057373047,21.95698874512833,21.643098858819393,21.788559028409633,50005900
2011-01-20,21.704345703125,21.85746190219249,21.535915985841076,21.819183217485172,58613600
2011-01-21,21.451704025268555,21.765593933669784,21.451704025268555,21.742625845162994,58080300
2011-01-24,21.727310180664062,21.865115768360308,21.42873238081425,21.45170046550965,52047800
2011-01-25,21.780906677246094,21.780906677246094,21.528263536684108,21.54357413593153,42436600
2011-01-26,22.033552169799805,22.19432443084723,21.819187694831385,21.826843725391527,74628800
2011-01-27,22.102449417114258,22.55414342447519,21.811526170064937,22.010578533772854,146938600
2011-01-28,21.24498748779297,22.148378180371395,21.015312531479502,22.125410100644945,141249400
2011-01-31,21.22968101501465,21.35983058053309,20.992349969741543,21.260305129366348,65029000
2011-02-01,21.42873764038086,21.48232839091894,21.137815797357668,21.28327598875005,62810700
2011-02-02,21.390457153320312,21.52060673379703,21.34452097651325,21.38280112385247,45824000
2011-02-03,21.168432235717773,21.413419286306993,21.084218849726483,21.413419286306993,60340100
2011-02-04,21.260311126708984,21.31390188170379,21.061258707986465,21.20672037171418,40412200
2011-02-07,21.589509963989258,21.696691458173454,21.275620050816958,21.283274620197254,68980900
2011-02-08,21.6507568359375,21.69669155361302,21.474671074411027,21.512951222672587,34904200
2011-02-09,21.413421630859375,21.635442082413597,21.367486918904014,21.581851341759315,52905100
2011-02-10,21.05360221862793,21.390460262992764,20.892829957145626,21.38280423241191,76672400
2011-02-11,20.862207412719727,21.290934936004213,20.724401772318625,21.2526562404433,83939700
2011-02-14,20.846887588500977,20.877511701738374,20.632524636791576,20.83157553188228,56766200
2011-02-15,20.762174606323242,21.047116085904907,20.75447479532577,20.82378484525458,44116500
2011-02-16,20.808387756347656,20.846892696934304,20.484941261264087,20.831490133151913,70817900
2011-02-17,20.95470428466797,21.077923305941386,20.723671741127124,20.769877956061475,57207300
2011-02-18,20.83919334411621,20.95470964543877,20.78528583475698,20.89310085347544,68667800
2011-02-22,20.477243423461914,20.87000005275506,20.423335910026115,20.623564866265927,60889000
2011-02-23,20.477243423461914,20.68517366288821,20.35402583021735,20.431037193212596,60234100
2011-02-24,20.61585235595703,20.83918357126347,20.40792222976675,20.515737197923734,64494200
2011-02-25,20.446439743041992,20.754485216903685,20.40793479324412,20.723680081969643,53006300
2011-02-28,20.46953582763672,20.68516728375051,20.415628330825555,20.554248447693766,51379900
2011-03-01,20.146093368530273,20.623562591336817,20.1383920861933,20.4849424470101,60055000
2011-03-02,20.08448600769043,20.30781880474431,20.053682345020302,20.107589856345164,48658200
2011-03-03,20.176897048950195,20.330918278020995,20.161494485382324,20.223103270784506,68271500
2011-03-04,19.984365463256836,20.207696715396995,19.868847728186424,20.19229415487174,70437200
2011-03-07,19.807241439819336,20.23080309418661,19.67632259666861,20.122986625852995,64980400
2011-03-08,19.953567504882812,20.03828014931177,19.75333855278589,19.845752480241988,50549800
2011-03-09,19.938159942626953,20.007470003633586,19.761034883996306,19.876551162717636,39789100
2011-03-10,19.568506240844727,19.799538786217443,19.522300025544006,19.73023019770091,66549500
2011-03-11,19.77643585205078,19.90735468241362,19.53000075227816,19.568505685791735,49905800
2011-03-14,19.78413963317871,19.838047134459075,19.522301939357593,19.63011694191832,54473400
2011-03-15,19.553110122680664,19.614718919672928,19.25276742095208,19.314376217944343,76067300
2011-03-16,19.091035842895508,19.468389729460643,19.006323236303924,19.422182051936748,100725400
2011-03-17,19.083335876464844,19.422183388410073,19.06023203611308,19.29896584427199,62497000
2011-03-18,19.098743438720703,19.39138630685141,19.098743438720703,19.298972383002372,85486700
2011-03-21,19.506900787353516,19.699428430919525,19.36828064896689,19.39138449498778,46878100
2011-03-22,19.48379898071289,19.607016567982846,19.429891469890975,19.48379898071289,30895600
2011-03-23,19.668628692626953,19.722536208552597,19.391388360586905,19.42989330942818,43969000
2011-03-24,19.876554489135742,19.92276218345265,19.63782061064274,19.714831965634833,38696700
2011-03-25,19.730239868164062,19.98437638018266,19.707136014755164,19.968973811243394,57029800
2011-03-28,19.568506240844727,19.807240066912414,19.545402398759816,19.761033851611693,48973200
2011-03-29,19.6301212310791,19.6532250804771,19.483799789297574,19.51460492182824,40763500
2011-03-30,19.722530364990234,19.807241521116016,19.637817739995246,19.714829083729853,41999300
2011-03-31,19.553110122680664,19.77644292982111,19.514605175386595,19.714834132828848,63233700
2011-04-01,19.622419357299805,19.66092577180407,19.491500485724348,19.66092577180407,63114200
2011-04-04,19.67633056640625,19.761043225365718,19.568515523272232,19.599320660664695,35433700
2011-04-05,19.85344696044922,20.161490831635167,19.822641838896104,19.884250613133293,73651100
2011-04-06,20.13839340209961,20.261610989803806,19.91506207521182,20.007474531555214,65581400
2011-04-07,20.176897048950195,20.223103270784506,19.99977050565828,20.16919576716626,46134700
2011-04-08,20.076778411865234,20.23850236385688,19.992065795637753,20.153789747629396,39887600
2011-04-11,20.007471084594727,20.21540127884865,19.86885095509211,20.16919505863753,34286300
2011-04-12,19.745635986328125,19.90735998164714,19.67632591245847,19.891957416594007,36920400
2011-04-13,19.737934112548828,19.922761949911003,19.684026605347114,19.753336677140577,38144700
2011-04-14,19.576210021972656,19.591612585329937,19.322073602054655,19.576210021972656,55239900
2011-04-15,19.537696838378906,19.684016721924507,19.391375485964634,19.607005406502857,65080400
2011-04-18,19.314369201660156,19.468391872624164,19.037128981472563,19.329771762530367,58045100
2011-04-19,19.3682804107666,19.3836829745911,19.152650392700973,19.25276411982154,38892400
2011-04-20,19.838035583496094,20.02286182406945,19.645508065956964,19.66861189685428,61608600
2011-04-21,19.653221130371094,19.938161204661736,19.530003562753095,19.86115132655244,46892300
2011-04-25,19.722530364990234,19.730231646250616,19.514600177567555,19.684023958688325,33525100
2011-04-26,20.16919708251953,20.361724733065888,19.768739216854456,19.82264672398833,69200000
2011-04-27,20.31551742553711,20.323218707969687,20.122989771330897,20.253908634945898,52689000
2011-04-28,20.56965446472168,20.69287351833411,20.330920577890886,20.377126804952127,80200000
2011-04-29,19.961267471313477,20.515746592869327,19.530005932325594,20.446436519066165,319317900
2011-05-02,19.761035919189453,20.022873614737872,19.622415789914495,19.976667394602636,89825600
2011-05-03,19.876554489135742,19.90735961868035,19.630119328256587,19.714831965634833,71892900
2011-05-04,20.0690860748291,20.21540753109963,19.861157285135917,19.907363519637766,73292300
2011-05-05,19.86115074157715,20.084482025480963,19.77643811550886,20.061378181407097,55600000
2011-05-06,19.92276382446289,20.192301385832508,19.830349897086492,20.076785078264166,55993000
2011-05-09,19.89195442199707,19.992068142032114,19.76873685786045,19.868850577895493,38696400
2011-05-10,19.768739700317383,19.90735984711995,19.445293180734545,19.545406915164488,120798700
2011-05-11,19.530006408691406,19.76103901442421,19.414488636955518,19.753337731717185,78600000
2011-05-12,19.49919319152832,19.55310067925252,19.329769448842423,19.52229703006821,77400000
2011-05-13,19.27586555480957,19.499196826856377,19.214256776086057,19.468393171929193,66812300
2011-05-16,18.921619415283203,19.3066747602222,18.867711902010875,19.22196211429736,91350900
2011-05-17,19.006881713867188,19.1464104432744,18.813092140467635,18.913862068096673,82882100
2011-05-18,19.138656616210938,19.177413935306753,18.79758658987934,19.014631420907985,53931100
2011-05-19,19.161911010742188,19.285936209892856,18.99137673153427,19.26268240911273,37783600
2011-05-20,18.98363494873047,19.27819606039429,18.944877608063123,19.161921081396702,45451500
2011-05-23,18.735578536987305,18.797591149681413,18.627056834396942,18.766584104085705,52692500
2011-05-24,18.720069885253906,18.828593036608343,18.634803490221664,18.758828681629385,47691800
2011-05-25,18.751075744628906,18.844093893093923,18.727820468264245,18.735572227052465,34904200
2011-05-26,19.1231632232666,19.402220799713223,18.851857410443248,18.875112701313043,78016600
2011-05-27,19.192922592163086,19.30144429747948,19.107654693130293,19.13090997791124,50251000
2011-05-31,19.3867130279541,19.425470359087193,19.146414322234627,19.347954218323597,60196300
2011-06-01,18.93712043762207,19.45647663817465,18.890611346400195,19.371208738853415,74033500
2011-06-02,18.774335861206055,19.107654208797417,18.74333029411472,18.983628983437466,51487800
2011-06-03,18.534038543701172,18.712324633539986,18.47977768840218,18.64256025429916,60697700
2011-06-06,18.611560821533203,18.79759873468352,18.425522908382888,18.518541125709092,54778700
2011-06-07,18.65030860900879,18.735576496613692,18.52628339712738,18.673563890672987,41112600
2011-06-08,18.557294845581055,18.619307466246006,18.495282224916103,18.526287795999828,42205000
2011-06-09,18.57278823852539,18.63480230879453,18.46426657254802,18.611547032443603,42878700
2011-06-10,18.378997802734375,18.619297877747513,18.363495764424446,18.619297877747513,49327200
2011-06-13,18.634809494018555,18.75108296361238,18.371255507740614,18.441019885196386,47572500
2011-06-14,18.774335861206055,18.952623416346132,18.751082055511883,18.83634847388603,42894500
2011-06-15,18.402265548706055,18.611558731938686,18.348004681608202,18.603806968282175,49410200
2011-06-16,18.603797912597656,18.681314032932885,18.33249223067287,18.4100083510081,57184100
2011-06-17,18.805339813232422,18.836345375223203,18.588294965308698,18.774332772744575,83320400
2011-06-20,18.968130111694336,19.11541065735947,18.72783136344951,18.73558312674743,54338400
2011-06-21,19.192922592163086,19.27043872960223,18.913865088781108,19.00688474940755,49708700
2011-06-22,19.107648849487305,19.231674040060692,19.06113977264651,19.068891531869458,44287300
2011-06-23,19.092151641845703,19.107655165416205,18.758834756064246,18.9448726034181,59470400
2011-06-24,18.836345672607422,19.022384961477517,18.75107926691381,18.99912968074448,101387200
2011-06-27,19.53399085998535,19.735530728345605,18.782086320075358,18.782086320075358,92044200
2011-06-28,19.99908447265625,20.092104123492945,19.502983610853054,19.611505304748203,81032100
2011-06-29,19.85956573486328,19.929328654800987,19.65802430366039,19.929328654800987,66051000
2011-06-30,20.154115676879883,20.154115676879883,19.890561738210145,19.95257434269143,52535400
2011-07-01,20.16962242126465,20.285895888438496,20.030093669257088,20.099858045260866,52906200
2011-07-05,20.177371978759766,20.270390150938876,20.07660056731901,20.23163282561378,37805300
2011-07-06,20.409921646118164,20.440928693366615,20.123112373059545,20.130864134871658,48744200
2011-07-07,20.75098419189453,20.836250583680517,20.433169466199953,20.53393937594588,51946500
2011-07-08,20.86726188659668,20.913770971489967,20.54944709591444,20.572702377609662,58320700
2011-07-11,20.642467498779297,20.77424448564672,20.533945796122826,20.634717215872957,43999800
2011-07-12,20.572704315185547,20.766493912072384,20.417672046277158,20.580454597983405,47319300
2011-07-13,20.642467498779297,20.898269711110487,20.549449318930122,20.61921369306566,40861800
2011-07-14,20.518444061279297,20.93703034256784,20.433177635403712,20.63471901396885,46382300
2011-07-15,20.758743286132812,20.87501675492479,20.518443108332374,20.518443108332374,49132400
2011-07-18,20.61146354675293,20.851762255106355,20.355661314377365,20.642469116299775,44501900
2011-07-19,21.347862243652344,21.425376897942314,20.75874170436557,20.781995509253658,86730600
2011-07-20,20.975786209106445,21.200582858204786,20.913773595302995,21.146322005938934,49795400
2011-07-21,21.006792068481445,21.169574616082624,20.65797021148284,20.960282980380715,81737400
2011-07-22,21.34011459350586,21.355616640251828,20.681229555632004,20.820758325828532,76380600
2011-07-25,21.634668350219727,21.774197082814023,21.076554898339694,21.130815743571443,108482400
2011-07-26,21.766443252563477,21.820704092635694,21.533896372683394,21.564901933368805,74636500
2011-07-27,21.185077667236328,21.696682060460695,21.084307732175805,21.611414168757562,71488700
2011-07-28,21.487390518188477,21.7586962564441,21.092059553044113,21.154073644985814,83761400
2011-07-29,21.239337921142578,21.479636589178735,21.13081622819022,21.33235757117116,104394800
2011-08-01,21.138568878173828,21.46413544922426,20.73548617525477,21.324606707560182,61838400
2011-08-02,20.774248123168945,21.278102353148686,20.743242550622654,20.913776895871177,63883100
2011-08-03,20.86726188659668,20.929274492620113,20.526191814219224,20.797497520008175,64581200
2011-08-04,20.10761070251465,20.828508300999367,20.09985894055813,20.564954308467374,92949500
2011-08-05,19.906064987182617,20.231631525888766,19.55724316767707,20.13086012092179,112071700
2011-08-08,18.975881576538086,19.844059831780598,18.906117186451738,19.39446791705617,134257200
2011-08-09,19.82855224609375,19.859559292449934,18.627057291241236,19.154163772820233,126268900
2011-08-10,18.758838653564453,19.448729332318216,18.6813224981039,19.340207601772057,127819900
2011-08-11,19.5262393951416,19.673518418214737,18.91386358442608,18.99137971569981,90690100
2011-08-12,19.45647430419922,19.642512125267206,19.10765246563601,19.479728107771983,64787100
2011-08-15,19.774290084838867,19.82855093387395,19.495232600090155,19.56499697127733,56529400
2011-08-16,19.7742919921875,19.961504042709514,19.540275813163145,19.672884534928208,54251500
2011-08-17,19.69628143310547,20.047304865658642,19.44666543121376,19.69628143310547,50923700
2011-08-18,19.243860244750977,19.57148175857302,18.744628028576187,19.165854839016326,105714200
2011-08-19,18.760223388671875,19.20485364762778,18.651016739715512,19.041042186364233,77397900
2011-08-22,18.705623626708984,19.103449836596784,18.557414999992787,19.048846501719314,54721000
2011-08-23,19.282854080200195,19.306256138410554,18.744620131820593,18.744620131820593,59670600
2011-08-24,19.42327117919922,19.446673246717495,19.048847025882786,19.228258413368245,45329700
2011-08-25,19.165855407714844,19.626085678593164,19.11125206842918,19.563681649719634,48192000
2011-08-26,19.69628143310547,19.766486119616104,19.04883937026307,19.119044056773706,71957000
2011-08-29,20.156513214111328,20.17211458751772,19.789889866034283,19.9146978776277,38863200
2011-08-30,20.460735321044922,20.616746100531284,20.047309284715464,20.070709860158075,57341400
2011-08-31,20.749357223510742,20.835161823134758,20.484139760318193,20.507541826304323,59300800
2011-09-01,20.445138931274414,20.952173344335783,20.445138931274414,20.64015170927358,60510800
2011-09-02,20.125314712524414,20.28132550383946,20.01610805130138,20.109714823656244,43894400
2011-09-06,19.89910125732422,19.96150527802676,19.587081153811507,19.657285863080517,54929300
2011-09-07,20.28132438659668,20.28132438659668,19.945902245227234,20.039509012425555,41961000
2011-09-08,20.452930450439453,20.7961532024192,20.24231787538322,20.281319818363958,65811900
2011-09-09,20.078506469726562,20.42172922218641,19.891294465065396,20.281319846733346,64529200
2011-09-12,20.195520401000977,20.226723155911593,19.71188960252039,19.844498335232018,55046100
2011-09-13,20.312528610229492,20.42953596183457,20.133115750750562,20.21892183624791,48792300
2011-09-14,20.67134666442871,20.905361314554852,20.195515189632854,20.413929954158416,66739200
2011-09-15,21.053573608398438,21.084776358550346,20.523138758448138,20.850760195898086,67808300
2011-09-16,21.15498161315918,21.271988953638246,20.92876613211446,21.100376798961825,89681500
2011-09-19,21.225183486938477,21.30318887160863,20.749353467325573,20.905362748836918,52324900
2011-09-20,21.045780181884766,21.451407146831208,21.006778218567796,21.30319700813356,49211900
2011-09-21,20.273523330688477,21.108177581088075,20.25792195513376,21.100376893310717,72750700
2011-09-22,19.54807472229004,20.008304862543035,19.189252030067834,19.735286755774972,96278300
2011-09-23,19.54807472229004,19.618279420825512,19.259456728603308,19.423266699966753,64768100
2011-09-26,19.844493865966797,19.906897873904505,19.290656993669348,19.649481155182848,51057600
2011-09-27,20.02390480041504,20.218917507280075,19.852294153992204,20.016104113600974,55620700
2011-09-28,19.953706741333008,20.569947814078617,19.899103403308334,20.226724919285754,60736200
2011-09-29,19.852293014526367,20.413929042442945,19.571474256653683,20.265718977140274,63407300
2011-09-30,19.415468215942383,19.891299784942415,19.407667527683298,19.657285088486518,54060500
2011-10-03,19.134647369384766,19.766488124229728,19.126846682555954,19.28285595564555,64592500
2011-10-04,19.766489028930664,19.80549097703094,18.924034154635745,18.955235415550174,83485400
2011-10-05,20.195520401000977,20.4061345331599,19.626083514345442,19.82889695777671,94061300
2011-10-06,20.546546936035156,20.5933495873632,20.047314687657455,20.203324021360753,55111400
2011-10-07,20.476333618164062,20.67914700587391,20.437331673070524,20.546538309595505,52741600
2011-10-10,21.014572143554688,21.037972718879686,20.647947259953135,20.733753337022275,41815300
2011-10-11,21.061378479003906,21.11598181478567,20.842963648047537,20.95217180744038,38826200
2011-10-12,21.030174255371094,21.303192403060645,20.983371611942065,21.201786427659545,52489800
2011-10-13,21.2017879486084,21.217389326813674,20.76495977366598,20.874166445444256,43823500
2011-10-14,21.271987915039062,21.451399260869195,21.076975194485705,21.303189176656527,50947700
2011-10-17,21.045780181884766,21.389003112826334,20.94437418456292,21.147187667036142,39453300
2011-10-18,21.303192138671875,21.37339684685873,20.905365954889433,21.01457410530742,52487900
2011-10-19,21.162784576416016,21.42800205550726,21.069179282518707,21.349998139869278,42880000
2011-10-20,21.092578887939453,21.32659358319738,20.593345256717846,21.264189565273323,76300200
2011-10-21,21.186180114746094,21.209582174923145,20.905361343936953,21.178379428020413,76620600
2011-10-24,21.209583282470703,21.373393248777486,21.092575951133153,21.10817583757027,56897800
2011-10-25,20.91316032409668,21.240781700696335,20.84295563712327,21.1237743850169,53554600
2011-10-26,20.74155616760254,21.108179601251827,20.3593313569054,21.084779023509256,63029900
2011-10-27,21.256385803222656,21.37339313393149,20.78835499255839,21.16277904595823,74512400
2011-10-28,21.045780181884766,21.209591701041017,20.89757153101665,21.170588249894514,57712100
2011-10-31,20.77276039123535,21.06137995639384,20.764961189430277,20.874167868654315,46799000
2011-11-01,20.273523330688477,20.530940076025075,20.172117365240936,20.42953411057753,61182600
2011-11-02,20.289125442504883,20.437335539994898,20.04731006394789,20.359330147219673,53533100
2011-11-03,20.69474983215332,20.741552467117646,20.265720966855344,20.468534368806015,65836100
2011-11-04,20.476333618164062,20.59334094127352,20.28132091703869,20.57773956810457,36549200
2011-11-07,20.905364990234375,20.92096636640692,20.38273079108706,20.445134807948122,42589700
2011-11-08,21.186180114746094,21.217382861648826,20.819556765612166,21.069172789518575,47822500
2011-11-09,20.437335968017578,20.866363405522836,20.32812782071345,20.74155536960025,62950900
2011-11-10,20.499740600585938,20.671351283167308,20.37493256092145,20.64794921779427,32514400
2011-11-11,20.99117088317871,21.123779603798337,20.72595344193946,20.733754129955805,37903000
2011-11-14,20.87416648864746,21.061378564010255,20.788360396170187,20.9677717824142,34199200
2011-11-15,21.015626907348633,21.172812451518325,20.748412381679625,20.8741602174024,43874200
2011-11-16,20.489057540893555,20.83486484299798,20.465480758294195,20.803427134155548,53262800
2011-11-17,20.072519302368164,20.465481686526985,19.993926525729893,20.441903403825744,70977500
2011-11-18,19.883895874023438,20.04108142599721,19.766007459559372,20.025362570993327,47626200
2011-11-21,19.64811897277832,19.844600162506104,19.5695261970807,19.83674073503309,61882500
2011-11-22,19.48307228088379,19.616678028800678,19.37304181343419,19.561663544592015,49204500
2011-11-23,19.231584548950195,19.483081812565896,19.231584548950195,19.341615070229874,49099700
2011-11-25,19.09797477722168,19.388767654468086,19.09797477722168,19.160848710270525,26164600
2011-11-28,19.545944213867188,19.62453546962458,19.404477555052498,19.600958692510208,46766700
2011-11-29,19.522371292114258,19.679556844804498,19.451637943306903,19.506652437038728,40917100
2011-11-30,20.10395050048828,20.111809926095535,19.758143268929807,19.938907059832378,81350900
2011-12-01,19.868173599243164,20.143245998548185,19.805299693825997,20.08823151868718,48545400
2011-12-02,19.82102394104004,20.135395076518225,19.77386887033138,20.111816791647563,52293800
2011-12-05,20.19826316833496,20.276854430466067,20.041077646008276,20.261137077459185,56818400
2011-12-06,20.16683578491211,20.331880817722418,20.127540133736467,20.28472423747204,46175300
2011-12-07,20.119674682617188,20.245422527587152,19.91533405978286,20.17468917741248,62667000
2011-12-08,19.962491989135742,20.213987715135442,19.938915201718753,20.025365920635668,60522200
2011-12-09,20.19826316833496,20.33187041260297,20.041077646008276,20.05679649804739,53788500
2011-12-12,20.048940658569336,20.096095724089984,19.876037752305287,19.970347883346587,38945900
2011-12-13,20.245418548583984,20.51263304138537,20.158966360021108,20.23755912243897,54581100
2011-12-14,20.111814498901367,20.324014541448545,20.09609564411287,20.213984056961582,47926400
2011-12-15,20.08823585510254,20.339731531061183,20.072518499629478,20.21398369308186,46213900
2011-12-16,20.434045791625977,20.567653074070993,20.143252941940005,20.174690655001264,101408100
2011-12-19,20.06465721130371,20.528352882980105,20.009641225637285,20.449760116774687,52258300
2011-12-20,20.457618713378906,20.512633197781184,20.28471433493486,20.324011465959543,60767600
2011-12-21,20.245418548583984,20.583366377658223,19.993922908072623,20.44189970511252,64132500
2011-12-22,20.28471565246582,20.32401278604292,20.02536056698642,20.29257507918124,35794100
2011-12-23,20.457618713378906,20.46547813958384,20.22184042432765,20.36330709795195,23205800
2011-12-27,20.465482711791992,20.54407399333494,20.37903050325562,20.40260728810546,21287200
2011-12-28,20.292585372924805,20.55194058996635,20.24543028774447,20.520504366190504,29822500
2011-12-29,20.44976043701172,20.473337217919916,20.324012608726814,20.394745949516118,22616900
2011-12-30,20.402605056762695,20.528354391350497,20.36330942028881,20.434042765167757,27395700
2012-01-03,21.039203643798828,21.18852825085961,20.740551431612598,20.866299258101854,64731500
2012-01-04,21.534339904785156,21.58935440268889,21.047067352752673,21.078503566255105,80516100
2012-01-05,21.754398345947266,21.793693985687746,21.447888158680325,21.518620010406675,56081400
2012-01-06,22.09234619140625,22.155220114260217,21.636509875956836,21.636509875956836,99455500
2012-01-09,21.801551818847656,22.08448520118921,21.785832964488133,22.045188065290404,59706800
2012-01-10,21.880146026611328,22.12378228903284,21.809412676386927,21.95087937683573,60014400
2012-01-11,21.78582763671875,21.990168196323246,21.510755247858942,21.55791030037318,65582400
2012-01-12,22.00589370727539,22.0216125625484,21.73081973612794,21.903724146065933,49370800
2012-01-13,22.20237159729004,22.20237159729004,21.840846974002424,21.950875946475644,60196100
2012-01-17,22.210235595703125,22.51674579584883,22.139502241972174,22.32026459082566,72395300
2012-01-18,22.186660766601562,22.320268066785435,21.982320101671352,22.2495347020391,64860600
2012-01-19,22.10021209716797,22.351707862302415,22.02947872584478,22.131648318293273,74053500
2012-01-20,23.349822998046875,23.37340127958774,22.595335977128766,22.65035046835832,165902900
2012-01-23,23.36554527282715,23.538449698039575,23.06689449141982,23.224078560937954,76078100
2012-01-24,23.059032440185547,23.239794774134868,22.933284599261448,23.161201998799182,51703300
2012-01-25,23.231935501098633,23.302668849467597,22.846832548330113,22.846832548330113,59231700
2012-01-26,23.184783935546875,23.34196951099419,23.10619114782322,23.271236151946173,49102800
2012-01-27,22.972583770751953,23.20836213302332,22.925428697910775,23.14548820289084,44187700
2012-01-30,23.2712345123291,23.27909394045099,22.65821261011544,22.76824160575662,51114800
2012-01-31,23.20836639404297,23.34197370748368,22.972587988483053,23.310535987129153,50572400
2012-02-01,23.491294860839844,23.61704272534294,23.38912528306837,23.412703569799998,67409900
2012-02-02,23.5384464263916,23.71134932853929,23.349823170734616,23.499149290199533,52223300
2012-02-03,23.766366958618164,23.89211481297334,23.648478532539272,23.687774174888013,41838500
2012-02-06,23.73493194580078,23.750649304116155,23.554168084362946,23.60918408508135,28039700
2012-02-07,23.852815628051758,23.96284460951308,23.61703731187863,23.69563008393634,39242400
2012-02-08,24.09645652770996,24.10431595633741,23.75064916326591,23.782086877775704,49659100
2012-02-09,24.18290901184082,24.206485798951967,23.954990076214713,24.112175652441874,50481600
2012-02-10,23.970706939697266,24.206483785392713,23.860677944910407,24.080735934484125,44605300
2012-02-13,24.033578872680664,24.18290499539217,23.915690459606317,24.07287451069461,33319800
2012-02-14,23.930740356445312,24.096870391671967,23.614301116322167,23.99402820446994,59644000
2012-02-15,23.772520065307617,24.04149379758096,23.75669923492196,23.994028288621347,43311300
2012-02-16,24.753480911254883,24.95916526091039,23.970291811446412,23.97820298011026,94705100
2012-02-17,24.72183609008789,24.777212761505506,24.484507067183497,24.6822817559042,70036500
2012-02-21,24.872142791748047,25.00662962700146,24.642723451474172,24.66645695495453,50829900
2012-02-22,24.73765754699707,25.062007904244464,24.666458540879244,24.88005555923272,49253200
2012-02-23,24.8167667388916,24.99080790867718,24.524059557673887,24.682279900316058,35034700
2012-02-24,24.90378761291504,24.919609949622487,24.713924099128903,24.90378761291504,35575400
2012-02-27,24.800947189331055,24.9196117051946,24.60317249325808,24.713925840210567,34568400
2012-02-28,25.21232032775879,25.25978583497558,24.824680573967633,24.848414082026665,45230600
2012-02-29,25.109472274780273,25.315158115537134,25.00663010885235,25.228136776666652,59323600
2012-03-01,25.544584274291992,25.623692957384613,25.196500334859106,25.259788186674047,77344100
2012-03-02,25.378446578979492,25.663239562945975,25.31515723734122,25.56039890948665,47314200
2012-03-05,25.15693473815918,25.35470938707207,25.014538258418593,25.32306471897361,45240000
2012-03-06,24.967082977294922,25.29934460380785,24.91170629102636,24.951262144719283,51932900
2012-03-07,25.188581466674805,25.251869299147817,24.943341304454492,25.05409463405703,34340400
2012-03-08,25.323068618774414,25.48128896583129,25.236048785904085,25.34680363240432,36747400
2012-03-09,25.307239532470703,25.44172633091055,25.25186288174263,25.394259336943147,34628400
2012-03-12,25.346803665161133,25.473379339409792,25.172760981393434,25.29142548738892,34073600
2012-03-13,25.84519386291504,25.861016199530305,25.433825182126707,25.50502418799433,48951700
2012-03-14,25.9243106842041,26.01133204393467,25.702803963291913,25.7344456249917,41986900
2012-03-15,25.98759651184082,26.058795530413096,25.774002473926668,25.940132511327757,49068300
2012-03-16,25.789817810058594,26.066704180740313,25.710709142893652,26.035059506753452,65626400
2012-03-19,25.47338104248047,25.797731418040335,25.43382670747118,25.74235474546687,44789200
2012-03-20,25.307239532470703,25.43381667414988,25.109464917641546,25.394259336943147,41566800
2012-03-21,25.243959426879883,25.433824442942875,25.17276042308152,25.28351375836741,37928600
2012-03-22,25.31516456604004,25.386363587094138,25.14903452284807,25.164855353936787,31749500
2012-03-23,25.323068618774414,25.40218030120391,25.093650775333106,25.394267624059903,35912200
2012-03-26,25.78191375732422,25.797736097758577,25.433831321176964,25.465472984242812,36758300
2012-03-27,25.726526260375977,25.86892424662431,25.631595275477622,25.829369921066796,36274900
2012-03-28,25.465471267700195,25.868933377073095,25.3468082491455,25.726535340565327,41344800
2012-03-29,25.410091400146484,25.46546807208342,25.16485120632527,25.36262740580184,37038500
2012-03-30,25.52083969116211,25.639505689133657,25.346800050019304,25.631596030909677,31749400
2012-04-02,25.544584274291992,25.67906963911001,25.275610526853136,25.489207592566594,35853600
2012-04-03,25.267696380615234,25.465469573953538,25.04618817090251,25.44173757538158,42752100
2012-04-04,24.690195083618164,25.069923689139603,24.5636193847448,25.04619017976284,49455900
2012-04-05,24.935434341430664,25.022454182691373,24.563616942667004,24.642727123823178,50368600
2012-04-09,24.603172302246094,24.840501332130632,24.500328616101932,24.69810331063944,31056400
2012-04-10,24.104778289794922,24.67437035361305,23.970291442382432,24.571526671467616,54131300
2012-04-11,24.009845733642578,24.152243740395743,23.91491322617346,24.073133568988315,43014000
2012-04-12,24.508243560791016,24.555710581201822,24.065228599266646,24.112694110776047,38304000
2012-04-13,24.373750686645508,24.65063553526759,24.3025516824598,24.437038522710466,39749200
2012-04-16,24.587350845336914,24.67437219689915,24.34211063781752,24.516151832040762,38124800
2012-04-17,24.872142791748047,25.00662962700146,24.682279290608104,24.73765595649463,34361500
2012-04-18,24.634817123413086,24.76930398508784,24.555708447405458,24.745571985846063,40552900
2012-04-19,24.531972885131836,25.062009118068428,24.47659621300283,24.626903891952665,54781200
2012-04-20,25.64741325378418,26.01923053379571,25.354707638563102,25.433819303353555,106045000
2012-04-23,25.410091400146484,25.710709774805775,25.338892390827237,25.56040209637727,61398200
2012-04-24,25.251876831054688,25.72653647063005,25.180677809673313,25.48129472636025,40871100
2012-04-25,25.47338104248047,25.56831205006322,25.21231850827615,25.25187284328544,62495500
2012-04-26,25.402185440063477,25.497116460381292,25.25187623084201,25.410095101005492,40308100
2012-04-27,25.29932975769043,25.48919472619712,25.220219605629417,25.410083065235458,41419100
2012-04-30,25.330984115600586,25.40218312881149,25.25187393326611,25.299339439106305,35697200
2012-05-01,25.323068618774414,25.584132644088577,25.27560462711883,25.354713291746215,43832300
2012-05-02,25.15693473815918,25.259778400578345,25.030359083566996,25.196490573282254,37385300
2012-05-03,25.12529754638672,25.236050893234328,25.006633030635538,25.220228555427187,31501300
2012-05-04,24.508243560791016,24.974992032520788,24.46077804928161,24.880061009501983,57927200
2012-05-07,24.24717140197754,24.4133028899596,24.183883575341707,24.286727236687938,48641400
2012-05-08,24.128515243530273,24.350023467658964,23.867452679939934,24.11269290418508,46328300
2012-05-09,24.334199905395508,24.389576581419384,23.812074804454287,23.883273819028204,50309300
2012-05-10,24.318374633789062,24.539882820069572,24.08895678808878,24.41330714473816,43839200
2012-05-11,24.650634765625,24.95125310922342,24.278818928964835,24.278818928964835,43459300
2012-05-14,24.270910263061523,24.555706300270693,24.23926558830444,24.381663606909026,40528900
2012-05-15,24.05591583251953,24.525726969293874,24.008138866400788,24.39832071377565,61822800
2012-05-16,23.809057235717773,24.14349890739228,23.681651029251466,24.135535829637913,60083700
2012-05-17,23.665735244750977,24.055917112893226,23.65777216350696,23.88073388193215,48484000
2012-05-18,23.307397842407227,23.737393452974025,23.22776857562021,23.72146881465817,56205300
2012-05-21,23.689620971679688,23.721473291927182,23.14018059782821,23.172032918075704,38787900
2012-05-22,23.69757843017578,23.79313233064641,23.490542954086926,23.6418384017676,39504900
2012-05-23,23.17999267578125,23.41091588926878,22.80573556052607,23.371102013468104,65171000
2012-05-24,23.148147583007812,23.331293898921214,22.90129813465486,23.219813796852616,52575000
2012-05-25,23.14018440246582,23.379072287192564,23.100370514412603,23.25166602285929,29507200
2012-05-29,23.53832244873047,23.66572867566471,23.2675838367947,23.39499006372894,37758800
2012-05-30,23.363142013549805,23.474622095525138,23.187958810616827,23.371105093519787,41585500
2012-05-31,23.24370002746582,23.426846319633857,23.04462757455214,23.331290873962285,39134000
2012-06-01,22.65444564819336,23.060552113782432,22.646482567856005,22.9012950634422,56634300
2012-06-04,22.734067916870117,22.9172156827396,22.550921669802545,22.789809465753294,47926300
2012-06-05,22.702219009399414,22.89332835076696,22.60666357931462,22.702219009399414,45715400
2012-06-06,23.371103286743164,23.387029445451905,22.94110611441967,22.99684615109818,46860500
2012-06-07,23.275550842285156,23.649808025991383,23.227773878825616,23.602029543729557,37792800
2012-06-08,23.609989166259766,23.633878403891934,23.132215045230815,23.25962127499826,42551100
2012-06-11,23.012771606445312,23.73739509872271,22.949068492359455,23.673691984636854,46361900
2012-06-12,23.323326110839844,23.33128767131751,22.964995137261766,23.17203064212887,35337900
2012-06-13,23.195919036865234,23.442769945321842,23.132215919573685,23.267585233668495,32984600
2012-06-14,23.363142013549805,23.458695935585173,22.996847928941676,23.355178933579822,39458900
2012-06-15,23.904617309570312,23.952394266607644,23.482583219134654,23.56221249339826,62314400
2012-06-18,23.761280059814453,23.91257549809098,23.657761568803547,23.880723187379388,58679900
2012-06-19,24.446096420288086,24.772575102798065,23.92850685741901,24.03998845742885,75725800
2012-06-20,24.62923812866211,24.724792032296584,24.398313410408623,24.62923812866211,36257100
2012-06-21,24.000165939331055,24.796455469037344,23.93646283770662,24.653123110681936,48456600
2012-06-22,24.446096420288086,24.469984141231325,23.912582216390916,24.127579298891057,45098100
2012-06-25,23.785173416137695,24.143502860950857,23.58610099608526,24.127576702834176,42217200
2012-06-26,23.904617309570312,24.10368973582829,23.840914193919843,23.888691150957175,38421300
2012-06-27,24.024059295654297,24.286834824809997,23.91257922837673,24.039985453494523,33781700
2012-06-28,23.817020416259766,23.92850046769846,23.42683871742256,23.87276044197911,45328400
2012-06-29,24.358503341674805,24.43813261967574,24.00017235007167,24.247023263754787,55227200
2012-07-02,24.334606170654297,24.382384633162534,24.055904547896205,24.382384633162534,30589100
2012-07-03,24.49386978149414,24.49386978149414,24.024058767156745,24.07183572082439,20938100
2012-07-05,24.446096420288086,24.50979954080705,24.191282419410022,24.358504060023684,28801900
2012-07-06,24.03998374938965,24.446091632715895,23.848874425259986,24.374425446317034,38294800
2012-07-09,23.888690948486328,24.071837214578895,23.71350776163284,23.984246380553184,30680800
2012-07-10,23.681652069091797,24.063870705273605,23.49850582910491,23.952390649421037,37534100
2012-07-11,23.331287384033203,23.681655274017363,23.179993435987228,23.657766036472285,39184900
2012-07-12,22.79777717590332,23.235737493901336,22.726112488466004,23.211848252220687,63523600
2012-07-13,23.4029483795166,23.474614557431014,22.86943434326582,22.90128665291743,39085000
2012-07-16,23.442764282226562,23.51443046171734,23.12424877271297,23.474615073777045,27900600
2012-07-17,23.61795425415039,23.777212814305486,23.25166169211674,23.602028094374443,33771300
2012-07-18,24.24701499938965,24.24701499938965,23.458687086556843,23.570168645281584,41090400
2012-07-19,24.422203063964844,24.52572004780864,24.191278341756618,24.294796844402356,46663200
2012-07-20,23.9842472076416,24.724795376788485,23.928505651045835,24.6849814980222,64021700
2012-07-23,23.31536293029785,23.55424923244433,23.100364347084778,23.546286153199173,55151900
2012-07-24,23.211841583251953,23.379063189367614,23.012769182848757,23.283507768901252,47723300
2012-07-25,22.957029342651367,23.35517414673398,22.917215469763864,23.28350796049496,45579500
2012-07-26,23.219810485839844,23.49054913980277,23.16407044275376,23.27555052892593,45301400
2012-07-27,23.69757843017578,23.769244614929686,23.235730527762758,23.4746167977412,44242600
2012-07-30,23.602022171020508,23.745354535427808,23.458689806613208,23.68961450900315,28905000
2012-07-31,23.466657638549805,23.657766990208597,23.355177563116037,23.474620718052517,37620900
2012-08-01,23.418882369995117,23.609991735442346,23.259623806054645,23.562214773781097,31721800
2012-08-02,23.24370002746582,23.514438684932607,23.06851529686832,23.259624669409177,39520500
2012-08-03,23.689620971679688,23.840916455250838,23.474622366415776,23.514437766725145,35859400
2012-08-06,23.8488712310791,23.97627743010149,23.73738966783324,23.888685098722963,27471800
2012-08-07,24.095722198486328,24.16738838018415,23.785169756996964,23.944426757257393,28002900
2012-08-08,24.15146827697754,24.262948356977397,23.97628507714888,24.055912837833247,26257600
2012-08-09,24.28683853149414,24.40628169592137,24.12757996638968,24.19924616880646,24920800
2012-08-10,24.223133087158203,24.38239163699598,24.087763775436724,24.286836203332896,27810300
2012-08-13,24.199249267578125,24.254989316861664,24.01610295741724,24.167398461760005,23049100
2012-08-14,24.15114974975586,24.359556807094002,24.054962817977465,24.28741584382835,34551400
2012-08-15,24.20726203918457,24.271387173864824,24.06298010393805,24.13512107156131,24351000
2012-08-16,24.672164916992188,24.800415161760956,24.25535085706193,24.33550764225829,35787200
2012-08-17,24.768360137939453,24.784391806124884,24.519875396521353,24.784391806124884,32589900
2012-08-20,24.64009666442871,24.7282692634004,24.511846445304364,24.704221773990884,23737700
2012-08-21,24.688194274902344,24.81644451563975,24.535898069566343,24.656132479149726,28822700
2012-08-22,24.47978973388672,24.656133439553713,24.423678913622947,24.51986736235446,33437400
2012-08-23,24.255348205566406,24.367566775255924,24.11106631375797,24.359550944726195,28355600
2012-08-24,24.495819091796875,24.551928381419277,24.19122515004805,24.247334439670453,22943300
2012-08-27,24.60003089904785,24.816452292574297,24.51987409125171,24.792406320440218,34691100
2012-08-28,24.55192756652832,24.68819363488719,24.463756483846762,24.608038383151854,23947900
2012-08-29,24.56796646118164,24.64812326537841,24.399638548345912,24.56796646118164,23346800
2012-08-30,24.303443908691406,24.535898428972654,24.22328712484051,24.471773307664634,23982100
2012-08-31,24.7042293548584,24.816447948812375,24.35154037960688,24.52788563166448,36590100
2012-09-04,24.359560012817383,24.575982931095645,24.167184595080233,24.407655013899607,48556700
2012-09-05,24.359560012817383,24.471780153145325,24.21527806729854,24.223293900812244,33650000
2012-09-06,25.12906265258789,25.13707848592295,24.415668774406527,24.447732107746763,48371700
2012-09-07,24.80843734741211,24.90462429119352,24.632092069039672,24.880578319680122,42649100
2012-09-10,24.624067306518555,24.76834919873577,24.455739451507373,24.71223991373204,40524000
2012-09-11,24.680185317993164,24.776372254947226,24.53590338369828,24.600028517955586,25191800
2012-09-12,24.672164916992188,24.992790528914107,24.632085759962248,24.800415161760956,32775800
2012-09-13,24.800416946411133,24.99279232740771,24.36757119252111,24.76033778649708,45047300
2012-09-14,25.016843795776367,25.048907130758437,24.69621809027545,24.856531707457886,51422800
2012-09-17,25.016843795776367,25.056922964503954,24.880579208694442,25.00081365714929,36488500
2012-09-18,24.99279022216797,25.01683618722729,24.872555810280872,24.928665100570615,34542700
2012-09-19,24.888591766357422,25.000811902052682,24.88057746203848,24.9206550990886,48871900
2012-09-20,25.20920753479004,25.233253494559186,24.776361912587483,24.80842523076389,45543000
2012-09-21,25.000810623168945,25.33746795530575,24.920653824305177,25.193186023123722,102348900
2012-09-24,24.672164916992188,24.90461791231176,24.559944806171877,24.848508621333362,46825900
2012-09-25,24.359560012817383,24.84851515510592,24.335514041140186,24.808437516401316,54266400
2012-09-26,24.183210372924805,24.52788348575846,24.079007620350318,24.27138299123952,54672000
2012-09-27,24.175199508666992,24.367574919083776,23.958776598624166,24.183215341875677,47129900
2012-09-28,23.854570388793945,24.255352818318983,23.83853872468567,24.191227690749525,54229300
2012-10-01,23.638147354125977,24.030913949008184,23.582038058980462,23.894647862713242,54042700
2012-10-02,23.774417877197266,23.958777461041556,23.646167598969594,23.790449544191706,43338900
2012-10-03,23.934730529785156,24.03893330334331,23.78243275717199,23.84655789371482,46655900
2012-10-04,24.070995330810547,24.070995330810547,23.702274669035052,24.02290033436346,43634900
2012-10-05,23.926712036132812,24.247337683195724,23.838539409866634,24.231306018626658,41133900
2012-10-08,23.87060546875,23.982824075838963,23.68624436285032,23.758385332797182,29752000
2012-10-09,23.469816207885742,23.838535255535664,23.38965942787298,23.790441799073374,45121100
2012-10-10,23.229351043701172,23.493867406477175,23.205305074543926,23.365617141426007,47227100
2012-10-11,23.205299377441406,23.445768183159224,23.141174260659096,23.42172069104209,41488500
2012-10-12,23.40569496154785,23.501881890384208,23.085067788456886,23.221333878361445,46464700
2012-10-15,23.65418243408203,23.822510343827176,23.445775358542434,23.541963827585267,42440200
2012-10-16,23.638147354125977,23.83853856756773,23.501881267831035,23.606085554984382,47739400
2012-10-17,23.718305587768555,23.758383221348886,23.31752313651037,23.48585103218422,44206100
2012-10-18,23.646167755126953,23.830527340188738,23.453792336515015,23.766402200651424,59238500
2012-10-19,22.956819534301758,23.309508538164238,22.844600931244344,23.28546103942459,90470800
2012-10-22,22.443819046020508,23.109117906587276,22.30755294065797,23.028961104221576,83374000
2012-10-23,22.483896255493164,22.6041322211887,22.251443214800343,22.259459047770964,64414800
2012-10-24,22.36366081237793,22.604131204084894,22.33961484341185,22.572067873645132,53320400
2012-10-25,22.347633361816406,22.60413546711834,22.331603222437064,22.59611963299665,54084300
2012-10-26,22.612140655517578,22.716344928221975,22.31556255691088,22.331594218690544,57790000
2012-10-31,22.876665115356445,23.14919580024215,22.844601782508796,22.884679419704497,69464100
2012-11-01,23.662195205688477,23.694257005311844,23.10109918807483,23.11713085231834,72047900
2012-11-02,23.646167755126953,23.862590674389356,23.509901642502175,23.71830872821442,57131600
2012-11-05,23.7503662109375,23.838538835077685,23.509897363654364,23.74235190770989,38070800
2012-11-06,23.934730529785156,24.207262742308146,23.73433928698083,23.902667197081815,43401500
2012-11-07,23.309507369995117,23.910681048583914,23.285459872460624,23.670212188693885,57871800
2012-11-08,23.09308433532715,23.541961780000346,23.085068502865443,23.341570555048865,49841800
2012-11-09,23.109111785888672,23.397675586430402,23.093080123888925,23.149189412024608,43291200
2012-11-12,22.62015724182129,23.25339414349459,22.612141410663764,23.19728485425538,61112300
2012-11-13,21.892820358276367,22.062531403158854,21.618048773910683,21.836250009982205,131689200
2012-11-14,21.690786361694336,22.054455152902523,21.658459561841763,22.014046653086805,76086100
2012-11-15,21.545320510864258,21.795847063383114,21.521075409100455,21.72311329951848,50955600
2012-11-16,21.432174682617188,21.57764217571153,21.286707189522843,21.553397079720337,64083300
2012-11-19,21.60189437866211,21.658464750529944,21.391774753562277,21.658464750529944,57179300
2012-11-20,21.585721969604492,21.658455714927364,21.383684130691265,21.62613046224297,47070400
2012-11-21,21.779685974121094,21.957478769064988,21.553402973934183,21.585728236002698,66360300
2012-11-23,22.385791778564453,22.442362123320347,21.98171612582088,22.00595967847267,57845700
2012-11-26,22.135272979736328,22.288822223306244,21.957480173421164,22.256496959170274,85198700
2012-11-27,21.884742736816406,22.12718757222292,21.85241747809465,22.111025713575376,45018600
2012-11-28,22.111026763916016,22.135270323752305,21.634217229063534,21.828173414887583,53018400
2012-11-29,21.779685974121094,22.11102800281421,21.706952207683404,21.908990105248805,69551400
2012-11-30,21.51299285888672,21.925148753075035,21.40793230434726,21.860496696984065,83690200
2012-12-03,21.359445571899414,21.67462418105889,21.335200470646093,21.642298920814536,53173800
2012-12-04,21.310958862304688,21.521076926700754,21.286713758831194,21.41601789450272,49777500
2012-12-05,21.55340576171875,21.763525387335516,21.222063690168824,21.31904103034454,68283800
2012-12-06,21.60189437866211,21.803932301862677,21.504917038724972,21.66654645242921,39182300
2012-12-07,21.38369369506836,21.674628806487654,21.31096145864061,21.674628806487654,46162100
2012-12-10,21.771604537963867,21.795848099453316,21.432180804269933,21.46450606673148,47031100
2012-12-11,22.07870101928711,22.2160868501684,21.860499721753268,21.860499721753268,52282800
2012-12-12,22.014047622680664,22.321146069099445,21.884743500428566,22.2484123076543,43966300
2012-12-13,21.908985137939453,22.24032709150914,21.77968103612818,22.078696193531815,45080100
2012-12-14,21.66653823852539,21.925146435554,21.577642634188333,21.908984579309546,42077500
2012-12-17,21.90090560913086,21.997882924385873,21.561481922885044,21.650379079724335,42046100
2012-12-18,22.27265167236328,22.3292220225158,21.93322803002174,22.022125175362234,50486900
2012-12-19,22.07061767578125,22.41004137731748,22.02212901596942,22.377716117918492,53519900
2012-12-20,22.369630813598633,22.369630813598633,21.941310020227945,22.111022614365936,52607300
2012-12-21,22.183765411376953,22.216090678752618,21.820096519481428,22.183765411376953,98776500
2012-12-24,21.868581771850586,22.02213100680027,21.820093107655314,21.981724043542016,20842400
2012-12-26,21.706953048706055,21.98172472335501,21.577648912568534,21.84433888603053,31631100
2012-12-27,21.787765502929688,21.892826069821783,21.472586885106967,21.731195139877073,39394000
2012-12-28,21.456422805786133,21.739276153537578,21.456422805786133,21.58572692908507,28239900
2012-12-31,21.585721969604492,21.634212160770662,21.310951926794775,21.48874467012492,42749500
2013-01-02,22.321138381958008,22.41003397200001,21.941306304903847,22.02212173883619,52899300
2013-01-03,22.02212905883789,22.345389360590538,21.949395298265205,22.32922596014623,48294400
2013-01-04,21.609970092773438,22.094861282384365,21.601888393113484,22.0382909261913,52521100
2013-01-07,21.569562911987305,21.723110579652623,21.529154414107023,21.63421496716917,37110400
2013-01-08,21.456422805786133,21.65038053216127,21.383689043752142,21.61805373062317,44703100
2013-01-09,21.577640533447266,21.61804748226416,21.46449830219264,21.59380238811825,49047900
2013-01-10,21.38369369506836,21.803932957912433,21.246309382928217,21.537242952920437,71431300
2013-01-11,21.682708740234375,21.76352421364049,21.238225948641148,21.40793705550974,55512100
2013-01-14,21.731197357177734,21.88474660214963,21.62613832099293,21.73927905864225,48324400
2013-01-15,21.98979949951172,22.054453093178697,21.68270263672613,21.68270263672613,48244500
2013-01-16,21.8524112701416,22.005958902945956,21.82816617691796,21.941306862442485,41077400
2013-01-17,22.02212905883789,22.19992183944517,21.868579837470367,21.97364039893167,51685900
2013-01-18,22.02212905883789,22.05445585972651,21.852417978452767,21.900906638358986,52167700
2013-01-22,21.941312789916992,22.183759163371903,21.82009037390286,22.062535205931123,58650600
2013-01-23,22.31306266784668,22.33730622552915,21.98172068715567,21.98172068715567,50387700
2013-01-24,22.3292179107666,22.684804885223592,22.199913836677904,22.38578979192829,101739300
2013-01-25,22.531269073486328,22.81412248123731,22.135274919205784,22.288824176229525,81847700
2013-01-28,22.55550765991211,22.814115886613568,22.43428524632413,22.636323116112973,56056500
2013-01-29,22.636323928833008,22.73330124661456,22.304981933797148,22.482774710681102,49242600
2013-01-30,22.507022857666016,22.781794530954652,22.434289088770385,22.63632699316339,43580500
2013-01-31,22.183765411376953,22.60400313582312,22.143356900373515,22.458537120491997,50530000
2013-02-01,22.571670532226562,22.66864784426118,22.264572114121577,22.361550967582776,55565900
2013-02-04,22.175683975219727,22.644411918493386,22.159520570624437,22.523189466882926,50540000
2013-02-05,22.224166870117188,22.353470990411004,22.111026150216773,22.3211457310509,35410400
2013-02-06,22.094860076904297,22.25649097843167,22.02212632535963,22.12718533235386,41889600
2013-02-07,22.04637336730957,22.13526898370556,21.900905851391304,22.102943725405197,38028300
2013-02-08,22.264570236206055,22.393874335630386,22.070614087069558,22.102940882638865,33318500
2013-02-11,22.51511001586914,22.563598693076283,22.22417486977177,22.345397333503257,32247700
2013-02-12,22.531269073486328,22.62824795724529,22.4262100290556,22.531269073486328,35990900
2013-02-13,22.652484893798828,22.71713694584533,22.531260947463444,22.571669443384074,41715600
2013-02-14,22.66056251525879,22.676724369292238,22.523176736703967,22.563583683926936,32663200
2013-02-15,22.636323928833008,22.75754634677328,22.531263369571878,22.660569028991734,49650900
2013-02-19,22.856332778930664,22.88892722676034,22.652622142561626,22.717809484032166,38781400
2013-02-20,22.70966339111328,22.978561380377343,22.677068941898785,22.921521094251975,44110200
2013-02-21,22.4000186920166,22.603729303861993,22.18815946919476,22.603729303861993,49078500
2013-02-22,22.620025634765625,22.620025634765625,22.39186919897843,22.554838303710508,31425900
2013-02-25,22.3022403717041,22.856331977685194,22.3022403717041,22.791144638499844,48011800
2013-02-26,22.3022403717041,22.489653777588387,22.27779453668881,22.310387429187102,49923300
2013-02-27,22.660764694213867,22.81558517162263,22.269640749991265,22.342976683806555,36394700
2013-02-28,22.652620315551758,22.79114359927789,22.60373020193921,22.717807651764723,35840200
2013-03-01,22.77484703063965,22.799291309385364,22.424464529523863,22.58743208652027,34849700
2013-03-04,22.937816619873047,22.937816619873047,22.57113841850283,22.693364485626233,38157500
2013-03-05,23.100788116455078,23.2556086462688,22.94596758664136,23.051897995425612,41432200
2013-03-06,22.888925552368164,23.003003003049304,22.63632481692191,22.986705780326655,51448500
2013-03-07,22.92966079711914,23.043739770855026,22.82373198670897,22.9052165238951,29196700
2013-03-08,22.815593719482422,23.08449172615162,22.782999268158164,23.019304377692084,37667800
2013-03-11,22.70966339111328,22.791146405771755,22.546694253418565,22.766702123049765,36627500
2013-03-12,22.742250442504883,22.77484488334422,22.522242629404815,22.68521172522453,39255200
2013-03-13,22.750404357910156,22.831888924821502,22.61188106041752,22.709662851548906,29093400
2013-03-14,22.92966079711914,22.945958015394023,22.75854466779773,22.81558337757153,55914800
2013-03-15,22.848176956176758,22.945957153777858,22.79928530318799,22.840028347345296,92710300
2013-03-18,22.897079467773438,23.043751397876015,22.660774346121716,22.717813084675146,44809400
2013-03-19,22.962263107299805,22.994856000837206,22.84003703670412,22.913372989899294,51901600
2013-03-20,23.07634162902832,23.2148649298685,22.96226416510895,23.092638853642196,35447800
2013-03-21,22.905223846435547,23.1089344774307,22.856332175980793,22.905223846435547,34233200
2013-03-22,23.019298553466797,23.092634496202308,22.897072500303807,22.970408443039318,28720900
2013-03-25,22.94596290588379,23.100783404115607,22.782993796777813,23.060040349744806,44154000
2013-03-26,22.94596290588379,23.092634793241444,22.9052214057016,23.011150238688458,27824300
2013-03-27,23.117080688476562,23.18226802145779,22.880775635051727,22.929665746240495,36047400
2013-03-28,23.312646865844727,23.353388373439536,23.027451650114376,23.076341770065927,55453800
2013-04-01,23.312646865844727,23.353388373439536,23.10893621949289,23.337091148726056,29201100
2013-04-02,23.46746063232422,23.508203685069983,23.239305753702112,23.29634447335764,28456500
2013-04-03,23.271902084350586,23.589691726024377,23.255606415030186,23.42672259931019,35062800
2013-04-04,23.304487228393555,23.31263583689528,23.03558936458928,23.13336955823366,45263200
2013-04-05,23.385982513427734,23.45116985723022,22.90522527006357,22.994856896423947,50927300
2013-04-08,23.29635238647461,23.410429864534578,23.19857058085958,23.410429864534578,34759500
2013-04-09,24.127487182617188,24.29860336345252,23.369683400772132,23.410424904536143,77733800
2013-04-10,24.673433303833008,24.70602619809117,24.054152771039494,24.094894277409406,71116700
2013-04-11,23.58154296875,23.793402210495568,23.410425231337175,23.711917647641307,130923200
2013-04-12,23.459308624267578,23.646721964774013,23.353378263676483,23.508198723054427,62886300
2013-04-15,23.37782859802246,23.61413208288125,23.23115671919151,23.345234156420688,56332900
2013-04-16,23.605987548828125,23.744510841179217,23.385981246778922,23.548948820363933,52797300
2013-04-17,23.491905212402344,23.663022916440895,23.30449184232221,23.50820243263239,52840700
2013-04-18,23.459308624267578,23.6141275294573,23.223003630786074,23.589683257157986,56906600
2013-04-19,24.257858276367188,24.640833639418275,24.12748361855454,24.135632228941393,99790700
2013-04-22,25.121593475341797,25.406788652807112,24.6652821239105,24.689726403512108,137904000
2013-04-23,24.934179306030273,25.178631419601807,24.754912972168427,25.01566386195033,59126900
2013-04-24,25.87939453125,26.009769189508102,24.934177481784484,24.950474702613878,90946600
2013-04-25,26.02606964111328,26.75942757339847,25.7001329550075,25.83865468668733,110700200
2013-04-26,25.903839111328125,26.058658039163983,25.626792587363983,25.993470713183505,47799300
2013-04-29,26.5720157623291,26.62905449153529,25.88754790347727,25.911992185029174,59116400
2013-04-30,26.97128677368164,26.979436939755885,26.303116140963123,26.531274165377994,75165200
2013-05-01,26.661640167236328,26.954983882856535,26.5638568564452,26.83275629855592,54330900
2013-05-02,27.020174026489258,27.028321082853644,26.39274500161022,26.588308546503555,46059500
2013-05-03,27.289072036743164,27.313516312891803,26.954986793078437,27.07721128219855,46784600
2013-05-06,27.50093650817871,27.63131119395645,27.093515226576063,27.232036970299667,40978300
2013-05-07,27.142404556274414,27.533528579843246,27.085365830444214,27.41945112818285,43078300
2013-05-08,26.881649017333984,27.085359593642323,26.60460250921958,26.946834785396764,51595700
2013-05-09,26.612756729125977,26.88980331182534,26.555718001074126,26.767575689784206,46417800
2013-05-10,26.63719940185547,26.661646789814117,26.335708556302617,26.620902179342156,36394900
2013-05-13,26.914247512817383,26.946841959715062,26.523123475177847,26.572015145524364,36027600
2013-05-14,27.51325225830078,27.51325225830078,26.914246523579628,26.963481029374464,56870100
2013-05-15,27.77583122253418,27.81686154421347,27.431199057681436,27.44761056031834,46303900
2013-05-16,27.964557647705078,28.021996333035485,27.529660719980246,27.603510905429854,59382900
2013-05-17,28.612804412841797,28.612804412841797,27.980975529255428,28.005594352889727,60666700
2013-05-20,28.785114288330078,28.801522658512656,28.456890541553136,28.497917727356846,54020800
2013-05-21,28.596384048461914,28.941019301007987,28.489713989731612,28.801523110876058,48702400
2013-05-22,28.39946174621582,28.588189370780903,28.19432261557881,28.547162170688445,66047500
2013-05-23,28.022003173828125,28.350223865817316,27.816864067519496,28.08764606015622,51102700
2013-05-24,28.120468139648438,28.1286723263531,27.816863148787913,27.83327152219724,33174400
2013-05-28,28.735891342163086,28.867180267631323,28.23535133563577,28.243555524026018,48212100
2013-05-29,28.621009826660156,28.735887228728735,28.366636200526557,28.506132424591577,38412200
2013-05-30,28.744089126586914,28.924612532702074,28.56356885064595,28.59638872706982,51131000
2013-05-31,28.637413024902344,28.949222131454665,28.547151340836425,28.57176702551857,56165700
2013-06-03,29.20359230041504,29.236415296304205,28.579971029386705,28.653818074877574,51252600
2013-06-04,28.71126365661621,29.326680824650076,28.53074028567073,29.228211824039676,65529500
2013-06-05,28.538942337036133,28.629204015760823,28.251748932160616,28.39124197733634,46025100
2013-06-06,28.686656951904297,28.80974168954268,28.300997492308852,28.588191039898536,37618500
2013-06-07,29.269237518310547,29.3594991991856,28.768700876484814,28.924605424249542,40757300
2013-06-10,29.105125427246094,29.252825773419914,28.834340415869736,29.137945291816784,35994500
2013-06-11,28.588180541992188,28.867169798706225,28.456891664136975,28.76049660726957,39435900
2013-06-12,28.71947479248047,28.941025402214812,28.596390077014387,28.834352190822496,37372700
2013-06-13,28.489727020263672,28.735893381716618,28.383053782569853,28.71127768462386,45654900
2013-06-14,28.227144241333008,28.465103242251683,28.104059516926277,28.350225835565173,53192600
2013-06-17,28.71947479248047,28.850763694896262,28.415869792551632,28.465101174598594,49670100
2013-06-18,28.703062057495117,28.858966644248525,28.63741917418944,28.694857870897234,28616500
2013-06-19,28.383041381835938,28.793319515062723,28.383041381835938,28.68664632397511,30816200
2013-06-20,27.480432510375977,28.169699943788473,27.381963498335658,28.112258121677982,54493700
2013-06-21,27.299901962280273,27.677357018969694,27.119378617701365,27.6199183420897,85338500
2013-06-24,27.669143676757812,28.06301010078275,26.72550321720475,27.029107998816706,56109000
2013-06-25,27.62812614440918,28.210723433626,27.455810091200355,27.96455719616003,44073400
2013-06-26,28.186105728149414,28.29277891631357,27.80865060716691,27.997378167658162,48665900
2013-06-27,28.40766716003418,28.53895608410036,28.309201249528257,28.325612756308388,28993100
2013-06-28,28.342012405395508,28.54715145905904,28.17790053642997,28.210723536257788,65545500
2013-07-01,28.194313049316406,28.711264359570265,28.169697363647916,28.514329483701385,31055400
2013-07-02,27.849689483642578,28.259967777845667,27.595318944548648,28.235352081849474,37630000
2013-07-03,27.90711212158203,28.202512824103035,27.570684239304928,27.61991873311615,15994400
2013-07-05,28.071229934692383,28.095848751915007,27.55428172562484,27.9727640563234,26085900
2013-07-08,28.169700622558594,28.38304389343872,27.882504025781696,28.186108994786736,32396900
2013-07-09,28.186105728149414,28.391244789140817,28.013789668158314,28.374836418814326,25318500
2013-07-10,28.473308563232422,28.56357027077766,28.161496245396428,28.177907749511412,29658800
2013-07-11,29.28565788269043,29.351303899625353,28.637420681417098,28.71947507241138,53638300
2013-07-12,29.269237518310547,29.318472016107872,28.94922110806149,29.195390466874695,35501200
2013-07-15,29.679515838623047,29.720546152191037,29.195390692324622,29.261033559721202,34142600
2013-07-16,29.761573791503906,29.892862658481725,29.50720024228347,29.54822742630651,36378500
2013-07-17,29.326688766479492,29.86004857844147,29.1215496549154,29.81902138216354,37285100
2013-07-18,29.080509185791016,29.449760083854297,28.899988959094898,29.31026703912669,49547100
2013-07-19,25.76546859741211,26.807573953049346,25.45365787885411,26.586026497226168,248428500
2013-07-22,26.266008377075195,26.266008377075195,25.92958195117793,26.011637902290794,79040700
2013-07-23,26.11009979248047,26.290623170296858,26.019838103572276,26.18394998066229,65810400
2013-07-24,26.224985122680664,26.413712743023478,26.167546417801315,26.290631145499724,52803100
2013-07-25,25.757259368896484,25.970604174933353,25.642381998371555,25.945988489870462,63213000
2013-07-26,25.945985794067383,25.945985794067383,25.60955633732412,25.650585083310677,38633600
2013-07-29,25.880348205566406,25.929581148675563,25.765469251528984,25.822907946004175,28870700
2013-07-30,26.13471794128418,26.35626694835289,25.888550117193418,26.07727925185574,45799500
2013-07-31,26.126514434814453,26.298830517901116,26.019841232352867,26.233186072189,43898400
2013-08-01,25.987016677856445,26.331650367817236,25.929577990377453,26.307034681804442,42557900
2013-08-02,26.167545318603516,26.175751071111208,25.90496749870647,26.00343496371149,29199900
2013-08-05,26.011634826660156,26.257801085804815,25.9624003227617,26.175745144394295,30984000
2013-08-06,25.91316795349121,25.98701814587513,25.749056067063183,25.888550701000923,36331500
2013-08-07,26.307035446166992,26.33985531841308,25.642383732946456,25.880345805229908,38078600
2013-08-08,26.98809051513672,27.135790868404744,26.298823243277003,26.454730910711703,59034400
2013-08-09,26.832189559936523,26.996301433273402,26.643462001159886,26.889628246078388,26800700
2013-08-12,26.971683502197266,27.053741006643598,26.635255559401635,26.635255559401635,25493700
2013-08-13,26.63289451599121,26.897322633845643,26.616367364596332,26.864268331055886,39464100
2013-08-14,26.732040405273438,27.56664378050154,26.194922448605126,26.558510133991224,48519600
2013-08-15,26.269289016723633,26.59156037211754,25.48426718944916,26.442819261592707,33338000
2013-08-16,26.277563095092773,26.43456784797282,26.161876211978832,26.269301097255127,32866300
2013-08-19,25.938756942749023,26.418033060632148,25.930493371185424,26.244502786141847,27902500
2013-08-20,26.12881851196289,26.360192234089475,25.922233930855423,25.98007736138707,22979600
2013-08-21,26.12055778503418,26.45109125947454,26.062714348201347,26.12055778503418,37409100
2013-08-22,26.765094757080078,26.84773047139268,26.525455913918815,26.599826480685064,31169900
2013-08-23,28.71526527404785,29.087118260560956,28.09551134726984,29.062325959972426,225493800
2013-08-26,28.21946144104004,28.649154693245688,28.12029855000988,28.42604606900598,72786800
2013-08-27,27.48401641845703,28.178140866752184,27.39312183366136,27.69886618819877,58522300
2013-08-28,27.285701751708984,27.76497651462591,27.269174600955754,27.591446160064525,44257400
2013-08-29,27.723655700683594,27.764971994724885,27.103901833370706,27.211326719663003,45284700
2013-08-30,27.599700927734375,27.665806353644793,27.343534915784055,27.574908634816275,42790200
2013-09-03,26.343671798706055,26.50067656164697,25.856133513149157,26.236248482661644,154507000
2013-09-04,25.781763076782227,26.004873284719906,25.707392482097774,25.9387662645688,142320600
2013-09-05,25.80655288696289,25.98008480438804,25.575179098550326,25.699129567502162,71644900
2013-09-06,25.74044418334961,25.938765235938288,25.723917034938314,25.872658218408727,75434900
2013-09-09,26.161874771118164,26.269299650478054,25.781759846898215,25.79828541777894,49628500
2013-09-10,26.765094757080078,26.77335990462643,26.26929308012522,26.360189213638897,56881200
2013-09-11,27.054319381713867,27.211322535823438,26.880785929851964,26.91384022089525,39087500
2013-09-12,27.013004302978516,27.087374893717513,26.93037171426016,27.037796601378982,32860200
2013-09-13,27.293964385986328,27.327018688261823,26.86426791310016,27.079117725659124,40899000
2013-09-16,27.10389518737793,27.682332618814154,27.046051759457345,27.583172906983215,52839700
2013-09-17,27.211322784423828,27.657546260892772,27.186533642030238,27.616226820595827,84716500
2013-09-18,27.533592224121094,27.599700801960758,27.12868821765988,27.260902221108715,64099900
2013-09-19,27.798030853271484,27.831085154822105,27.53360274532989,27.665816799300686,42026600
2013-09-20,27.095638275146484,27.66581066543761,27.013002539591323,27.607967226664496,102904900
2013-09-23,27.054319381713867,27.244376826866723,26.855996787684845,26.88905107872813,39826100
2013-09-24,26.81467628479004,27.161736829495336,26.566775445396225,27.161736829495336,40685000
2013-09-25,26.86426544189453,27.10390438300019,26.773370847345827,26.847741444508568,28907500
2013-09-26,27.079124450683594,27.269182007620316,26.930383205736153,26.971699517725433,28504000
2013-09-27,27.492273330688477,27.88891530340258,27.161736777311628,27.170001924872654,55348000
2013-09-30,27.50054359436035,27.525335892267318,27.021268915317926,27.269169828769606,39839500
2013-10-01,27.748449325561523,27.773238472725243,27.517072393851922,27.55838868986857,36718700
2013-10-02,28.029403686523438,28.12030143651597,27.508812640217897,27.566656089807402,46946800
2013-10-03,27.979822158813477,28.095509044640295,27.616231200807796,27.996349307107483,38703800
2013-10-04,27.996355056762695,28.08725281493193,27.7815052370478,27.83934869184061,33008100
2013-10-07,27.517072677612305,27.85587135201266,27.434440084726894,27.764973608499893,35069300
2013-10-08,27.277433395385742,27.541864624137666,27.103903061212467,27.525337475326214,41017600
2013-10-09,27.32700538635254,27.558379085192197,27.236107675456893,27.32700538635254,35878600
2013-10-10,27.897184371948242,28.004609251867375,27.484015151584945,27.525334595406065,42875100
2013-10-11,28.202926635742188,28.211188631636027,27.831073775911317,27.831073775911317,30033300
2013-10-14,28.467357635498047,28.50867392378202,27.91370928535447,28.012872159912888,27757900
2013-10-15,28.500415802001953,28.91358504547862,28.483888653995148,28.64915382960088,47097800
2013-10-16,28.62435531616211,28.839205017708185,28.558249897999566,28.59130103096577,35111600
2013-10-17,28.855735778808594,28.913582367590426,28.401250283523567,28.467358869428015,31359200
2013-10-18,28.88880157470703,28.913593880408442,28.36821043845939,28.773114655540887,41811700
2013-10-21,28.91358184814453,29.087112154679847,28.847473263427755,28.905316698939526,27433500
2013-10-22,28.574785232543945,29.00447845436218,28.525203790535205,28.938373017248235,40438500
2013-10-23,27.897184371948242,28.500414207641928,27.82281378619361,28.384724178066172,58600500
2013-10-24,27.864120483398438,28.17812667762413,27.740168513099658,27.946753028777927,53209700
2013-10-25,29.525068283081055,29.9878188847286,29.310221703313264,29.649020294020932,113494000
2013-10-28,29.39285659790039,29.52507061564058,29.144955708666387,29.425910890393144,38383600
2013-10-29,29.351551055908203,29.51681942665663,29.136701228265654,29.442448817431437,31702200
2013-10-30,29.368070602416992,29.57465522429292,29.2771728644346,29.359805452292502,36997700
2013-10-31,29.260635375976562,29.492009061998285,29.20279195447113,29.467219924847402,41682300
2013-11-01,29.359804153442383,29.492018179504704,29.24411727466673,29.475491032218038,40264600
2013-11-04,29.69860076904297,29.731655061364503,29.37632929948504,29.409383591806574,28060700
2013-11-05,30.277036666870117,30.334880099243684,29.558123184348208,29.574650329630746,51681900
2013-11-06,31.54961395263672,31.58266825940865,30.624115428647976,30.772856656889477,88948800
2013-11-07,30.98769760131836,31.409128901714382,30.92985415130776,31.367812602025612,60437400
2013-11-08,31.219070434570312,31.219070434570312,30.855482595444457,31.128172686730974,36737800
2013-11-11,31.06207275390625,31.21907597662559,30.863750073211023,31.14470536539389,26872500
2013-11-12,30.87200927734375,31.070328767595115,30.739795233099017,30.888536426903272,31651600
2013-11-13,31.533069610595703,31.533069610595703,30.49188473268657,30.55799015796422,44957600
2013-11-14,31.41739273071289,31.508290477541493,31.169491790782185,31.2934406846318,46183700
2013-11-15,31.268644332885742,31.417385493024653,31.169484610203387,31.35954205877405,50601300
2013-11-18,30.739791870117188,31.053801372932085,30.632366985848464,30.86374074990622,53277500
2013-11-19,30.58992576599121,30.997900659661106,30.531640462186335,30.681509697941163,44275000
2013-11-20,30.87301254272461,31.147770697929026,30.689838321829782,30.73979261760995,32229900
2013-11-21,31.139448165893555,31.24768459822943,31.022880723462695,31.031208557419635,23064700
2013-11-22,31.28099250793457,31.37257963320009,31.08116894020829,31.24768752126741,27982000
2013-11-25,31.339282989501953,31.597391940677262,31.281000835388046,31.58073944291055,30646800
2013-11-26,31.097803115844727,31.3475872180899,31.097803115844723,31.28097727718804,34465300
2013-11-27,31.30595588684082,31.439172598762557,31.214371978005893,31.280978745898288,26002100
2013-11-29,31.747236251831055,31.88045295295244,31.48912750384857,31.48912750384857,22090400
2013-12-02,32.013694763183594,32.28845303518616,31.68897899802639,31.713956156534117,42950400
2013-12-03,31.897117614746094,32.046986857739256,31.705618732285476,31.75557302919126,52109800
2013-12-04,32.42164993286133,32.45495490784743,31.738913826332325,31.813848431982446,51983600
2013-12-05,31.639013290405273,32.37170711908077,30.956276941913913,32.346726790919526,116305000
2013-12-06,31.938751220703125,32.0969451407808,31.63068803901995,31.98870552381276,36457300
2013-12-09,32.230159759521484,32.363376519158656,31.947073748275233,32.10527083393931,30286000
2013-12-10,31.730594635009766,32.38835371164111,31.655660016455084,32.14689736561627,37828600
2013-12-11,31.314289093017578,31.888785666266855,31.131114891631942,31.68896215215297,39853400
2013-12-12,30.989578247070312,31.339271038399865,30.956273264237602,31.339271038399865,36012800
2013-12-13,30.54828643798828,31.181068226487735,30.49000432274979,31.15608790843047,40066100
2013-12-16,30.714815139770508,30.806402249234065,30.4234044970572,30.581598392224738,31734200
2013-12-17,30.40675163269043,30.89798897875064,30.248557739468172,30.7564443996463,45687700
2013-12-18,30.456714630126953,30.473363947266055,29.582476201822644,30.273540380213543,63192100
2013-12-19,30.18193817138672,30.43171909343981,30.04039681347344,30.398414123529598,34160100
2013-12-20,30.63987159729004,30.748111165690627,30.131981902645215,30.14030973351896,62649100
2013-12-23,30.490001678466797,30.714805464663343,30.43171956828289,30.648198699940362,25128700
2013-12-24,30.87301254272461,30.947943986394865,30.50666410093495,30.57327406349228,14243000
2013-12-26,31.172746658325195,31.21437947140648,30.94794280746462,30.972923130540934,17612800
2013-12-27,31.04785919189453,31.32261734941454,30.947944247216476,31.289315543993045,14563000
2013-12-30,31.04785919189453,31.12279381233414,30.723143562035492,30.98957706223459,16290500
2013-12-31,31.14776611328125,31.28931067481268,30.98957223969893,31.139441457255806,17503500
2014-01-02,30.939603805541992,31.139430416815372,30.889646358689586,31.097797623036918,30632200
2014-01-03,30.73147201538086,30.98958089014127,30.47336314062045,30.97292839730464,31134800
2014-01-06,30.0820369720459,30.71481574124529,30.065384481259354,30.6815107596722,43603700
2014-01-07,30.315156936645508,30.38176688099612,30.148635251905944,30.248550168431862,35802800
2014-01-08,29.773971557617188,30.090362539859328,29.624105488279284,29.973798276964317,59971700
2014-01-09,29.582468032836914,29.898858965462363,29.474231620629816,29.87388182051264,36516300
2014-01-10,30.007095336914062,30.098682426761112,29.765639041160412,29.890531104794952,40548800
2014-01-13,29.12453842163086,29.99044885671347,28.999649509119823,29.965471709438813,45901900
2014-01-14,29.79062271118164,29.87388516389492,28.83312832601252,28.91638760258799,41623300
2014-01-15,30.606571197509766,30.631551517725224,29.848900457812622,29.89053326612594,44812600
2014-01-16,30.714815139770508,30.806402249234065,30.231905620968764,30.54829341130385,38018700
2014-01-17,30.29018783569336,30.664860931774925,30.098688959060073,30.664860931774925,46267500
2014-01-21,30.115331649780273,30.65652635577042,30.02374773633716,30.65652635577042,31567300
2014-01-22,29.91551971435547,30.240235392911522,29.76565045100062,30.190277913080465,21904300
2014-01-23,30.023752212524414,30.082034337103348,29.574144529083284,30.048729358447506,43954000
2014-01-24,30.64820098876953,31.264327107051198,30.415069354486683,31.181067850895417,76395500
2014-01-27,29.998775482177734,30.714816728321118,29.95714584194246,30.698164236999414,44420800
2014-01-28,30.198589324951172,30.298501054140168,29.765634263616718,30.073697281362474,36205500
2014-01-29,30.523311614990234,30.706485806019966,29.89053295455429,29.957139730114083,52745900
2014-01-30,30.689828872680664,30.706481358192832,30.165286695526365,30.631546761456505,35036300
2014-01-31,31.505781173706055,31.547410798846904,30.44004752464368,30.764763047333822,93162300
2014-02-03,30.373437881469727,31.630673535559627,30.331808255920496,31.422522231676634,64063100
2014-02-04,30.265201568603516,30.964590151902346,30.18194230855204,30.78141914456166,54697900
2014-02-05,29.823928833007812,30.36512367986204,29.80727634182821,30.215254435383574,55814400
2014-02-06,30.123668670654297,30.18195080432332,29.715690558833035,29.807277676352385,35351800
2014-02-07,30.440067291259766,30.465044447336123,29.98213158893408,30.240240514232298,33260500
2014-02-10,30.63987159729004,30.63987159729004,30.21524433069831,30.49833023380509,26767000
2014-02-11,30.947938919067383,31.022873526605885,30.68983329676378,30.70648578467648,32141400
2014-02-12,31.197734832763672,31.305971280828704,31.0561902201685,31.097819867588782,27051800
2014-02-13,31.314289093017578,31.522440439633076,31.081160601172215,31.081160601172215,37635500
2014-02-14,31.322603225708008,31.455819915738683,31.081150158621195,31.131104432297434,31407500
2014-02-18,31.38971710205078,31.691703148775904,31.38133002295458,31.56587776260968,32834000
2014-02-19,31.465221405029297,31.66654655268203,31.21356737042938,31.22195765155702,29750400
2014-02-20,31.666542053222656,31.767203012768903,31.37294625456519,31.515549013926186,27526100
2014-02-21,31.859479904174805,32.16985309209019,31.75881893511256,31.825925181169218,38021300
2014-02-24,31.616209030151367,31.85947594175455,31.490383634461317,31.616209030151364,32085100
2014-02-25,31.490381240844727,31.75042229214397,31.33099793848313,31.549100394360934,30736500
2014-02-26,31.431669235229492,31.658158821706987,31.196789367796573,31.523943126011574,41041800
2014-02-27,31.758817672729492,31.783982114006164,31.230342006238722,31.41488977547933,33903400
2014-02-28,32.136295318603516,32.26212070546995,31.725258041617177,31.85947370758037,41215000
2014-03-03,31.69171714782715,31.98531624514639,31.448453347134993,31.80915550677273,29717500
2014-03-04,32.220191955566406,32.278911133203145,31.93498314992144,32.04403442265618,26802400
2014-03-05,31.968530654907227,32.102746344879826,31.817537603693747,32.08596898363894,20520100
2014-03-06,32.002079010009766,32.07757552059514,31.783976557228094,31.99368873108149,23582200
2014-03-07,31.792373657226562,32.17824337191644,31.616212961429433,32.11113392590715,26591600
2014-03-10,31.725248336791992,31.88462839138297,31.641364771207876,31.867854238228478,19006600
2014-03-11,31.893020629882812,32.06917804841791,31.641366717696513,31.76719207381311,25216400
2014-03-12,32.10273742675781,32.23695307944538,31.70009046869511,31.708477547008393,30494100
2014-03-13,31.783987045288086,32.25374362171305,31.574274802233976,32.22857597657724,32169700
2014-03-14,31.624591827392578,31.993684047357824,31.465208550626503,31.582650038752742,27195600
2014-03-17,31.91819190979004,32.22017794919187,31.700092659085268,31.79236652667514,20479600
2014-03-18,33.17647171020508,33.47007073062196,32.06080439249339,32.09435591486449,64063900
2014-03-19,32.94159698486328,33.17647365500164,32.63961086613989,33.10936740637124,35597200
2014-03-20,33.83077621459961,34.09920759503169,32.916430825017066,32.92481790567549,59269800
2014-03-21,33.68815612792969,34.34245694357675,33.56232757109612,34.15791244682814,80721800
2014-03-24,33.973384857177734,34.09082320641962,33.43652200352625,33.83916914376486,46098400
2014-03-25,33.83915710449219,34.38441004621695,33.52039369856291,34.10758843581561,43193100
2014-03-26,33.37779235839844,34.14953166844154,33.21840904874961,33.956596840930764,41977500
2014-03-27,33.01708984375,33.528788132479775,33.000312483469024,33.33585328917998,35369200
2014-03-28,33.80561065673828,34.090819416024004,33.285525225083596,33.37779911778702,43472700
2014-03-31,34.3844108581543,34.812222302567555,33.889489979348554,33.91465441726876,46886300
2014-04-01,34.74510192871094,34.887707831918654,34.45150624556703,34.518615658830186,32605000
2014-04-02,34.686397552490234,34.946441839614444,34.535404508347696,34.7618940745615,28666700
2014-04-03,34.401187896728516,34.63606773681146,34.149533896597134,34.63606773681146,30139600
2014-04-04,33.44491195678711,34.719962943646486,33.25197705219037,34.60252458432284,51409600
2014-04-07,33.38617706298828,33.78043696939561,33.33584818979843,33.52039272475085,37559600
2014-04-08,33.4029655456543,33.49523944383948,32.88288008310265,33.3442463740737,35918600
2014-04-09,33.948204040527344,34.01531026489656,33.45328323598461,33.49522502620955,27398700
2014-04-10,33.01708984375,34.132757102823504,32.79060027988825,33.923044899242726,45960800
2014-04-11,32.89125442504883,33.37778817250226,32.71509697853787,32.71509697853787,34330200
2014-04-14,32.866092681884766,33.05902750100297,32.63121606729806,32.80737352823809,32006600
2014-04-15,33.344242095947266,33.520399588087734,32.757047255524604,33.00031419226398,33968700
2014-04-16,33.889488220214844,33.9062623779883,33.47845095578185,33.604279538759286,30615800
2014-04-17,33.56233215332031,33.72171544039699,33.142907839882426,33.56233215332031,36688400
2014-04-21,33.50361633300781,33.67977699411268,33.37779094645163,33.66299963591441,22221200
2014-04-22,33.545562744140625,33.671388136006776,33.411347072844315,33.52039510580418,27056700
2014-04-23,33.29391860961914,33.54557589189328,33.10937398922811,33.54557589189328,24602800
2014-04-24,33.436519622802734,33.52879351919563,32.96676305932745,33.33585864489903,42381600
2014-04-25,33.47846984863281,34.124384085847375,33.3442541110269,33.79723342543019,56876800
2014-04-28,34.28374099731445,34.63605906929578,33.629440120717824,33.67138191025161,50610200
2014-04-29,33.98176193237305,34.5521793463906,33.88110097694468,34.47668282983081,29636200
2014-04-30,33.889488220214844,33.97337180889727,33.69655020632844,33.889488220214844,35458700
2014-05-01,33.553951263427734,33.85593733679125,33.51200946433928,33.75527637898813,28787400
2014-05-02,33.29391860961914,33.83917178793942,33.268754161373835,33.814007339694115,43416600
2014-05-05,33.07579803466797,33.251955459261524,32.96674682898725,33.15129453091567,22460900
2014-05-06,32.76544189453125,33.008705663675094,32.67316799591072,32.95837677348562,27112400
2014-05-07,33.06741714477539,33.14291366245564,32.30406488821025,32.899649949889614,41744500
2014-05-08,33.25197219848633,33.47007471964177,32.68994493234504,33.00031815096105,32120400
2014-05-09,33.16807556152344,33.428116588565686,33.02546963060522,33.16807556152344,29647600
2014-05-12,33.528785705566406,33.57072750325583,33.26035436040922,33.3358508762318,22782600
2014-05-13,34.14546203613281,34.21304490621809,33.663945365625366,33.72307876568568,27004800
2014-05-14,33.993404388427734,34.170804574857115,33.832896695681605,34.04408831453421,18818700
2014-05-15,33.452754974365234,34.128570810234216,33.37672585395641,33.86669201270855,37793200
2014-05-16,33.64705276489258,33.655499012362384,33.173982343368166,33.5118870251468,29867100
2014-05-19,33.57947540283203,33.63860881240576,33.334492293152806,33.46120858368458,24537400
2014-05-20,33.52033615112305,33.739974030898566,33.3344864834086,33.52033615112305,21320900
2014-05-21,34.08633041381836,34.08633041381836,33.57102550392156,33.62170943660029,22398700
2014-05-22,33.87514114379883,34.08633280485126,33.663949482746396,34.035648868617244,20201800
2014-05-23,33.89202880859375,34.1032204194543,33.79065773768859,34.1032204194543,18020000
2014-05-27,33.9511604309082,34.01029382106245,33.63015151936462,34.01029382106245,26160600
2014-05-28,33.79910659790039,33.951164827280934,33.638602121344704,33.908927146348226,25711500
2014-05-29,34.077880859375,34.08632710649234,33.714631005288545,33.91737638391782,19888200
2014-05-30,34.584747314453125,34.61009250660925,34.00185945532942,34.17081343874373,34567600
2014-06-02,34.45802307128906,34.71145235297526,34.36509824941422,34.59318556969024,18504300
2014-06-03,34.035640716552734,34.365099113279484,34.00184928547095,34.29751625111593,18068900
2014-06-04,34.06098937988281,34.103227065780914,33.67239751357409,33.96806453738967,23209000
2014-06-05,34.812835693359375,34.846627135503866,34.128576713844595,34.289081230236974,31865200
2014-06-06,35.04092025756836,35.19297851238054,34.83817806617147,35.04092025756836,24060500
2014-06-09,34.8635139465332,35.040914138659794,34.65232232089818,34.96488502453005,15019200
2014-06-10,34.72836685180664,34.77060455117831,34.5171751324184,34.66078395478805,15117700
2014-06-11,34.517173767089844,34.69457403095171,34.441144622216214,34.57630718837713,18040000
2014-06-12,34.28063201904297,34.53406136817119,34.035648918456445,34.474927960792236,29818900
2014-06-13,34.8297233581543,35.11694410488837,34.51716064693822,34.71990280785136,26310000
2014-06-16,35.05781936645508,35.15074422254917,34.66922744327009,34.66922744327009,24205300
2014-06-17,35.20987319946289,35.40416913657376,34.07788579268685,34.88041473120841,22518600
2014-06-18,35.184513092041016,35.26054217801948,34.78747195165043,35.15072167104452,27097000
2014-06-19,35.06625747680664,35.285898580690954,34.91420246511644,35.11694462905577,19828200
2014-06-20,35.20987319946289,35.33658948226643,34.95644385638475,35.01557726235202,47764900
2014-06-23,35.47175979614258,35.4802060463358,35.21832717493075,35.25211862076294,18743900
2014-06-24,35.269012451171875,35.429516976467795,35.108507925875955,35.33659533920982,26509100
2014-06-25,35.505531311035156,35.522427026000365,35.02401471337514,35.22676007042952,20049100
2014-06-26,35.2436637878418,35.42951024960125,34.998680699012446,35.4210640014649,23604400
2014-06-27,35.69137954711914,35.7251709757184,35.06625100814485,35.150729579643,74640000
2014-06-30,35.22676086425781,35.65759032673086,35.22676086425781,35.62379889603896,30793100
2014-07-01,35.37036895751953,35.60690574546517,35.2183107447431,35.36192271126668,26917000
2014-07-02,35.39571762084961,35.39571762084961,35.0831516957895,35.2521056402085,20208100
2014-07-03,35.31124496459961,35.471752688877736,35.10850277528797,35.404169810754524,15969300
2014-07-07,35.47175979614258,35.58157716130275,35.235222897846846,35.269014343679046,21952400
2014-07-08,35.29435348510742,35.480203199744054,35.150744685636845,35.37038262086519,31218200
2014-07-09,35.201412200927734,35.47174039721751,35.08314542772289,35.46329092911552,18445900
2014-07-10,35.218326568603516,35.480205435500004,34.67767633471492,34.948001451659216,21854700
2014-07-11,35.55621337890625,35.55621337890625,35.040905424895946,35.226755040447905,24083000
2014-07-14,35.598472595214844,35.86035146449385,35.513997203849804,35.66605548633057,21881100
2014-07-15,35.8603401184082,35.87723583584139,35.5055364973685,35.75896903633769,28748700
2014-07-16,37.23731231689453,37.43160824319286,35.88568385814749,35.91102582428635,63318000
2014-07-17,37.61745834350586,38.61428326023843,37.380924709884255,38.39464534652252,82180300
2014-07-18,37.75260925292969,37.879325501930985,37.38091319706894,37.71882104605368,43407500
2014-07-21,37.879329681396484,38.149654701399704,37.35557535795629,37.64279609452577,37604400
2014-07-22,37.87089538574219,38.14122049105509,37.668149945492786,38.01450418808303,43095800
2014-07-23,37.90467071533203,38.39463681615124,37.69347909722617,38.39463681615124,52362900
2014-07-24,37.50763702392578,38.01449567727799,37.44005415146349,37.95536227513786,30725300
2014-07-25,37.59212112426758,37.727283678060395,37.42316712639419,37.42316712639419,26737700
2014-07-28,37.14439010620117,37.600561641625326,37.11059866727228,37.47384857943545,29684200
2014-07-29,37.076805114746094,37.24575907723021,36.86561346727314,37.09370083324738,27763100
2014-07-30,36.8149299621582,37.25420575818182,36.5699468748355,37.22886379139976,31921400
2014-07-31,36.46013641357422,36.907861804225504,36.39255674259371,36.64598614819765,31537500
2014-08-01,36.206695556640625,36.53615400197873,35.98705444472941,36.50236256591105,31170300
2014-08-04,36.63752365112305,36.72200223797991,36.16445645483898,36.29961897128137,34277400
2014-08-05,36.392547607421875,36.7135566034274,36.1813559520098,36.58684354369751,26266400
2014-08-06,36.105323791503906,36.468570443545076,35.657595328354674,36.105323791503906,24634000
2014-08-07,36.519248962402344,36.70509859080774,36.029286154598886,36.18979060115853,30314900
2014-08-08,36.49391174316406,36.59528281613019,36.24892869617831,36.519253705773515,28942700
2014-08-11,36.49391174316406,36.70510335831833,36.34185352245072,36.54459566838297,20351600
2014-08-12,36.76424789428711,36.82338130664862,36.32496881493783,36.35876025700992,21431100
2014-08-13,37.23731231689453,37.32178768570989,36.764241872953754,36.899404396575584,22889500
2014-08-14,37.3978157043457,37.52452875383384,37.17817459585373,37.23731121931593,19313200
2014-08-15,37.83709716796875,37.93002201050799,37.507638706259705,37.65969695359139,41611300
2014-08-18,38.107425689697266,38.107425689697266,37.74417575721393,37.96381367748031,26891100
2014-08-19,38.532447814941406,38.54094681752585,38.10742634727687,38.22643183939791,28139500
2014-08-20,38.20941925048828,38.591939106380465,38.166917764868145,38.54093537804301,24770500
2014-08-21,38.438934326171875,38.46443457111061,38.10741817134524,38.11591717210623,22285500
2014-08-22,38.37944412231445,38.651457632648984,38.31143912340241,38.54945013428092,18294500
2014-08-25,38.39643859863281,38.62595058487091,38.28593534954733,38.59195133119812,16910000
2014-08-26,38.260433197021484,38.59195268386746,38.20093044768784,38.51544868577326,14873100
2014-08-27,38.141414642333984,38.25192110012233,38.04790942748658,38.166918128073156,21287900
2014-08-28,38.149906158447266,38.23490910659599,37.920394307260175,38.039399731730235,17657600
2014-08-29,38.617435455322266,38.62593445452711,38.13291143426652,38.32842084252979,21607600
2014-09-02,38.328433990478516,38.642948951429986,38.12442227037231,38.617448702412815,22976800
2014-09-03,38.21792984008789,38.34543757827034,37.852411116131776,37.852411116131776,33684500
2014-09-04,38.47293472290039,38.481436966571515,38.01391408699138,38.03091533167776,26475500
2014-09-05,39.02546691894531,39.04246816497916,38.345433290871846,38.345433290871846,36939400
2014-09-08,39.501495361328125,39.78200783754865,39.09347515058966,39.1189754004307,45736700
2014-09-09,39.74800491333008,39.926516388258335,39.45899019517999,39.501494934664464,40302400
2014-09-10,39.816009521484375,39.901012514327434,39.3399843306568,39.7990082743845,27302400
2014-09-11,39.952003479003906,39.952003479003906,39.50148192423079,39.73099382269689,29216400
2014-09-12,39.69700241088867,39.96901586804908,39.61199617886593,39.87551063415215,38244700
2014-09-15,39.30598831176758,39.70550630217523,39.18697957228077,39.561000553926135,37667600
2014-09-16,39.74800491333008,39.82450890468323,39.34848695195816,39.43348994561439,27910600
2014-09-17,39.54398727416992,39.688492978453155,39.29747410993376,39.32297435359419,38311900
2014-09-18,39.679988861083984,39.80749654825426,39.49297845127563,39.60348489731286,35556600
2014-09-19,40.39404296875,40.436544469397575,39.61200173767669,39.79051322864714,202522400
2014-09-22,40.00301742553711,40.275030876337496,39.93501244150895,40.20702589230934,38686100
2014-09-23,39.57799530029297,39.93501173213063,39.501491315948314,39.82450525637591,33430300
2014-09-24,40.020015716552734,40.045515962352354,39.390982631363215,39.6374958162791,26582700
2014-09-25,39.135963439941406,40.0285075523745,39.127461197759544,39.849999378418936,33077400
2014-09-26,39.45048904418945,39.62899726673883,38.89795988754861,39.04246886008109,27078800
2014-09-29,39.47599792480469,39.57800542513046,38.89796839358616,39.08497890152653,26091000
2014-09-30,39.40797805786133,39.50998226865561,39.11046118261618,39.41647705765444,33033100
2014-10-01,39.016971588134766,39.55249629663293,38.97446684772306,39.33148656271159,38088400
2014-10-02,38.89796829223633,39.186983057092554,38.79596403483321,38.95747428859976,25119400
2014-10-03,39.17847442626953,39.3569826435252,38.77045425426111,39.084969195519584,32453200
2014-10-06,39.17847442626953,39.3569826435252,39.0339654580225,39.20397467369003,20604000
2014-10-07,38.702457427978516,39.0424759309769,38.60895217752112,38.982973179350694,25723700
2014-10-08,39.765010833740234,39.858516083344554,38.540950070895676,38.659955573062355,33031000
2014-10-09,38.97446823120117,39.78200968784263,38.880966229883064,39.52699744960231,34422800
2014-10-10,37.42738723754883,39.20397699921432,37.359385492841696,38.76195430932102,51978100
2014-10-13,37.104373931884766,37.877912842217185,36.96836719740839,37.24887966860376,37100200
2014-10-14,37.17237091064453,37.724900022590184,37.02786519245758,37.29137638271752,38115700
2014-10-15,36.73884201049805,36.88334769524023,35.78679196894713,36.551831601862126,60218700
2014-10-16,36.33082962036133,36.61984429348875,35.888806988363164,36.15231817324156,49040400
2014-10-17,37.087379455566406,37.35089072772788,36.373343158543996,36.7218606819325,40683300
2014-10-20,37.46989059448242,37.52089109046834,36.39033577981311,36.60284649350417,34527900
2014-10-21,38.149906158447266,38.23490910659599,37.56337479119538,37.70788369423374,36433800
2014-10-22,37.72489929199219,38.31142763984549,37.59739157857997,38.25192490496135,33570900
2014-10-23,38.268924713134766,38.634443352363455,37.85240234192449,37.928906318569,45451900
2014-10-24,39.21248245239258,39.867015917367105,38.404940995987296,39.807513169883656,61076700
2014-10-27,39.02546691894531,39.18697389228272,38.855457701262914,38.855457701262914,30371300
2014-10-28,39.518489837646484,39.52698883858514,38.90645800507659,38.98296198414783,29049800
2014-10-29,39.628997802734375,39.697002789000315,39.39098683611603,39.475989826292235,30276100
2014-10-30,39.14447021484375,39.3739821595132,38.90645926895956,39.3739821595132,30073900
2014-10-31,39.909515380859375,39.92651662822407,39.509994174429906,39.90101313584884,35849700
2014-11-03,40.32603454589844,40.3430357932437,39.72250485709527,39.858511593200994,23130400
2014-11-04,40.4365348815918,40.57254159700982,40.164521450755764,40.20702294132592,21530800
2014-11-05,40.683040618896484,40.71704310219023,40.1730130974562,40.63203689395587,22449600
2014-11-06,41.3970832824707,41.53308999509363,40.62354449642981,40.68304723053635,33037800
2014-11-07,41.38009262084961,41.584101120630436,41.04857637671328,41.584101120630436,28000600
2014-11-10,41.55859375,41.77960670333667,41.26957905593703,41.35458528516501,36370100
2014-11-11,41.54158020019531,41.6095851634357,41.35457303659448,41.52457895938522,23445200
2014-11-12,41.46510314941406,41.58410866966617,41.244093360754036,41.27809586444241,22722100
2014-11-13,42.170631408691406,42.20463390504215,41.40559145408234,41.4905976949592,26210400
2014-11-14,42.14512634277344,42.54464427995281,41.983616124887845,42.28113306998143,29081700
2014-11-17,42.04311752319336,42.25562823033767,41.771104077461125,42.00061603029571,30318600
2014-11-18,41.692413330078125,42.197102074013294,41.658196369751586,42.026020535489536,23995500
2014-11-19,41.24760055541992,41.700963836006316,40.99953250022373,41.623977310707794,26177500
2014-11-20,41.65818405151367,41.65818405151367,40.94819701866988,41.05940047529404,21510600
2014-11-21,41.042301177978516,41.95758359053174,40.691585517683436,41.931922503690956,42884800
2014-11-24,40.708683013916016,41.05939857959239,40.53760153387948,41.050845973989084,35434200
2014-11-25,40.60603713989258,41.03373922642827,40.588928664858194,40.76856275805727,28008000
2014-11-26,40.84555435180664,41.05085281468288,40.44351329619104,40.623150674873386,27163600
2014-11-28,40.896873474121094,41.23048056960942,40.72579199196845,41.01662953269558,21534400
2014-12-01,41.58974838256836,41.726612914475105,40.81133074551602,40.95675114616509,31191600
2014-12-02,41.45287322998047,41.9575616739126,41.23046964627969,41.77792763364193,25773500
2014-12-03,41.12784194946289,41.48711020348966,40.89688238768487,41.435784768725014,23534800
2014-12-04,41.77794647216797,41.96613646384756,41.23048823794567,41.39301388150902,30320400
2014-12-05,41.41867446899414,41.88914944254176,41.38446077709758,41.76083749282724,27313400
2014-12-08,40.80278015136719,41.35879091203876,40.58892910577627,41.28180440510171,26663100
2014-12-09,40.708683013916016,40.99096468233465,40.24676399674973,40.29808941969303,24330500
2014-12-10,40.11845779418945,40.76856354246455,39.9473763036619,40.70013290411834,30431800
2014-12-11,40.34942626953125,40.837009807237486,39.930279917106475,40.27244300175075,29060400
2014-12-12,40.161231994628906,40.82844629541325,39.921716574953486,40.015811568778645,34248400
2014-12-15,39.92171096801758,40.77711513631219,39.81906338149245,40.37507739612712,29247800
2014-12-16,38.63005828857422,39.63943562966134,38.604397203615406,39.26305891012877,47801400
2014-12-17,39.126190185546875,39.30582428734744,38.40765051523648,38.53595918947627,34970900
2014-12-18,40.64882278442383,40.64882278442383,39.63944519964689,39.84474371820714,40105600
2014-12-19,40.7685661315918,41.144942824168915,40.34941661633536,40.74290504847079,64551200
2014-12-22,41.042301177978516,41.16205726738044,40.81134160708536,40.87121965178632,26566000
2014-12-23,41.4443359375,41.74372611522282,41.17060684269394,41.37590203224438,23648100
2014-12-24,41.17915344238281,41.606855498515756,41.12783128403581,41.606855498515756,11437800
2014-12-26,40.956748962402344,41.41011208833797,40.90542354200848,41.41011208833797,13197800
2014-12-29,40.58893585205078,40.871217582332584,40.42640694199869,40.802786933185814,14439500
2014-12-30,40.22110366821289,40.73434485480266,40.067130659614385,40.58037184620415,16384700
2014-12-31,39.73352813720703,40.58037651890278,39.73352813720703,39.97304028344692,21552500
2015-01-02,39.99869918823242,40.56326583298269,39.810512482054385,39.9131600729795,27913900
2015-01-05,39.630882263183594,39.973042020810816,39.56244835379311,39.665095954770436,39673900
2015-01-06,39.0492057800293,39.9901491609254,38.95511078931803,39.67365049834883,36447900
2015-01-07,39.545326232910156,39.742068759867045,38.91232910498054,39.33147523450823,29114100
2015-01-08,40.708683013916016,40.845547545323676,39.964482328331094,39.990143408248834,29645200
2015-01-09,40.36652755737305,40.905433177574835,40.11846279147178,40.725799058543714,23944200
2015-01-12,39.86184310913086,40.66592532090056,39.65654788369388,40.5632744450733,23651900
2015-01-13,39.65654373168945,40.98241973944024,39.39992309520679,40.17834087496565,35270600
2015-01-14,39.31437683105469,39.553892229515114,39.023539268223395,39.31437683105469,29719600
2015-01-15,38.90378189086914,39.67364696159602,38.843903859046826,39.53678242270102,32750800
2015-01-16,39.553890228271484,39.58810391508497,38.63860476496695,38.75836408969195,35695300
2015-01-20,39.68220138549805,39.904608310833325,38.980770183640296,39.60521487489863,36161900
2015-01-21,39.2801628112793,39.46835279630728,38.90378610433168,39.297271288382596,39081100
2015-01-22,40.31519317626953,40.323745780872,39.417019590067994,39.673640148538794,35898000
2015-01-23,40.357975006103516,40.537609125383554,40.03292045947171,40.51194804066024,26211600
2015-01-26,40.21256637573242,40.315217270956765,39.553907745144556,40.20401376601842,42525500
2015-01-27,36.49154281616211,36.953461864455974,36.0210711616886,36.73961081577637,169164000
2015-01-28,35.234107971191406,36.60275704324611,35.208446881995236,36.55998747354949,84507100
2015-01-29,35.93553924560547,36.02963425651393,34.891948043160966,35.01170414318665,63585300
2015-01-30,34.55833053588867,35.5677077398126,34.51555771595839,35.542043395232824,78004900
2015-02-02,35.31107711791992,35.38806361071627,34.41290354403414,34.72084951521952,50352500
2015-02-03,35.58480453491211,35.86708941676251,35.11433299493536,35.610468873421304,52082400
2015-02-04,35.79011917114258,36.10661787613917,35.37952546282325,35.87565830337666,41614800
2015-02-05,36.311912536621094,36.47443817598829,35.807223878144825,36.11516994272131,36548200
2015-02-06,36.27769470214844,36.6027492361068,36.05529102929796,36.50865424497873,34616600
2015-02-09,36.234920501708984,36.55997499404427,36.10660857330856,36.13227291685338,31381100
2015-02-10,36.44022750854492,36.58564795884383,36.08095921329282,36.559986870071235,29670700
2015-02-11,36.252037048339844,36.48299661302191,36.10661661289916,36.48299661302191,38262500
2015-02-12,36.85936737060547,36.85936737060547,36.363231364785925,36.49154330094149,33268800
2015-02-13,37.526573181152344,37.526573181152344,36.9106845099748,37.107427041625286,40264900
2015-02-17,37.54380798339844,37.905632901841315,37.20782347670593,37.87978920376107,33695700
2015-02-18,37.50074005126953,37.647195378068496,37.38013171527667,37.58689121007206,27111700
2015-02-19,37.47490310668945,37.50074681582668,37.08723103797469,37.19922592145479,27603400
2015-02-20,37.785030364990234,37.80226059511786,37.29398030850927,37.48350626725238,29721100
2015-02-23,38.03486251831055,38.06931969109935,37.60411663831306,37.64719056904676,32518800
2015-02-24,37.983177185058594,38.16408969144598,37.836721856318285,38.0348678810253,25271700
2015-02-25,37.897037506103516,37.983185398345476,37.73335190997978,37.86257703467416,29759800
2015-02-26,37.95733642578125,38.10378847955571,37.81088108567581,37.89703225230577,28957300
2015-02-27,37.77641677856445,38.07794090161903,37.61273450810441,38.01763673427424,33807700
2015-03-02,37.80226135253906,38.06932170904223,37.51796747923261,37.621345575739305,31924000
2015-03-03,37.28536605834961,37.759189202905915,37.121683790622356,37.52658601003207,31748600
2015-03-04,37.09585189819336,37.22507374449162,36.940783053570144,37.05277466309563,25748700
2015-03-05,37.138919830322266,37.25091470803583,36.88908636708859,37.10445936235946,23193500
2015-03-06,36.492801666259766,37.138920666621786,36.31188913487789,37.0441560207557,36248800
2015-03-09,36.91490936279297,37.156129216858616,36.34632510575059,36.34632510575059,32108000
2015-03-10,36.208499908447266,36.79431460515931,36.208499908447266,36.48417702615523,39159700
2015-03-11,36.16543197631836,36.50141331388235,36.04482362809857,36.44972589969159,32215300
2015-03-12,35.33839416503906,35.88113492128004,35.20055560796696,35.60545780713583,59992500
2015-03-13,35.64852523803711,35.72605961764419,34.98517627613872,35.0627106557458,58007700
2015-03-16,35.8036003112793,35.87251794623388,35.56238037311225,35.72606591799889,35273500
2015-03-17,35.9242057800293,36.036200625044884,35.450385986035855,35.639911931835144,31673400
2015-03-18,36.613399505615234,36.89769336156794,35.60545573195799,35.69160359273322,44194800
2015-03-19,36.432491302490234,36.69093820148165,36.37218713560326,36.40664431215966,33879100
2015-03-20,36.94076919555664,37.026917060771176,36.60478792035738,36.66509208327364,71904500
2015-03-23,36.92353820800781,37.15614138291325,36.85461728818531,36.940768437963435,26246100
2015-03-24,36.95800018310547,37.19060008121658,36.82877509630554,36.854618799133334,25513300
2015-03-25,35.71746063232422,36.98385503390046,35.70023039646853,36.975238272806884,43469900
2015-03-26,35.5020751953125,35.846673219226155,35.25224179229162,35.51069195339201,37495600
2015-03-27,35.29533004760742,35.69161559860358,35.17472168742001,35.424551882237644,34401400
2015-03-30,35.286712646484375,35.78637959971485,35.2436387023893,35.4073210044831,35049700
2015-03-31,35.028255462646484,35.34700649942965,34.924877369752274,35.131633555540695,34887200
2015-04-01,35.079952239990234,35.11440941938108,34.72674068216966,34.976570842825026,36865300
2015-04-02,34.70951461791992,35.09718668802163,34.563059264178705,35.028265748300754,37487500
2015-04-06,35.79497528076172,35.993117954169826,34.614732710317945,34.75257123470313,39223700
2015-04-07,35.77775192260742,36.105119713240015,35.58822596915089,35.846672841195456,28809400
2015-04-08,35.682979583740234,35.91558270416251,35.35561515025368,35.717440035579735,24753400
2015-04-09,35.734676361083984,35.85528467677941,35.53653365868005,35.53653365868005,25723900
2015-04-10,35.941444396972656,36.13958714665488,35.674380715402215,35.863909991763876,28022000
2015-04-13,35.97589874267578,36.234348930566895,35.657147673628906,35.66576443260162,30276700
2015-04-14,35.88113021850586,36.20849469468944,35.657140538664464,36.01035200026359,24244400
2015-04-15,36.40665054321289,36.57894960080662,35.906986891155384,35.97590454239417,27343600
2015-04-16,36.32049560546875,36.47556439856129,36.02758825033067,36.13958310897097,22509700
2015-04-17,35.85530471801758,35.958686148967146,35.45901909170679,35.898378671080586,42387600
2015-04-20,36.96662521362305,37.19061170960223,35.906990344071296,35.950064291029044,46057700
2015-04-21,36.7340087890625,37.17337143500284,36.639244167925156,37.044146354119135,26013800
2015-04-22,37.03554916381836,37.15615753962185,36.656490512628224,36.75986865098382,25064300
2015-04-23,37.337066650390625,37.56966990492837,36.87186014131514,36.94939455949439,46309500
2015-04-24,41.23961639404297,41.47221960174794,39.327106607909,39.33572008093624,130933700
2015-04-27,41.37744903564453,41.46360018522176,40.67964279888576,40.688256270678316,59248200
2015-04-28,42.35093307495117,42.394007003940644,41.0931559450099,41.16207357412703,60730800
2015-04-29,42.26479721069336,42.480170203088456,41.78236052464916,41.971889809582784,47804600
2015-04-30,41.90296173095703,42.678305685931115,41.86850126932919,41.954652423398805,64725500
2015-05-01,41.920196533203125,42.10972580649411,41.696210080857206,41.8512788887624,38937300
2015-05-04,41.55837631225586,42.10111391636582,41.506685608198666,41.67036790821626,34039500
2015-05-05,41.006996154785156,41.48943260220866,40.75716610478835,41.19652534597465,50369200
2015-05-06,39.869834899902344,41.15345898131921,39.64584850346325,40.981159983726805,52433000
2015-05-07,40.231658935546875,40.56764013839643,39.76645267637225,39.86121727950001,32971700
2015-05-08,41.136234283447266,41.33437700710212,40.93809155979241,40.96393526269029,35364900
2015-05-11,40.80886459350586,41.27407094222907,40.80886459350586,40.9639333764136,24609400
2015-05-12,40.79163360595703,41.0759274647844,39.99044600459116,40.360887725064856,29928300
2015-05-13,41.03285598754883,41.62728415564537,40.98116529567199,41.515289299744126,34184600
2015-05-14,41.971900939941406,42.05804884521224,41.37746922004411,41.37746922004411,32980900
2015-05-15,41.610042572021484,42.13555296056435,41.39466967745995,42.1010925087154,28642700
2015-05-18,41.36022186279297,41.541137647112045,41.01562709800495,41.334378159174776,24136500
2015-05-19,41.25616455078125,41.45559495422678,40.90932705315314,41.2388223451311,28574800
2015-05-20,41.25616455078125,41.55964488044021,40.987365324735094,41.091415250948515,25047900
2015-05-21,41.11743927001953,41.27351586011727,40.76193221650546,40.99604710165207,22410700
2015-05-22,40.666542053222656,41.056730096381145,40.59717323187784,41.01337623688436,25720600
2015-05-26,40.39774703979492,40.64920408182998,40.05090951231982,40.60585021781754,29581900
2015-05-27,41.28218460083008,41.42091896655775,40.42376343885446,40.5971822229361,27335600
2015-05-28,41.14345169067383,41.637693092794436,41.09142506130228,41.18680556130597,19283700
2015-05-29,40.63185501098633,41.24748837595588,40.39774021564145,41.126096254151996,36519600
2015-06-01,40.952674865722656,41.42090442606825,40.4237492484086,40.80527110099554,28837300
2015-06-02,40.68388748168945,41.05673668705115,40.423760975264265,40.69256023959348,21498300
2015-06-03,40.62320327758789,41.39491687983723,40.59719161165092,41.074090897399465,28002200
2015-06-04,40.19832229614258,40.89199414136787,40.05958792709752,40.57117153314272,27745500
2015-06-05,40.00756072998047,40.337056092164815,39.74743420517734,40.15496785557145,25438100
2015-06-08,39.65205764770508,40.25902180434971,39.600031014499464,40.14629908624848,22121600
2015-06-09,39.58269119262695,39.83414497806454,39.41794184514303,39.67806838975792,24406100
2015-06-10,40.41509246826172,40.605853454346594,39.61736741456066,39.70407845718472,28417400
2015-06-11,40.2677001953125,40.68390343028726,39.99890413329985,40.45846125172608,27347800
2015-06-12,39.86016845703125,40.293713893169716,39.799472360587,40.07694117510049,23931000
2015-06-15,39.435272216796875,39.58267930936104,39.03641141428499,39.40926056245099,33254500
2015-06-16,39.73876190185547,40.09426889869496,39.27920165641321,39.322555522820366,27070300
2015-06-17,39.86016845703125,39.946876221183274,39.331242495712054,39.65206519230155,28704100
2015-06-18,40.510475158691406,40.57984068886515,40.03357266761086,40.07692984511873,32658300
2015-06-19,39.972869873046875,40.605848835290764,39.877492698541985,40.57116442218661,63837000
2015-06-22,40.08558654785156,40.51046227541518,40.024890487869214,40.17229756760291,20318100
2015-06-23,39.808135986328125,40.128958635951705,39.556678876333756,39.99889700876367,25896500
2015-06-24,39.574012756347656,40.10293852887752,39.495974473389346,39.60002441477109,34890900
2015-06-25,39.58269119262695,39.93819824206128,39.45262626647527,39.91218327221786,20616000
2015-06-26,39.244510650634766,40.12894326912459,39.045080252497954,39.582678690279714,49835300
2015-06-29,38.472801208496094,39.21849950278801,38.46413175963367,39.05375351290229,34081700
2015-06-30,38.282039642333984,38.77628086904354,38.099948158003784,38.767608113382174,35945400
2015-07-01,38.54218292236328,39.21851262123576,38.2386991876649,38.550852374125604,28343900
2015-07-02,38.498817443847656,38.802297779382315,38.204006557462165,38.568182960103755,21752000
2015-07-06,38.49015426635742,38.568192558872276,38.10863556277835,38.117305014085154,23034000
2015-07-07,38.41211700439453,38.57686635283948,37.56236852292858,38.4468014259291,36435800
2015-07-08,38.36009216308594,38.93237186502533,38.1780006110733,38.53350764852522,39785900
2015-07-09,38.602874755859375,39.20983885071363,38.585532546556315,38.80230520131225,32424700
2015-07-10,38.680912017822266,39.14046897525433,38.64622760013619,39.027746271618646,25465800
2015-07-13,39.487300872802734,39.55666639053719,38.97571736222151,39.001729017910975,28178300
2015-07-14,39.55666732788086,39.851478227535395,39.28787139221989,39.40926353189746,22880300
2015-07-15,39.67805862426758,39.79078131201004,39.39192048792153,39.608693106363674,26629600
2015-07-16,40.45845031738281,40.484461978885896,39.86015894899319,39.89484006176784,26271700
2015-07-17,40.42375946044922,40.562493812523,40.11160634136123,40.363063388147424,29467100
2015-07-20,40.68388748168945,40.865979013106276,40.267684409871556,40.44977594128837,30631900
2015-07-21,40.996055603027344,41.03941279302545,40.302383563017166,40.56251016455983,42781900
2015-07-22,39.487300872802734,40.69255609916672,39.192489980134106,39.40058984102511,59152400
2015-07-23,39.98155212402344,40.085602080355486,39.10578867747063,39.25319581432213,33934000
2015-07-24,39.83412170410156,40.16361689886612,39.71272960805319,39.808110057144496,32333200
2015-07-27,39.32257080078125,39.89485065969188,39.235863034278445,39.83415456160206,39701400
2015-07-28,39.313880920410156,39.574007392450746,38.836981837054495,39.52198408265516,34328900
2015-07-29,40.13761901855469,40.56249150044937,39.24451357702958,39.365909022401446,40945900
2015-07-30,40.64921188354492,41.1000994327253,39.8254750784594,40.11161328200961,39777900
2015-07-31,40.493125915527344,41.07407494711292,40.31970715868364,41.00470942898804,31201500
2015-08-03,40.58850860595703,40.75325461469562,40.27635548818888,40.73591240729874,24125900
2015-08-04,41.22148132324219,41.36888511397026,40.475782997308734,40.53647906498354,33403900
2015-08-05,41.25616455078125,41.97584789298143,41.22148013948094,41.602998740721844,26959700
2015-08-06,40.42375946044922,41.42091489001497,40.17230572135089,41.36888826760435,27368000
2015-08-07,40.52781677246094,40.56249788319393,40.1116103667831,40.22433307280786,19163000
2015-08-10,41.039405822753906,41.178140207192826,40.614529909834864,40.70991041932824,23079900
2015-08-11,40.24168395996094,40.701241026234435,39.799469106637815,40.59719105622115,29237400
2015-08-12,40.52781677246094,40.666551138457486,39.63471119040048,40.050914288390125,30181400
2015-08-13,40.51914596557617,40.83996858220375,40.31104606040252,40.80528746980038,22627200
2015-08-14,40.75326919555664,40.839976955875834,40.33706599218428,40.34573544514058,21473400
2015-08-17,41.03072738647461,41.14345009188853,40.38040942919825,40.588512630909484,21099700
2015-08-18,41.257652282714844,41.397301489524445,40.760151775361905,40.88234441513284,23574100
2015-08-19,40.68159866333008,41.091819662719494,40.411026869977526,40.829974488088126,31485500
2015-08-20,39.85243606567383,40.55941215087015,39.85243606567383,40.21028741829168,36238200
2015-08-21,37.59187698364258,39.69534618346708,37.59187698364258,39.538240323770516,70053100
2015-08-24,36.3786506652832,37.26018559432725,34.66794717497033,35.3050968423981,88753700
2015-08-25,35.32255172729492,37.74023103302063,35.25272546758475,37.15544776119561,70616600
2015-08-26,37.277652740478516,37.39111878536197,35.83752061642106,36.666686083529704,63408000
2015-08-27,38.31629180908203,38.35993156513794,37.46966655769754,37.731508423532965,50943200
2015-08-28,38.34247589111328,38.53449481763788,37.87115852391657,37.87988847303134,28246700
2015-08-31,37.98462677001953,38.34247812608347,37.61804546433195,38.01953990951363,34441700
2015-09-01,36.5008544921875,37.1729174972771,36.361205252785794,36.806336162909815,49688900
2015-09-02,37.84497833251953,37.862434902631435,36.55322210974169,36.97216980392637,37671500
2015-09-03,37.9671745300293,38.38612226323437,37.775155570414235,37.88862162195956,28285200
2015-09-04,37.19036865234375,37.56567655286095,36.83251732039712,37.364931008549426,37138800
2015-09-08,38.30756759643555,38.40357707183521,37.705330881883754,37.79261040706501,32469800
2015-09-09,37.59187698364258,38.752714354789234,37.45222770052358,38.58687854205312,33469500
2015-09-10,37.78387451171875,38.22027868950391,37.31255720063086,37.63549535993198,31366600
2015-09-11,37.949703216552734,38.04571265906495,37.47838595121968,37.6529482712874,27132500
2015-09-14,37.56568145751953,37.914802886012936,37.408575649372345,37.90607626533829,23656000
2015-09-15,38.386112213134766,38.65668400997953,37.60058666760116,37.69659279277213,28882200
2015-09-16,38.665409088134766,38.73523535402196,38.26391804778226,38.377384065099136,23372200
2015-09-17,38.62178421020508,39.27639072224245,38.473408332303705,38.65669735659395,32768200
2015-09-18,37.949703216552734,38.3948372992004,37.81878397362644,37.96715978150944,63143700
2015-09-21,38.49958801269531,38.81379964250884,38.05445376062596,38.07191033222678,26177200
2015-09-22,38.31629180908203,38.44721107724976,37.80133469682239,37.862431021200656,28085900
2015-09-23,38.29010009765625,38.55194192797187,37.9758885694777,38.34246979551918,17145200
2015-09-24,38.32502365112305,38.517042599335824,37.76642670668634,37.92353251349672,27905600
2015-09-25,38.35120391845703,39.04072342583227,38.1940981236247,38.822521302954044,29384600
2015-09-28,37.78387451171875,38.48212053027507,37.7140482451133,38.25519182280664,27613800
2015-09-29,37.914798736572266,38.028264769927475,37.57440396600671,37.85370241003486,32763600
2015-09-30,38.6305046081543,38.665417748918195,38.10682081469731,38.29883975939837,34958900
2015-10-01,38.93598556518555,39.05817821571022,38.185369763962505,39.05817821571022,28657900
2015-10-02,39.773895263671875,39.773895263671875,38.333759465675364,38.63924453196313,41839000
2015-10-05,40.69905090332031,40.92597959044173,39.887338939060164,39.9309786870259,34369300
2015-10-06,40.803802490234375,41.17911045864364,40.34121499268368,40.437224472439624,27017200
2015-10-07,40.8474235534668,41.32746740296552,40.10553790692324,41.109265350511635,27711500
2015-10-08,41.41476821899414,41.47586455387154,40.58559939344305,40.63796910740962,33772700
2015-10-09,41.118011474609375,41.49331941885122,40.95217571861855,41.41476651588199,28600600
2015-10-12,41.02199935913086,41.08309568756104,40.58559511062947,41.004542789650785,19769100
2015-10-13,40.92599105834961,41.13546656858153,40.63796597746854,40.63796597746854,19987800
2015-10-14,40.74270248413086,41.10928046890695,40.61177987271065,40.71651929364695,24697800
2015-10-15,41.03073501586914,41.04819158919391,40.61178724457735,41.03073501586914,27189400
2015-10-16,41.46712875366211,41.49331527170151,40.934718386195236,41.03945446985264,26450300
2015-10-19,41.56314468383789,41.79007678481739,41.03946085457851,41.38858229758457,29387600
2015-10-20,41.694068908691406,41.7289820531843,41.03946243220274,41.40604046087605,30802200
2015-10-21,41.19655990600586,41.88607938728256,41.118007011562945,41.824979732049144,25144300
2015-10-22,41.92099380493164,42.7239794063685,41.10055496236608,41.484589527705204,56637100
2015-10-23,46.1453857421875,47.19275663712742,45.60424538944366,45.6478851497536,135227100
2015-10-26,47.34986114501953,47.41095747368534,45.822446269373735,45.84862945894474,64633300
2015-10-27,46.86109161376953,47.454601716457105,46.76508546643816,47.12293685222033,50999900
2015-10-28,47.11420822143555,47.11420822143555,46.136663513542096,46.730173632852555,47000800
2015-10-29,46.573055267333984,46.98327626765524,46.45086262796163,46.7301610406698,30202100
2015-10-30,45.94465255737305,47.12294638014264,45.9271959826467,46.538162780064134,46619800
2015-11-02,46.468326568603516,46.573062657613825,45.927182894799735,46.12792845269459,30285000
2015-11-03,47.26256561279297,47.47203771738592,46.17155535699903,46.197738537698385,36596900
2015-11-04,47.48079299926758,47.899740761499245,47.18403791816588,47.288774026348584,37087800
2015-11-05,47.463321685791016,47.74262010720466,47.13165356179989,47.55933114243317,31468500
2015-11-06,47.93465042114258,47.9870201398131,47.09675489941923,47.21022095845495,32851200
2015-11-09,47.27131652832031,47.891009873067034,46.747632668154225,47.61171137037835,32513100
2015-11-10,46.7039909362793,47.24513471436054,46.49451871789375,47.19276499501371,55283700
2015-11-11,46.82616424560547,47.306208120294485,46.66032854615887,46.86980399248642,36516300
2015-11-12,46.53815460205078,47.11420814878732,46.42468855101917,46.67780384582023,35361100
2015-11-13,46.119205474853516,46.51197000153623,45.84863361658309,46.31995104860235,36848200
2015-11-16,46.93091583251953,47.035651925588745,46.12793024032122,46.328679135496074,32165200
2015-11-17,46.544288635253906,47.036353717405305,46.438843244556914,46.720024249198275,31551300
2015-11-18,47.31753921508789,47.43177005655211,46.55307849562612,46.57065272907771,29710000
2015-11-19,47.39661407470703,48.02927297088443,47.2560235813278,47.44055132734072,28149200
2015-11-20,47.616275787353516,47.71293235742207,46.80788147758196,47.66899846701117,37147600
2015-11-23,47.616275787353516,47.85352281790151,47.22965285902029,47.66899846701117,28235900
2015-11-24,47.66902542114258,47.83597563988125,47.08030358247763,47.379055546975394,24600000
2015-11-25,47.17694091796875,47.65143508707103,47.17694091796875,47.52841882514267,21005100
2015-11-27,47.38783264160156,47.519637706762154,47.26481636848743,47.27360180859185,9009100
2015-11-30,47.75688171386719,48.29288406551063,47.44934102945311,47.92383524421374,56241400
2015-12-01,48.52134323120117,48.53012867089918,47.712945349366805,47.80960194575436,39952800
2015-12-02,48.51255798339844,49.17157662297276,48.38075626664885,48.60921458684675,47274900
2015-12-03,47.62508010864258,49.00462549949199,47.38783300072081,48.75859295139923,38627800
2015-12-04,49.12765121459961,49.40883228129621,47.53721808264346,47.55479231830484,43963700
2015-12-07,49.03977584838867,49.18036636012124,48.582855847272285,49.02220161542933,30709800
2015-12-08,49.0222053527832,49.2945976045642,48.31925274052868,48.741024307881396,32878000
2015-12-09,48.31045150756836,49.092486296825605,47.89746548773704,48.65314060830431,36373200
2015-12-10,48.565269470214844,48.9079585473747,48.33680785081403,48.670711489662175,31775800
2015-12-11,47.5020637512207,48.41590036479361,47.45812649461662,48.07321121571101,39549500
2015-12-14,48.4510498046875,48.51255794284098,47.16816099185478,47.73931181978523,46768900
2015-12-15,48.50376510620117,49.118849745884226,48.407108517572766,48.90796233870029,39843000
2015-12-16,49.32096481323242,49.426406876023975,48.11715480125316,48.802536589255084,37503300
2015-12-17,48.943115234375,49.90088906458814,48.793735942426636,49.52305146676467,41280900
2015-12-18,47.56357192993164,49.20672409971772,47.47570076858833,49.00462545654121,84684200
2015-12-21,48.17866134643555,48.63557802217767,47.651444382826156,48.222595255417396,37246300
2015-12-22,48.63557434082031,48.7498051770806,47.88868788883551,48.31924820892913,28322200
2015-12-23,49.048553466796875,49.101276157266874,48.71464979770355,48.94311143779854,27279800
2015-12-24,48.916751861572266,49.17157318887731,48.70586778872402,49.08370538384752,9558500
2015-12-28,49.16278839111328,49.16278839111328,48.310456593038715,48.63557149822452,22458300
2015-12-29,49.68999099731445,49.95359770977875,49.25943414907572,49.461532740363054,27731400
2015-12-30,49.47911834716797,49.892101062626686,49.46154411536986,49.619708849610895,21704500
2015-12-31,48.749794006347656,49.37366403876155,48.69707132047582,49.241862351994016,27334100
2016-01-04,48.152286529541016,48.152286529541016,46.91333182872998,47.73051507308849,53778000
2016-01-05,48.37196731567383,48.67072256537842,47.923836117088,48.266525272231654,34079700
2016-01-06,47.49327087402344,47.80081488408849,47.13300752367541,47.73051796112215,39518900
2016-01-07,45.841339111328125,47.00121510580606,45.753471292204274,46.307047938123354,56564900
2016-01-08,45.98192596435547,46.81668017440621,45.82376123252772,46.01707107547347,48754000
2016-01-11,45.955570220947266,46.43884993278124,45.21746913947526,46.140094653329655,36943800
2016-01-12,46.37733459472656,46.65851559624819,45.74467901727386,46.35976036313872,36095500
2016-01-13,45.375633239746094,47.51085407482283,45.07687796461768,47.27360694293181,66883600
2016-01-14,46.66730499267578,46.93969720596188,45.314119310356155,45.69195691453556,52381900
2016-01-15,44.80448913574219,45.66560655872322,44.23333821701696,45.08567019826895,71820700
2016-01-19,44.426631927490234,45.410765213774354,43.987286291406456,45.23502628895261,43564500
2016-01-20,44.62873840332031,45.14716647957802,43.14374774573137,43.916997140408,63273000
2016-01-21,44.35633087158203,45.32289319180354,44.19816618921743,44.81325069264187,40191200
2016-01-22,45.946781158447266,45.98192962430485,45.04172659829658,45.173531669291414,37555800
2016-01-25,45.5074348449707,46.26311009212976,45.384418567887536,45.63923656244174,34707700
2016-01-26,45.841339111328125,46.078586245293444,45.29655125848689,45.50743871710355,28900800
2016-01-27,45.00658416748047,45.8677015206742,44.83084517965794,45.70074797386872,36775200
2016-01-28,45.74467086791992,45.87647255343555,45.03292969914672,45.56893193529108,62513800
2016-01-29,48.40711975097656,48.40711975097656,47.44934578530657,48.09079024276374,83611700
2016-02-01,48.07321548461914,48.407119223196865,47.88869105748765,48.22259479606537,44208500
2016-02-02,46.570648193359375,47.67779797744138,46.26310751776492,47.59871561058252,56313800
2016-02-03,45.832550048828125,46.91334022797877,45.041726331429025,46.790323950148284,57559800
2016-02-04,45.69195556640625,46.40369685019743,45.13837901234645,45.77982337094951,46987100
2016-02-05,44.07516098022461,45.69195330828785,43.54794747513644,45.63923061700235,62009000
2016-02-08,43.41614532470703,43.55673582559,42.34414066051068,43.53916159398689,59290500
2016-02-09,43.30191421508789,44.14546056686978,42.76591188645773,43.07345590960946,46740500
2016-02-10,43.67975997924805,44.277270553839294,43.512809776796175,43.837924740283526,38237000
2016-02-11,43.66217803955078,44.03123020082232,42.6253218343744,42.77470112763301,48878600
2016-02-12,44.37391662597656,44.53208134943242,43.714898062224435,44.15424377139252,34243300
2016-02-16,45.21466064453125,45.21466064453125,44.36506125729591,45.046511820810046,37291200
2016-02-17,46.3917236328125,46.701475827030094,45.533275461201775,45.56867629071388,40789000
2016-02-18,46.18817901611328,46.860781346914585,46.10852882893969,46.31208193305721,27176000
2016-02-19,45.860721588134766,46.26782097192547,45.60407065556766,45.993473001809804,33559100
2016-02-22,46.595279693603516,46.905028531616196,46.26782706369396,46.26782706369396,25008300
2016-02-23,45.29433059692383,46.347480086698084,45.11732980321143,46.320931149244494,28895300
2016-02-24,45.45363235473633,45.57753190129679,44.42703177122322,44.86068018418484,33014500
2016-02-25,46.108516693115234,46.108516693115234,44.78986806765609,45.78106751025744,26939500
2016-02-26,45.40052795410156,46.62182966952915,45.2235271672845,46.55102800439864,35975900
2016-02-29,45.028812408447266,45.71026298704772,44.834111278559156,45.44476021865196,31654000
2016-03-01,46.53333282470703,46.542181345197534,45.064228598591434,45.108481329072,33024500
2016-03-02,46.860774993896484,46.86962351304536,46.16162382082587,46.382873935645016,29289900
2016-03-03,46.329769134521484,46.87847180785804,45.82531918155714,46.87847180785804,24427800
2016-03-04,46.04657745361328,46.418279439471576,45.76337754820181,46.374030087252756,33034200
2016-03-07,45.161563873291016,45.84301450404951,44.76331644223149,45.630616324285526,38407800
2016-03-08,45.71027374267578,46.13507354565329,44.78102058665319,44.958021348562674,33835100
2016-03-09,46.763427734375,46.7722762541542,45.89612762762349,45.92267656297016,28251600
2016-03-10,46.06428146362305,46.851931473001486,45.27663145424461,46.84308295227103,38387800
2016-03-11,46.96697235107422,46.96697235107422,46.356323272323976,46.905022591317326,32275700
2016-03-14,47.05547332763672,47.42717528023131,46.577575640027774,46.6483739220403,24083600
2016-03-15,47.42716979980469,47.42716979980469,46.674920838301944,46.6837693565277,21104800
2016-03-16,48.099769592285156,48.321019688617675,47.25902192702844,47.30327127109324,31691700
2016-03-17,48.374114990234375,48.67501521935801,47.79001494264241,47.97586419051073,28223900
2016-03-18,47.33867263793945,48.64847281808097,47.30327181187948,48.60422009750172,67625500
2016-03-21,47.6661376953125,47.728087473521,46.84308678367416,47.12628673434437,23925700
2016-03-22,47.85198211669922,48.011282494596145,47.3121312111607,47.444882651411255,23124100
2016-03-23,47.76346969604492,48.002420194296285,47.559920021832674,47.887369204173396,20129000
2016-03-24,47.97587203979492,48.08207452110233,47.55107224259134,47.64842282911879,19950000
2016-03-28,47.38291549682617,48.04666570255905,47.19706624946292,47.975864060130306,17025100
2016-03-29,48.41837692260742,48.55112834904699,47.303277769349314,47.4891270655575,23924300
2016-03-30,48.71927261352539,49.24142299816336,48.586524575673586,48.613073508042206,23008300
2016-03-31,48.87856674194336,49.19716739387262,48.55111757235307,48.63076773533539,26360500
2016-04-01,49.17948532104492,49.21488615690616,48.29448468057119,48.719284582877435,24399200
2016-04-04,49.05556869506836,49.25911836639959,48.67501828205526,49.05556869506836,18928800
2016-04-05,48.28561782836914,48.940516163127555,48.197115772315136,48.84316558947227,19272300
2016-04-06,48.78122329711914,48.852024952788256,47.975873031931165,48.10862444830637,21188700
2016-04-07,48.19712829589844,48.595379211602705,47.993578578096056,48.559978379982525,19225100
2016-04-08,48.161720275878906,48.92282116206881,48.07322158604648,48.38297037646859,22167200
2016-04-11,48.06438446044922,48.80778510968352,48.05553256376259,48.223684840714384,21414200
2016-04-12,48.365272521972656,48.48032014160887,47.57761934133687,48.117470117814015,24944300
2016-04-13,48.984771728515625,49.06442190108267,48.577672346954586,48.781222037735105,20818000
2016-04-14,48.99361801147461,49.18831916122806,48.73696710971021,48.8697185074527,20877100
2016-04-15,49.250267028808594,49.48921413398915,48.77236606643117,48.94051490459738,28793800
2016-04-18,49.967124938964844,50.08217594353525,48.86087436888853,49.10867679227162,23786000
2016-04-19,49.90518569946289,50.24148688895654,49.27683605341624,50.1175873391456,29596800
2016-04-20,49.197174072265625,50.002524329074085,49.108675379608805,49.81667504888953,36195700
2016-04-21,49.365318298339844,49.76356912987709,49.04671763311004,49.3830187104091,38909100
2016-04-22,45.8253288269043,46.400580552736706,44.93147972898995,45.94037984727264,126834100
2016-04-25,46.11738586425781,46.135086282936484,45.692585943998694,45.82533402007423,33226900
2016-04-26,45.524417877197266,46.32976807991412,45.21466909769405,46.25011791146922,33532600
2016-04-27,45.08192443847656,45.57752593586082,44.73677478223051,45.55982552066756,43369300
2016-04-28,44.161537170410156,44.93148684964455,43.860636791305595,44.79873539156525,43134800
2016-04-29,44.13497543334961,44.47127657963236,43.674774753175605,43.674774753175605,48411700
2016-05-02,44.78987121582031,44.91377073285301,44.05531925625699,44.25002042645617,33114500
2016-05-03,44.055320739746094,44.61287196117647,43.89602039076599,44.550922200574064,26460200
2016-05-04,44.13497543334961,44.30312769449554,43.77212535152133,44.10842649780408,24257600
2016-05-05,44.19691467285156,44.51551532754547,44.01106541628288,44.134964920662,25390700
2016-05-06,44.595157623291016,44.595157623291016,43.949107910147994,44.17920646682601,24787300
2016-05-09,44.311981201171875,44.77218193313646,44.25003142725448,44.683683220685744,17951600
2016-05-10,45.15271759033203,45.22351586175431,44.418165690276766,44.54206857328039,22891000
2016-05-11,45.17927169799805,45.82532161280718,45.13502235128677,45.25007335354309,24039100
2016-05-12,45.586368560791016,45.85187137834939,45.064218196139365,45.31202060079327,24102800
2016-05-13,45.2058219909668,45.931522047898554,45.170421164772904,45.52441929868601,22592300
2016-05-16,45.869564056396484,45.984611656862484,44.91376217678115,44.95801151357637,20032000
2016-05-17,45.01402282714844,46.101276135855585,44.88034631518007,46.09236572823957,27803500
2016-05-18,45.28139114379883,45.57548224498925,44.82688207883816,44.987296642986394,24907500
2016-05-19,44.844703674316406,45.112060132386596,44.399108444325485,44.978383603162406,23842400
2016-05-20,45.11205291748047,45.64676914772389,44.91599335938369,44.98728681697672,23905800
2016-05-23,44.58625411987305,45.16552923317037,44.5416952803013,45.09423237015834,26118700
2016-05-24,45.97650909423828,46.08345098155716,44.91599382924129,45.18335024734913,34757900
2016-05-25,46.44884490966797,46.77858782110971,46.15475383145601,46.27060614124952,24040200
2016-05-26,46.24387741088867,46.32408469692048,45.771547504047035,46.27952584904107,24335200
2016-05-27,46.627079010009766,46.627079010009766,46.136924995647185,46.27060150886167,17721400
2016-05-31,47.233097076416016,47.233097076416016,46.41320343822886,46.573614602534256,37653100
2016-06-01,47.09941482543945,47.188535911920766,46.73402686992067,46.73402686992067,25324800
2016-06-02,46.769676208496094,47.00138763820427,46.19931484247888,46.912266550000396,22840800
2016-06-03,46.15475845336914,46.71620604062096,45.98543007658538,46.68056100306519,23368300
2016-06-06,46.457759857177734,46.65381944758648,46.24387264990603,46.33299373611167,18243300
2016-06-07,46.43101501464844,46.9924658766371,46.43101501464844,46.55578451701806,20866800
2016-06-08,46.37753677368164,46.734010798150386,46.22603267857641,46.35971256251511,21149400
2016-06-09,46.00325012207031,46.341903445295415,45.88739781118475,46.341903445295415,20305700
2016-06-10,45.87847900390625,46.386457233583016,45.48635647211302,45.495266879817265,25833200
2016-06-13,44.68428421020508,45.201176252023444,43.721800386973605,44.185219783204104,83217800
2016-06-14,44.408023834228516,44.64864227532563,44.17631240259302,44.470406896679165,42577100
2016-06-15,44.28324508666992,44.66645719026629,44.28324508666992,44.36345235020454,33757600
2016-06-16,44.907073974609375,44.97837082296804,44.12282564076827,44.13173944662353,31188600
2016-06-17,44.67536544799805,44.94272182669809,44.39909526355621,44.92489761483531,45710500
2016-06-20,44.62191390991211,45.29922068244902,44.586265469331764,45.12989228950359,35607900
2016-06-21,45.62004089355469,45.83392811136884,44.702115757934195,44.73776419417355,34097800
2016-06-22,45.441802978515625,45.86066018230252,45.40615454426344,45.522010255772145,28816800
2016-06-23,46.26169204711914,46.39537196268851,45.58438886063398,45.70024116119786,29028800
2016-06-24,44.408023834228516,45.39724242435535,44.131753557931404,44.39019961643948,133503000
2016-06-27,43.16035461425781,43.80201283875558,42.812790875862134,43.7574505956818,50216300
2016-06-28,44.060447692871094,44.087185713907665,43.374230746367076,43.5970283238182,38140700
2016-06-29,45.040771484375,45.20118605631161,44.381288977566484,44.479320482596876,31304000
2016-06-30,45.602210998535156,45.7180667020795,45.005115064155795,45.20117803944291,28527800
2016-07-01,45.593292236328125,46.092359991241224,45.51308497928175,45.56655761718632,21400400
2016-07-05,45.602210998535156,45.70024248617871,45.219002255343696,45.29920952708646,24806400
2016-07-06,45.78935623168945,45.93194653643578,44.90707638383212,45.254640039174966,28167500
2016-07-07,45.78935623168945,45.994329582285985,45.51308602890925,45.82500125816026,19585200
2016-07-08,46.60926055908203,46.662733210753544,45.940867711486334,46.101282266879046,28391000
2016-07-11,46.867698669433594,47.08158584026272,46.760756783829656,46.787491405325326,22269200
2016-07-12,47.42023849487305,47.589566839941966,47.04594017347712,47.179616688423614,27317600
2016-07-13,47.687599182128906,47.99951787742965,47.39350810329182,47.73216142404455,25356800
2016-07-14,47.892574310302734,48.11537191364507,47.7499839801485,47.98169199179102,24545500
2016-07-15,47.856929779052734,48.12428624493354,47.42024494507062,48.07972740055706,32024400
2016-07-18,48.08863830566406,48.4272916457383,47.72325033861252,47.856930272742915,31433900
2016-07-19,47.31329345703125,48.03515882838119,47.17070314412992,47.86583049457126,53336500
2016-07-20,49.82645797729492,50.65526536865923,49.4878046540353,50.040345181359356,89893300
2016-07-21,49.728424072265625,50.111636219565845,49.69277564004663,49.88883861762951,32776700
2016-07-22,50.414634704589844,50.468107346141174,49.71059355579262,49.9779533639281,32157200
2016-07-25,50.5572395324707,50.566153341765975,50.13837888576912,50.32553148512605,25610600
2016-07-26,50.58397674560547,51.05631007334518,50.36117909655051,50.37009290630121,28079000
2016-07-27,50.075992584228516,50.619619328967744,50.00469911258278,50.450294359139924,32327500
2016-07-28,50.093814849853516,50.23640518721008,49.657133429033586,49.90666566950212,37550400
2016-07-29,50.512672424316406,50.583965888908864,49.951221517306294,50.1383706864358,30558700
2016-08-01,50.423561096191406,50.57506185230043,50.031435092856,50.441381914868444,26003400
2016-08-02,50.423561096191406,50.708741789732414,50.182939248587054,50.664179544173734,35122000
2016-08-03,50.77112579345703,50.89589192423719,50.34335474522988,50.512679722771225,22075600
2016-08-04,51.14541244506836,51.26126813974977,50.50375432021297,50.61961001489437,26587700
2016-08-05,51.65340042114258,51.876198045525996,51.198894763234065,51.37713354266519,29335200
2016-08-08,51.74252700805664,51.76926163794405,51.49299133049235,51.74252700805664,19473500
2016-08-09,51.86728286743164,52.134639312185186,51.70686832065518,51.84054484322114,16920700
2016-08-10,51.706871032714844,51.97422749149141,51.52863226032319,51.831637153502456,15756900
2016-08-11,51.9564094543457,52.090089399445716,51.715787592939016,51.715787592939016,18162300
2016-08-12,51.63557434082031,51.85837195716776,51.350393663865326,51.715781618690265,21655200
2016-08-15,51.79598617553711,52.13463948648871,51.65339584455038,51.69795468555468,19283900
2016-08-16,51.50902557373047,51.67043992860943,51.35658058346162,51.661473984809625,20523500
2016-08-17,51.616641998291016,51.72425043747614,51.32071451451868,51.59870668829173,18856400
2016-08-18,51.65250778198242,51.74218432952134,51.35658372713025,51.49109341722287,14214300
2016-08-19,51.670433044433594,51.76907551714062,51.293801880435694,51.500052768455,17271000
2016-08-22,51.71528244018555,51.787023682080594,51.34761712750017,51.65251056393273,15221900
2016-08-23,51.91256332397461,52.172620174035934,51.87669270586744,51.921532688906616,18732400
2016-08-24,51.96637725830078,52.04708445107235,51.760126303620325,51.831864130077854,18151500
2016-08-25,52.16365432739258,52.27126618897219,51.813924329285484,51.90360088060182,18552600
2016-08-26,52.038108825683594,52.63892972645286,51.733215403086625,52.26229506521635,20971200
2016-08-29,52.10087585449219,52.54924829186582,52.10087585449219,52.172617086460875,16417200
2016-08-30,51.91256332397461,52.18158611815751,51.66147583884529,51.99327050431052,16930200
2016-08-31,51.52695846557617,51.83185185262497,51.38347942583616,51.69734217707441,20860300
2016-09-01,51.6435432434082,51.84979417714625,51.12342951595611,51.12342951595611,26075400
2016-09-02,51.71528244018555,52.18159025007126,51.49109619047957,51.71528244018555,18900500
2016-09-06,51.66147994995117,51.83186026830306,51.30278058195585,51.81392495782222,16278400
2016-09-07,51.7063102722168,51.867724626242854,51.48212404949286,51.53592997443831,17493400
2016-09-08,51.50006103515625,51.82288975372284,51.275874805130606,51.679410703338846,20146100
2016-09-09,50.406028747558594,51.58076576867498,50.406028747558594,50.926142418541644,35113900
2016-09-12,51.1592903137207,51.30276934533109,49.867979029227165,50.21770895497687,29303000
2016-09-13,50.6929931640625,50.80060502579103,50.262555979580355,50.66609190903569,30130200
2016-09-14,50.45088577270508,50.78268397498573,50.244634777693975,50.5674636119067,24062500
2016-09-15,51.284854888916016,51.42833397885862,50.1997940574244,50.35224251469479,26847000
2016-09-16,51.33864974975586,51.679413797624875,50.890277262858426,51.679413797624875,44607000
2016-09-19,51.051700592041016,51.78703132594802,50.97995933955682,51.356594073476444,20937100
2016-09-20,50.94408416748047,51.4283238627785,50.89027823653151,51.4283238627785,17384000
2016-09-21,51.795989990234375,51.87669717752708,51.18620653390264,51.57180373895585,33707300
2016-09-22,51.84979248046875,52.01120684434016,51.67941217229803,51.939465606703756,19822200
2016-09-23,51.50006103515625,51.93049818630824,51.4552244733132,51.89462756850965,19955300
2016-09-26,51.024784088134766,51.2400009396648,50.96201222137099,51.18619843718738,21688700
2016-09-27,51.96637725830078,52.06501976288947,50.82751061399577,51.05169688049335,28065100
2016-09-28,52.038108825683594,52.065013500578694,51.71528009342674,51.90359913445026,20536400
2016-09-29,51.47315216064453,52.16364263657028,51.3027684617349,51.840817386614425,25463500
2016-09-30,51.65250778198242,51.804956202393335,51.41935560000224,51.625606528126,29910800
2016-10-03,51.491085052490234,51.607662834947504,51.168259796224646,51.482119109598116,19189500
2016-10-04,51.32968521118164,51.65251053710962,51.08756365112764,51.35658646647297,20085900
2016-10-05,51.68837356567383,51.975331649333114,51.34760955852461,51.37451423067467,16726400
2016-10-06,51.77806091308594,51.88566936171804,51.365555588509565,51.77806091308594,16212600
2016-10-07,51.831851959228516,51.99326630686929,51.491087956341325,51.876688517837586,20089000
2016-10-10,52.04707717895508,52.360936539874274,51.89462876021542,51.930499378837744,18196500
2016-10-11,51.284854888916016,52.029155019801046,51.01583202287506,51.91257719021914,26497400
2016-10-12,51.213096618652344,51.356575651342126,50.57640862489207,51.213096618652344,22177500
2016-10-13,51.042724609375,51.38348867288575,50.504678968724974,50.84544303223573,25313700
2016-10-14,51.491085052490234,51.77804653718734,51.22206229519726,51.22206229519726,27402500
2016-10-17,51.31174087524414,51.52695772134058,50.9978781285392,51.43728460560208,23830000
2016-10-18,51.7063102722168,51.96636711157104,51.48212404949286,51.589732478573474,19149500
2016-10-19,51.58973693847656,51.86772911017821,51.47316255556573,51.5359344296902,22878400
2016-10-20,51.33864974975586,51.58077130317774,50.80957007838447,51.56283599320457,49455600
2016-10-21,53.49980163574219,54.20823094148917,53.34735664177177,54.05578252670838,80032200
2016-10-24,54.70144271850586,54.70144271850586,53.74192588219036,53.7508918266597,54067000
2016-10-25,54.69247055053711,55.03323113456551,54.52208683771275,54.56692339657857,35137200
2016-10-26,54.36964416503906,54.88078848362413,54.22616511808204,54.53105852046701,29911600
2016-10-27,53.89436721801758,54.54899400650087,53.88540127415809,54.3517090334889,28479900
2016-10-28,53.688114166259766,54.27099969744765,53.42806075495165,53.81365790016234,33574700
2016-10-31,53.73295593261719,54.1813284090408,53.73295593261719,53.94817622645715,26434700
2016-11-01,53.62533950805664,53.82262446295478,53.132130541621315,53.777787906153385,24533000
2016-11-02,53.293556213378906,53.74192871834032,53.17697840426193,53.64328621991909,22147000
2016-11-03,53.09627151489258,53.48187214499101,53.00659838172071,53.38322964601549,21600400
2016-11-04,52.64789581298828,53.15904016683783,52.47751550197528,52.59409330467394,28697000
2016-11-07,54.18133544921875,54.27101200864212,53.60741915215306,53.60741915215306,31664800
2016-11-08,54.22616958618164,54.504158338360654,53.93921146862295,54.297907405166015,22935400
2016-11-09,53.9571418762207,54.33377653318157,53.087301602859405,53.80469687705808,49632500
2016-11-10,52.6389274597168,54.24410168664388,51.679410669500136,54.23513232179491,57822400
2016-11-11,52.925880432128906,53.01555354706756,52.02016623552224,52.21745119335935,38767800
2016-11-14,52.118812561035156,52.97969026370901,51.365546709201986,52.92588433828867,41328400
2016-11-15,53.14801025390625,53.70775057887074,52.65146930569328,52.66049926405209,35904100
2016-11-16,53.85218811035156,53.8612146229789,53.09383362463941,53.211195508391526,27332500
2016-11-17,54.745967864990234,55.025838006664245,54.14109156888421,54.53832360913653,32132700
2016-11-18,54.48416519165039,55.19738046043957,54.43902572586181,54.87237079648904,27686300
2016-11-21,54.94459533691406,55.04390422554316,54.54735978239768,54.619585681008076,19652600
2016-11-22,55.1793098449707,55.30570169435747,54.89944316244847,55.05291799558394,23206700
2016-11-23,54.52930450439453,55.16126387158909,54.393882672041265,55.08001146096119,21848900
2016-11-25,54.64665985107422,54.64665985107422,54.28554074806793,54.43901559196364,8409600
2016-11-28,54.71889114379883,55.089040241201836,54.35776856119679,54.47513391713048,20732600
2016-11-29,55.15223693847656,55.44113363098112,54.63763948970781,54.75500484726286,22366700
2016-11-30,54.40290832519531,55.23348889222496,54.3667988218707,54.944592202106875,34655400
2016-12-01,53.44594192504883,54.30360552218512,53.21121120048333,54.2674925731873,34542100
2016-12-02,53.4910774230957,53.689695183936315,53.084815386794496,53.33760256711531,25515700
2016-12-05,54.366790771484375,54.70082687423584,53.77094100585651,53.89733285857762,23552700
2016-12-06,54.123043060302734,54.58347109642859,53.98762122642556,54.556388107221274,19907000
2016-12-07,55.40501022338867,55.41404018052978,53.987610017157614,54.17719779008594,30809000
2016-12-08,55.07999801635742,55.594598787337596,54.92652319147798,55.341811658242904,21220800
2016-12-09,55.94669723510742,55.96475370651336,55.18834265565684,55.233482112211796,27349400
2016-12-12,56.127254486083984,56.24461982705984,55.72099593733327,55.81127484951793,20198100
2016-12-13,56.85853576660156,57.25576786942511,56.190463437129225,56.425190715179426,35718900
2016-12-14,56.58769226074219,57.28285098333976,56.45227043330521,56.876588944948956,30352700
2016-12-15,56.49740982055664,57.01200722250327,56.244622654675545,56.60574520940858,27669900
2016-12-16,56.24462890625,56.83145226193645,56.08212408294976,56.83145226193645,42453100
2016-12-19,57.43632125854492,57.57174307517961,56.35295705722698,56.47935235991529,34338200
2016-12-20,57.36408233642578,57.59880951472077,56.90365104727028,57.499500670239435,26028400
2016-12-21,57.36408233642578,57.50853062551167,56.98490342512603,57.26477349194444,17096300
2016-12-22,57.37312698364258,57.869667919088876,57.246735121229335,57.6349406665957,22176600
2016-12-23,57.09326171875,57.36410192277162,56.69602620519293,57.282849517173126,12403800
2016-12-27,57.12937545776367,57.84259068825929,57.06617952026865,57.06617952026865,11763200
2016-12-28,56.8675651550293,57.23771426464951,56.72311680600483,57.23771426464951,14653300
2016-12-29,56.78630065917969,57.057140825475,56.632822383796615,56.75018771862843,10250600
2016-12-30,56.10017395019531,56.86755851294311,56.000865076105136,56.8404720829695,25579900
2017-01-03,56.49740982055664,56.73213707038917,56.09114780746195,56.68699761202752,20694100
2017-01-04,56.24462890625,56.6508909645006,56.08212408294976,56.40713372955024,21340000
2017-01-05,56.24462890625,56.56963855285048,56.00087167129964,56.14532002046426,24876000
2017-01-06,56.73213195800781,57.01200208490159,56.00989035754602,56.24461758622625,19922900
2017-01-09,56.551578521728516,56.9488140398861,56.46129960064911,56.65991391580782,20382700
2017-01-10,56.533512115478516,56.93977407679353,56.22655901625377,56.63282097756879,18593000
2017-01-11,57.04811477661133,57.0842277196366,56.36198607873013,56.52449087842407,21517300
2017-01-12,56.524478912353516,57.23769388847799,55.92862925425538,56.930740825583854,20968200
2017-01-13,56.60575485229492,56.75922972565322,56.28977170209527,56.53352895147654,19422300
2017-01-17,56.45226287841797,56.605741158568215,56.00086143926499,56.58768468773174,20664000
2017-01-18,56.42518997192383,56.60575126861804,56.08212385259685,56.578664835565725,19670100
2017-01-19,56.24462890625,56.858535251179724,56.154349979492224,56.190462927763456,18451700
2017-01-20,56.641849517822266,56.7140719514056,56.30781000025124,56.57865015304768,30213500
2017-01-23,56.84046936035156,56.98491768558561,56.488376782838564,56.60574212331614,23097600
2017-01-24,57.346046447753906,57.54466420798823,56.82241905947074,57.05714976591496,24672900
2017-01-25,57.4904899597168,57.86966553131125,57.28284570233129,57.73424716027886,23672700
2017-01-26,58.02314376831055,58.26690442705253,57.37312797270531,57.88772883327614,43554600
2017-01-27,59.38638687133789,59.50375568266563,58.58289266261571,59.03429421303676,44818000
2017-01-30,58.7995491027832,59.39540230982722,58.50162938710056,59.3051233993828,31651400
2017-01-31,58.366214752197266,58.817616247747374,58.01412213669539,58.55580255378749,25270500
2017-02-01,57.400203704833984,58.339119443828594,57.30089484575887,58.10438878712025,39671500
2017-02-02,57.03006362915039,57.246737863609894,56.65088802374642,57.102289521943604,45827000
2017-02-03,57.4904899597168,57.50854643130508,56.93977962999359,57.327985159342084,30301800
2017-02-06,57.45438003540039,57.46340999362891,57.00297855373456,57.32798817156116,19796400
2017-02-07,57.26478576660156,57.58076539048226,57.08422450556134,57.5446558934099,20277200
2017-02-08,57.18354034423828,57.60785884283589,57.07520495197166,57.39118461438263,18096400
2017-02-09,57.83354949951172,58.176618997447484,57.16547730602306,57.346038568343104,22644400
2017-02-10,57.77939987182617,58.05024356386184,57.761343396095754,58.00510065257549,18170700
2017-02-13,58.42940902709961,58.55580089123783,57.896751695797086,57.99606057302569,22920100
2017-02-14,58.64739227294922,58.78363508495695,58.1478376054533,58.50207168851231,23108400
2017-02-15,58.61105728149414,58.647389158073025,58.27499954993399,58.5838101064592,17005200
2017-02-16,58.60197067260742,59.25593057054893,58.52931385141134,58.80179252248918,20546300
2017-02-17,58.692813873291016,58.75639293371936,58.402165749961725,58.556571049630875,21248800
2017-02-21,58.574737548828125,58.99254382171102,58.538405664716784,58.68373320116215,20655900
2017-02-22,58.4566535949707,58.48390077074757,58.17509020581363,58.42940641919383,19292700
2017-02-23,58.692813873291016,58.79272481533526,58.30225480791748,58.51115446521154,20273100
2017-02-24,58.692813873291016,58.85630387576361,58.25683822349814,58.611065407255786,21796800
2017-02-27,58.33858108520508,58.620144478682384,58.175091098438244,58.620144478682384,15871500
2017-02-28,58.111507415771484,58.31132581186448,57.911685554879966,58.20233710926696,23239800
2017-03-01,58.98345184326172,59.02886149026641,58.14783256913462,58.24774349398029,26937500
2017-03-02,58.138771057128906,58.810893615301886,58.02069416157986,58.75639925181718,24539600
2017-03-03,58.35675811767578,58.38400530066805,57.78454302124188,58.120607780544034,18135900
2017-03-06,58.374908447265625,58.63830937736911,57.95710569074081,58.102429744453296,18750300
2017-03-07,58.492984771728516,58.83812721009545,58.30224761397861,58.30224761397861,18521000
2017-03-08,59.02886199951172,59.1106104521801,58.35673962351244,58.36582432483042,21510900
2017-03-09,58.7927131652832,59.219597098085714,58.56564414737705,59.21051932667894,19846800
2017-03-10,58.9743766784668,59.274109501472054,58.81088667770009,59.137866679233504,19538200
2017-03-13,58.77455520629883,59.210530854582714,58.64739708588225,59.047040852675984,20100000
2017-03-14,58.502071380615234,58.629229489927276,58.265917636351205,58.611060085969996,14280200
2017-03-15,58.810882568359375,58.96528785562855,58.356744479028414,58.62923010446592,24833800
2017-03-16,58.71097183227539,58.819967468737325,58.40216125669593,58.81088276663283,20674300
2017-03-17,58.91987609863281,59.2559338377846,58.7473014133838,58.95620797603245,49219700
2017-03-20,58.9743766784668,59.20144573899845,58.78363949917193,58.95621420264729,14598100
2017-03-21,58.32040786743164,59.49208487437164,58.24774411593224,59.210521499307404,26640500
2017-03-22,59.06520080566406,59.165111743094826,58.23867305826125,58.23867305826125,20680000
2017-03-23,58.91987609863281,59.2559338377846,58.82904294033519,58.98345515168292,19269200
2017-03-24,59.01978302001953,59.44666695887475,58.819961172693446,59.364925437475854,22617100
2017-03-27,59.12876892089844,59.23776454054262,58.4475618897139,58.70187807262072,18614700
2017-03-28,59.30134201049805,59.46483197082188,58.7200459137013,59.00160926163832,20080400
2017-03-29,59.464847564697266,59.49209474363044,58.992540031195915,59.146952261147064,13618400
2017-03-30,59.682823181152344,59.928061614814865,59.36492792417952,59.41942227406147,15122800
2017-03-31,59.81907653808594,60.118809374506014,59.446679935940125,59.62833935025446,21040300
2017-04-03,59.53750991821289,59.891737095150724,59.21052991956292,59.77365674977296,20400900
2017-04-04,59.70100784301758,59.77366468489807,59.292279325646376,59.39219027903054,12997400
2017-04-05,59.54659652709961,60.26413569007628,59.437607797775755,60.21872602939093,21448600
2017-04-06,59.70100784301758,60.00073377357141,59.47393875434424,59.582927481964305,18103500
2017-04-07,59.65559005737305,59.90990632285246,59.43760567690476,59.80999537147147,14108500
2017-04-10,59.51933670043945,59.78273762301296,59.36493141363345,59.59200045761779,17952700
2017-04-11,59.47392272949219,59.59199612913272,58.90170434527267,59.58291142774598,18791500
2017-04-12,59.24686050415039,59.501176735403064,59.137864863786,59.41942827273037,17108500
2017-04-13,58.992530822753906,59.81906541256437,58.992530822753906,59.30134830485344,17896500
2017-04-17,59.47392272949219,59.48300050128215,59.04703184907343,59.074279023636876,16689300
2017-04-18,59.39217758178711,59.68282567596841,59.183277945442796,59.33768322962723,15155600
2017-04-19,59.07427978515625,59.71915499999238,58.93803698098594,59.628328773744464,26992800
2017-04-20,59.492095947265625,59.719165015766634,59.16511593425632,59.455764064753694,22299500
2017-04-21,60.30953598022461,60.58201465948894,59.44666950522868,59.64649136111398,32522600
2017-04-24,61.335880279541016,61.453960600466296,60.945321302565084,61.29047063499739,29770000
2017-04-25,61.690120697021484,61.79911634072285,61.39947257674898,61.67195822120349,30242700
2017-04-26,61.60838317871094,62.044351922748795,61.41764598699459,61.835452254030145,26190800
2017-04-27,62.00802993774414,62.10794090120165,61.38132390194626,61.899041199135475,34971000
2017-04-28,62.18058395385742,62.798212008635204,61.48121437236939,62.58931237619984,39548800
2017-05-01,63.0434455871582,63.1706036830791,62.216911034075835,62.38040100448792,31954400
2017-05-02,62.943546295166016,63.315935950715485,62.78913406764766,63.315935950715485,23906100
2017-05-03,62.74371337890625,63.01619204562343,62.40764873406551,63.01619204562343,28928000
2017-05-04,62.498504638671875,62.74374317774451,62.34409929457421,62.698326580257024,21749400
2017-05-05,62.67105484008789,62.698302016065426,62.207832059678296,62.58022861029705,19128800
2017-05-08,62.61655807495117,62.71646900274977,62.14425061088563,62.64380524987863,18566100
2017-05-09,62.7073860168457,62.92537035182606,62.380406049576635,62.54389603321117,22858400
2017-05-10,62.95261764526367,63.17968668242546,62.59839050165905,62.661969554880464,17977800
2017-05-11,62.18058395385742,62.42582239318229,61.871773391267055,62.08975772542479,28789400
2017-05-12,62.10791778564453,62.31682433955844,61.799107235055104,62.31682433955844,18714100
2017-05-15,62.15336227416992,62.19877887181507,61.37224391595263,61.88996125294782,31530300
2017-05-16,63.40480422973633,63.43220758124325,62.262951454839616,62.32689493146118,34956000
2017-05-17,61.64178466796875,63.12162143751704,61.5961077682079,62.929791003291015,30548800
2017-05-18,61.851890563964844,62.235551487520056,61.33120589076351,61.568713258862296,25201300
2017-05-19,61.83363723754883,62.2081614662585,61.59612981853848,61.66007331950447,26961100
2017-05-22,62.527862548828125,62.57353945294397,61.66005712516376,62.016314675452676,16237600
2017-05-23,62.73796081542969,62.80190429375613,62.46391335442127,62.774500941518575,15425800
2017-05-24,62.8201904296875,62.920674065385974,62.52787629928793,62.91154425800874,14593900
2017-05-25,63.59664535522461,63.83414575443801,62.94807370632506,63.002880418556245,21854100
2017-05-26,63.90721893310547,64.1447262753096,63.50528450311645,63.76106539358369,19827900
2017-05-30,64.31832122802734,64.31832122802734,63.7336858793837,63.75195943648007,17072800
2017-05-31,63.79759979248047,64.61973524739733,63.77019643886937,64.42790480280287,30436400
2017-06-01,64.03510284423828,64.50098073232918,63.44133800166223,64.16298979872342,21603600
2017-06-02,65.5514907836914,65.64283761841261,64.16299380638866,64.34569444514784,34770300
2017-06-05,66.02648162841797,66.58370623789372,65.59714394872535,65.74330442237176,33316800
2017-06-06,66.24573516845703,66.33708897644647,66.01736458711756,66.04477491110462,31511100
2017-06-07,66.12699127197266,66.47411207970866,65.72505678036,66.35536187505843,22301800
2017-06-08,65.72503662109375,66.2457211576516,65.31397244934855,66.23659135423723,24588300
2017-06-09,64.23609924316406,65.84383064790983,62.65577120264542,65.80729050583383,49187400
2017-06-12,63.742801666259766,63.88896219761734,62.235554290893944,63.258657102443806,47761700
2017-06-13,64.53753662109375,64.69282696528161,63.90723149909614,63.962038216028795,25258600
2017-06-14,64.1904067993164,64.94859888306165,63.42308490924975,64.77504196182342,25510700
2017-06-15,63.85240936279297,64.13558662431944,62.847580302209565,63.27691109670196,26068700
2017-06-16,63.94377517700195,63.97117853698686,63.23125994012059,63.69713796781933,48345100
2017-06-19,64.73851013183594,64.80245363087612,64.26349530812149,64.40051908301291,23798300
2017-06-20,63.86155700683594,64.73849926185099,63.82501687504562,64.69282235478371,21512200
2017-06-21,64.1904067993164,64.51013122282865,63.88896289640039,64.13560008411673,19891100
2017-06-22,64.18125915527344,64.48270297441,63.6788411745194,64.43703304754246,22965700
2017-06-23,65.04907989501953,65.08562002679128,63.870686780321634,64.02597711336338,27617300
2017-06-26,64.42790222167969,65.5058115595391,64.3456921641399,65.22263429114675,19607000
2017-06-27,63.222129821777344,64.1082090576364,63.19472645890651,64.04426555449807,25215100
2017-06-28,63.761077880859375,63.79761104590716,62.83845865374741,63.22211961061131,25806200
2017-06-29,62.56440353393555,63.47788587420923,62.19900920396264,63.37740225923375,28918700
2017-06-30,62.96635818481445,63.377422582023854,62.792794254325436,62.829334395971514,24161100
2017-07-03,62.2720832824707,63.578363178168736,62.135059551167686,63.33172603727648,16165500
2017-07-05,63.103355407714844,63.432209574765494,62.31776011635123,62.354300242614244,21176300
2017-07-06,62.63750076293945,62.82933127004773,62.226436386181575,62.36345319888816,21117600
2017-07-07,63.45049285888672,63.797613695802816,62.756244215736224,62.756244215736224,16878300
2017-07-10,63.92549133300781,64.17212847559624,63.21296931919524,63.45047665713277,15014500
2017-07-11,63.93464279174805,64.56494799196551,63.715408927492845,63.94377956881002,17460000
2017-07-12,64.9942626953125,65.11301287742239,64.44617474580446,64.57406170171245,17750900
2017-07-13,65.56062316894531,65.80726729864831,65.14042213723626,65.31398600855934,20269800
2017-07-14,66.48324584960938,66.93085026001286,65.73419058412466,65.98996453292665,25868100
2017-07-17,67.00393676757812,67.09528361933339,66.42844532913374,66.50152559826518,21803900
2017-07-18,66.95826721191406,67.04047728817176,66.37363899413236,66.76642976200992,26435300
2017-07-19,67.46981811523438,67.63424524426955,67.09528694436375,67.14096385716401,22416200
2017-07-20,67.79867553710938,67.8717558132727,66.9399997154871,67.76213539902771,42361000
2017-07-21,67.40587615966797,67.86261742083717,66.83951448686348,67.09528847802727,46717100
2017-07-24,67.2322998046875,67.36932355153714,66.80296198357338,67.1683563187333,21394800
2017-07-25,67.77125549316406,67.88086891110765,67.14095046272035,67.41499794621336,22018700
2017-07-26,67.64338684082031,67.94483079109975,67.4241460069385,67.90829065211943,16252200
2017-07-27,66.83038330078125,67.9813662372725,66.063054373802,67.37847140901304,36844200
2017-07-28,66.72077178955078,66.96740903188615,66.26403047689173,66.38278070922813,18306700
2017-07-31,66.41017150878906,67.08615354154567,66.14526773056485,66.95826655574156,23600100
2017-08-01,66.30054473876953,67.06786649925054,66.21832771053707,66.77555245202207,22132300
2017-08-02,66.00822448730469,66.2822649605832,65.25916937610452,66.27313515666177,26499200
2017-08-03,65.90776062011719,66.17267136877928,65.63371309548246,65.94430075468969,18214400
2017-08-04,66.3918685913086,66.72072265177769,65.98993430199877,66.13609475968023,22579000
2017-08-07,66.13611602783203,66.5928571509948,66.00822907089177,66.50151032022553,18705700
2017-08-08,66.49239349365234,66.80297420530339,65.542370836155,65.85295154780604,22044600
2017-08-09,66.20005798339844,66.23659810872884,65.81639712140361,65.99909077873936,22213400
2017-08-10,65.23176574707031,65.94428073159331,65.17695207719598,65.6793700633678,24734500
2017-08-11,66.22747039794922,66.41016408028563,65.11302081547228,65.41447166371287,21443700
2017-08-14,67.22315979003906,67.34191695060017,66.63853166968525,66.73901528124453,20096600
2017-08-15,67.24156951904297,67.58135444091259,67.07626628451497,67.58135444091259,19181400
2017-08-16,67.63642883300781,68.04968322451191,67.19561807648073,67.35173577936456,18150400
2017-08-17,66.48848724365234,67.83846176507465,66.48848724365234,67.57213964123056,22977500
2017-08-18,66.57112884521484,66.89254965088422,66.05685555614384,66.36909090838036,18761500
2017-08-21,66.2589111328125,66.56196811874584,65.8456496956898,66.55278266286756,17734800
2017-08-22,67.18643188476562,67.2598944970126,66.44256425675911,66.44256425675911,14343700
2017-08-23,66.7823486328125,67.17723903174569,66.60786005924156,67.00275045817475,13766500
2017-08-24,66.75482940673828,66.9109471448901,66.18545017727472,66.80074267925012,17098300
2017-08-25,66.87417602539062,67.36089988983004,66.56194071856046,66.91091082733189,12794300
2017-08-28,66.88339233398438,67.12215814708605,66.62625560821316,67.09460878453204,14569700
2017-08-29,67.0854263305664,67.18644532486854,66.16707693251047,66.3507440095417,11478400
2017-08-30,67.96699523925781,68.15066219286797,66.88334339748947,67.04864645831668,16897800
2017-08-31,68.66497039794922,68.83945899766093,67.77417751011001,67.985393914178,27652800
2017-09-01,67.90276336669922,68.63743875303321,67.62725571779238,68.60988938943264,21736200
2017-09-05,67.59967803955078,67.85681466738657,67.02112062692026,67.35171985810368,21556000
2017-09-06,67.40684509277344,67.99458812847749,67.36092482173889,67.7190805151695,16535800
2017-09-07,68.27009582519531,68.50886864776218,67.59051918329769,67.66398882200293,17471200
2017-09-08,67.93946075439453,68.36190044523646,67.81088545101537,68.2608814967257,14703800
2017-09-11,68.65579986572266,68.82110303017947,68.24253845135583,68.24253845135583,17910400
2017-09-12,68.5822982788086,69.09657143684204,68.29761235296098,68.65576787465517,14394900
2017-09-13,69.06902313232422,69.08739403478624,68.46291647355902,68.81188654942707,13380800
2017-09-14,68.66497039794922,69.3261829795423,68.43538308525433,68.87619380846597,15733900
2017-09-15,69.16085815429688,69.23432775287644,68.02210740209998,68.72005457571265,38578400
2017-09-18,69.02314758300781,69.76700839067935,68.91294312739156,69.08743176383807,23307000
2017-09-19,69.28028869628906,69.52823997907431,68.88539813003797,69.0690652279196,16093300
2017-09-20,68.82110595703125,69.38129964893407,68.24254135360218,69.19762556592094,21587900
2017-09-21,68.15071105957031,69.09660986115456,68.05887751691702,68.97722695635031,19186100
2017-09-22,68.33438110351562,68.42621464072913,67.82010068351043,67.94866903689929,14111400
2017-09-25,67.27828216552734,68.18744615242022,66.96603971150894,68.04050687842327,24149200
2017-09-26,67.27828216552734,67.78337015537883,67.03032389227005,67.65480179385662,18019600
2017-09-27,67.82011413574219,68.11398571698516,67.19563614979447,67.54461346945568,19565100
2017-09-28,67.83849334716797,67.93032691382781,67.32421276225922,67.53543627138367,10883800
2017-09-29,68.4078369140625,68.45375718131918,67.84764328448657,67.9027490064844,17079100
2017-10-02,68.5180435180664,68.8853846483875,68.23335747013098,68.60987704903435,15304800
2017-10-03,68.19661712646484,68.76598917616595,68.13233295935508,68.57313667483666,12190400
2017-10-04,68.59152221679688,68.61907157908578,67.69153667880764,68.04050694521763,13317700
2017-10-05,69.76699829101562,69.90475208898175,68.83946352492285,69.07823630763419,21195300
2017-10-06,69.79454803466797,69.82209739312346,69.3721081899689,69.4914910787591,13959800
2017-10-09,70.06086730957031,70.29964008382703,69.66597683948955,69.76699582065781,11386500
2017-10-10,70.06086730957031,70.37310270121843,69.92311351648186,70.0976021214905,13944500
2017-10-11,70.18024444580078,70.21697925471243,69.74861919914939,70.1251457356575,15388900
2017-10-12,70.82308959960938,70.97920727494902,70.13432773098948,70.24452514584192,16876500
2017-10-13,71.16289520263672,71.51187246934948,70.97922811964587,71.25472874413214,15335700
2017-10-16,71.30980682373047,71.45673903186,71.03429929962245,71.09858345438799,12380100
2017-10-17,71.25471496582031,71.28227132874554,70.94247958382186,71.14451753991439,16824000
2017-10-18,71.27310180664062,71.49350371416928,71.05269989911196,71.32820053191021,13300700
2017-10-19,71.548583984375,71.56694788411305,71.03430370788783,71.23634163724553,15092800
2017-10-20,72.3750991821289,72.52203841919791,71.83327650994599,71.92511002988988,22866400
2017-10-23,72.39347839355469,72.86183150092344,72.32919422157569,72.54041064102844,20627200
2017-10-24,72.42103576660156,72.73327120606793,72.05369459759112,72.45777058414761,17517200
2017-10-25,72.20982360839844,72.64144902399299,71.64045136353,72.16391033412418,20410800
2017-10-26,72.32918548583984,72.93529231894506,72.32000003196674,72.73325437242718,32120700
2017-10-27,76.96684265136719,79.16169663440579,76.78317561766576,77.48112295733796,71066700
2017-10-30,77.04032135009766,77.44439727961718,76.32401002518507,76.86583274299622,31756700
2017-10-31,76.38829040527344,77.47194279358041,76.32400623844373,77.47194279358041,27086600
2017-11-01,76.38829040527344,76.92093464840454,76.11278282946115,76.84746502732811,22307400
2017-11-02,77.18726348876953,77.56378306827536,76.33319833714742,76.54441475806672,23992900
2017-11-03,77.26991271972656,77.63725385612575,76.59033617158019,77.21481400152398,17633500
2017-11-06,77.57294464111328,77.78416099700588,77.21478907551527,77.32498647634718,19860900
2017-11-07,77.38928985595703,77.96785437985459,77.07705446743044,77.84846449069533,17939700
2017-11-08,77.65560913085938,77.7015293952251,76.98521811239122,77.26990413340246,18034200
2017-11-09,77.22399139404297,77.38929455283923,76.13116046142535,77.24236230415883,21178400
2017-11-10,77.0219497680664,77.23316616002134,76.4342068417899,76.94848015066975,19397800
2017-11-13,77.07705688476562,77.08624233955416,76.64543159354291,76.82910565706807,14196900
2017-11-14,77.18726348876953,77.23317675110232,76.20462999229672,76.6821685579637,18801300
2017-11-15,76.58734893798828,77.24265076286602,76.3196892560009,77.03959810469371,19383100
2017-11-16,76.79037475585938,76.99342736167917,76.55040989592294,76.69808003729646,20962800
2017-11-17,76.05200958251953,76.71654281944117,75.90433240025445,76.71654281944117,22079000
2017-11-20,76.17198181152344,76.22735722663958,75.91355381880183,76.05199939822688,16315000
2017-11-21,77.27031707763672,77.38106792113471,76.36581195313511,76.36581195313511,21237500
2017-11-22,76.70731353759766,77.43645380323733,76.64270652882634,77.37184679446601,20553100
2017-11-24,76.84574890136719,77.0026506101023,76.40272444193492,76.61500860912088,7425600
2017-11-27,77.40876007080078,77.5102863683505,76.88267245696825,76.89189699919257,18265200
2017-11-28,78.34095001220703,78.50708332236556,77.54720275718687,77.59335363731144,21926000
2017-11-29,76.91959381103516,78.37787440145753,76.7719236599842,78.18405336728283,27381100
2017-11-30,77.68565368652344,78.00868874465434,76.91959409035863,77.07650286856747,33054600
2017-12-01,77.76871490478516,78.27633935430218,76.80883438437411,77.15955711540234,29532100
2017-12-04,74.8337173461914,77.92563684867139,74.48298748249681,77.91640526235385,39094900
2017-12-05,75.30439758300781,76.31042890797035,74.74139775432047,75.07365729325726,26152300
2017-12-06,76.40274047851562,76.73500713242233,75.15674404718368,75.26750194569804,26162100
2017-12-07,76.13507080078125,76.42119357381219,75.68282176433522,76.18122167948685,23184500
2017-12-08,77.67642211914062,78.06406415384446,76.91036259224816,77.18724674204996,24489100
2017-12-11,78.66399383544922,78.79320785270262,77.639506240343,77.7964079696313,22857900
2017-12-12,78.98702239990234,79.4208152972307,78.52554179281009,78.7378189287568,23924100
2017-12-13,78.77474975585938,79.37467604124254,78.6086164313169,79.13470411876202,22062700
2017-12-14,78.16558837890625,79.25468290579764,78.01791120295846,78.84857771357652,19306000
2017-12-15,80.1592025756836,80.3807113576943,78.34096734598765,78.69169721261157,53936700
2017-12-18,79.72541809082031,80.75913758692259,79.5869794882674,80.40841472439192,22283800
2017-12-19,79.2177734375,79.69771023558813,78.70091029920948,79.69771023558813,23524800
2017-12-20,78.93164825439453,79.65156399227705,78.18405184546712,79.55926222782617,23674900
2017-12-21,78.91319274902344,79.46696813191744,78.82089802548043,79.42082429096396,17990700
2017-12-22,78.92243194580078,79.03318280807969,78.37788105359485,78.82090562762063,14145800
2017-12-26,78.82088470458984,78.94086712075486,78.47938653939501,78.73781453829494,9891200
2017-12-27,79.10700988769531,79.35621337479647,78.6547608354469,79.05163446462203,14678000
2017-12-28,79.11626434326172,79.31008542168429,78.9593625714393,79.2823977021436,10594300
2017-12-29,78.9500961303711,79.4208082796713,78.91317684006965,79.0331592523234,18717400
2018-01-02,79.32852935791016,79.66079602459004,78.9131995453786,79.4946626912501,22483800
2018-01-03,79.69771575927734,79.84539296377733,79.3469929610449,79.43005610734863,26061400
2018-01-04,80.399169921875,80.90680151992336,79.9007699096921,79.91922603978622,21912000
2018-01-05,81.39595031738281,81.59900290763547,80.69449783513778,80.90678200902967,23407100
2018-01-08,81.47904968261719,81.75594098185952,80.8514355070877,81.40521106393413,22113000
2018-01-09,81.42363739013672,81.8943495691667,81.09137079807263,81.82051098390022,19484300
2018-01-10,81.0544662475586,81.39596448530118,80.67605575210426,81.09138554690668,18652200
2018-01-11,81.29443359375,81.3405774341089,80.51914243437955,81.3405774341089,17808900
2018-01-12,82.69734191894531,82.86347525640218,81.63593487639514,81.83898751569096,24271500
2018-01-16,81.54364013671875,83.79566825727414,81.2298366335656,83.15882262346273,36599700
2018-01-17,83.19573211669922,83.32494613707372,81.91281645609797,82.21739537911046,25621200
2018-01-18,83.15880584716797,83.68489346933865,82.75270769216796,82.88192170170916,24159700
2018-01-19,83.06652069091797,83.62952767226508,82.75271721495989,83.1957347153285,36875000
2018-01-22,84.55249786376953,84.56172944980409,82.8265574404294,83.06652938586915,23601600
2018-01-23,84.82012176513672,85.18930759286204,84.48785522434733,84.82012176513672,23412800
2018-01-24,84.74629211425781,86.23226012212612,84.52478341095342,85.4200568489202,33277500
2018-01-25,85.21704864501953,86.05694006328822,84.84786258617727,85.34626270936856,26383200
2018-01-26,86.81375885009766,86.81375885009766,85.4477797354404,85.94617980429241,29172200
2018-01-29,86.68453979492188,88.09666972098479,86.49995031710291,87.81055391787424,31569900
2018-01-30,85.59545135498047,86.444581324487,85.00475653197282,86.11231460634048,38635100
2018-01-31,87.69055938720703,88.05051374853737,86.30611736927919,86.5276261204895,48756300
2018-02-01,86.99833679199219,88.66889454317537,86.37072280697615,87.48750516941249,47227900
2018-02-02,84.70938873291016,86.7306762748855,84.45096069024657,86.42609734961654,47867800
2018-02-05,81.2206039428711,86.05691975144741,81.2206039428711,83.58338289515814,51031500
2018-02-06,84.29408264160156,84.43252828668315,78.68247455518033,80.1961309803595,67998600
2018-02-07,82.70655822753906,84.700150867135,82.32814073481742,83.51876159305807,41107600
2018-02-08,78.46096801757812,82.95578652755863,78.23022761631381,82.79888474469206,55628700
2018-02-09,81.3867416381836,82.0789627315992,77.37186070470047,79.65157663234449,63499100
2018-02-12,82.2635269165039,82.86345308802477,81.15597632418458,81.90357262191837,35720300
2018-02-13,82.90960693359375,83.06650864882687,81.03599680962073,82.07894043877845,26407700
2018-02-14,84.20784759521484,84.374761356616,81.98234020948674,82.07506850477283,34960900
2018-02-15,85.92334747314453,85.97898303186294,84.03166065485374,84.57876251482473,27823900
2018-02-16,85.31131744384766,86.70226283695386,85.12586088798581,85.72859823189387,30596900
2018-02-20,85.97895812988281,86.29423563759369,84.39328149323083,84.82911210953593,30911700
2018-02-21,84.83838653564453,86.57243418611527,84.83838653564453,86.22006393121637,26922500
2018-02-22,85.0609359741211,85.98823274574703,84.71783362172285,85.35767065805288,24392800
2018-02-23,87.2215576171875,87.23083256853945,85.64515547367499,86.79500182629253,26329200
2018-02-26,88.48268127441406,88.51049905347593,87.39774544271198,87.5368414127362,30199800
2018-02-27,87.35137939453125,88.87214599254602,87.35137939453125,88.77941770236757,25869100
2018-02-28,86.95263671875,88.75159516558875,86.82281570451573,87.94484422737747,31167300
2018-03-01,86.09952545166016,87.69447743133188,85.16295349620833,87.15664347079799,37135600
2018-03-02,86.28498840332031,86.37771668808016,84.2542057159208,84.92186068573514,32830400
2018-03-05,86.83210754394531,87.41630222162306,85.55243997986815,85.62661837763324,23901600
2018-03-06,86.53534698486328,87.62028266695108,86.18297670748058,87.4811867161084,22175800
2018-03-07,87.03608703613281,87.11027248558355,85.71005219473469,86.38698204022346,26716100
2018-03-08,87.56466674804688,88.18595411642447,86.95264725701304,87.4162958139603,25887800
2018-03-09,89.52124786376953,89.52124786376953,88.09320972038908,88.36212668323809,36937300
2018-03-12,89.7345199584961,90.14253286776372,89.05759716780831,89.48415290262717,26073700
2018-03-13,87.54608917236328,90.17033358636117,87.13807634027746,89.9477843482747,35387800
2018-03-14,87.02682495117188,88.47341313045045,86.70227240523963,88.20449614247377,32132000
2018-03-15,87.33281707763672,87.70373723029293,86.08096775279628,86.73007271390955,27611000
2018-03-16,87.72227478027344,88.44556514337503,87.09171268108251,87.7964602212872,49081300
2018-03-19,86.1365966796875,87.07316840135555,85.41330632868734,86.92479752181042,33344100
2018-03-20,86.35916137695312,86.95263085190011,86.23861532178752,86.28498299862039,23075200
2018-03-21,85.75641632080078,87.21227210113885,85.50604220794324,86.17369707594527,24457100
2018-03-22,83.26200866699219,85.07951016041781,83.14146258913932,84.63440443307977,38604700
2018-03-23,80.84175109863281,83.88328406481239,80.74902281546187,82.99307981188528,44068900
2018-03-26,86.96192169189453,87.16592818769254,83.8276600124687,84.02239155626258,56396800
2018-03-27,82.96525573730469,88.22302752336056,82.07505155194448,88.03757097109492,56569000
2018-03-28,82.89107513427734,84.59730522870628,82.40888382535805,83.28981311221065,52501100
2018-03-29,84.63439178466797,85.58023866088841,81.97305399457194,83.62364147790879,45867500
2018-04-02,82.08433532714844,84.27275702641141,81.14777035966442,83.89256889820952,48515400
2018-04-03,83.18780517578125,83.50308980489909,81.50012507793112,83.06725912404696,37213800
2018-04-04,85.6173324584961,86.0160704456658,81.3517677356875,81.4630388462463,35560000
2018-04-05,85.66368865966797,86.30352581135017,84.75494162148158,85.71933128680176,29771900
2018-04-06,83.66999053955078,85.7378583715882,82.97451796313487,84.83837937413622,38026000
2018-04-09,84.17073822021484,86.39625224063758,84.03164934214358,84.4211123501712,31533900
2018-04-10,86.12733459472656,86.49825477427584,84.97748840536642,85.67296108900355,26812000
2018-04-11,85.18151092529297,86.50754604187424,84.82914057934768,85.3206069032003,24872100
2018-04-12,86.77645111083984,87.31428504492737,85.7100581931737,85.7100581931737,26758900
2018-04-13,86.31279754638672,87.33282272612917,85.71932809363788,87.21227667547247,23346100
2018-04-16,87.32355499267578,87.77793560710735,86.62808225700672,87.23082670952948,20288100
2018-04-17,89.08541870117188,89.521249404507,87.98193305440546,88.0932112365488,26771000
2018-04-18,89.42850494384766,89.68814691382619,88.57538651785849,89.22449851751792,21043300
2018-04-19,89.12250518798828,90.01270935865773,88.40848261664952,89.42851486141919,23552500
2018-04-20,88.09320831298828,89.12250847083297,87.21227905974405,88.93705191479653,31154400
2018-04-23,88.4177474975586,89.28940874392877,87.75009267691021,88.7793926796243,22331800
2018-04-24,86.34988403320312,89.456327023105,85.69150412770914,89.24304563765969,34524800
2018-04-25,85.59879302978516,86.51682225250191,83.71638104890029,86.51682225250191,33729300
2018-04-26,87.4070053100586,88.23229896180835,86.33133754052956,86.74862537859046,42529000
2018-04-27,88.85359191894531,90.78237123929398,87.08245845413467,90.50417932925198,48272800
2018-04-30,86.72079467773438,89.39141402202807,86.3776993853784,89.32650352822724,41523600
2018-05-01,88.09320831298828,88.36212527154099,86.04388294751499,86.43334596001996,31408900
2018-05-02,86.71153259277344,88.25084172341516,86.41479787634167,88.0839280032527,27471000
2018-05-03,87.23081970214844,88.02829560763037,85.72859616688189,86.20151957006628,31142500
2018-05-04,88.24156188964844,88.43629335766163,86.16441208141558,86.53533219536521,22531300
2018-05-07,89.22450256347656,89.67887603154294,88.18592756175428,88.25083805719234,24242000
2018-05-08,88.84432983398438,89.16888946760334,88.14885703288408,88.88142256567555,23484600
2018-05-09,89.89217376708984,89.91999154523552,88.1395829967661,89.0297872710008,27327400
2018-05-10,90.79163360595703,90.82871925242273,89.99415778739412,90.37434579872955,22388100
2018-05-11,90.59688568115234,90.75453149853642,89.98487353178086,90.68962101186501,16778300
2018-05-14,90.90291595458984,91.51493531778014,90.23526104009646,90.80091272739146,19454100
2018-05-15,90.24453735351562,90.73600359668824,89.33578324512378,90.1703519008481,24594000
2018-05-16,90.47735595703125,90.71018497024781,89.98375958587256,90.67293147548786,17384700
2018-05-17,89.5739974975586,90.84058817006614,89.24803823008513,90.11416262958839,17246700
2018-05-18,89.74161529541016,90.27246516057632,89.41565609844454,89.41565609844454,17865800
2018-05-21,90.89645385742188,91.27829688546434,90.15140520853001,90.3376655944084,19422500
2018-05-22,90.8033218383789,91.42730193443906,90.52392415980187,90.9709590244495,15441200
2018-05-23,91.88368225097656,91.9488741167596,89.70439811338001,90.06761095208269,21251200
2018-05-24,91.55767822265625,92.14441187916835,90.16070415344085,91.9488363621235,26649300
2018-05-25,91.60424041748047,92.18165888337077,91.13858242719454,91.54836373236681,18363900
2018-05-29,91.27828979492188,92.08853022646913,90.55186439889562,91.11996066330822,28671000
2018-05-30,92.15372467041016,92.43312234079546,91.18516218526436,91.55768293860756,22158500
2018-05-31,92.05127716064453,93.12229206469165,91.83707844306176,92.47037365633831,34140900
2018-06-01,93.86736297607422,93.9325548274741,92.35862813676114,92.46107348972937,28655600
2018-06-04,94.68692016601562,94.86387252487066,93.92324113544302,94.30508420341883,27281600
2018-06-05,95.17118835449219,95.30157203159783,94.55651635781344,94.99423603325846,23514400
2018-06-06,95.4505844116211,95.55302975031306,94.90111132716234,95.44127636656032,21122900
2018-06-07,93.95118713378906,95.63687449262822,93.48552897710923,95.59962098744829,28232200
2018-06-08,94.649658203125,94.94767908828446,93.63452700552443,94.14674662715998,22165100
2018-06-11,94.10946655273438,94.61237084333581,93.75556199331935,94.07221306724985,23490900
2018-06-12,94.35163879394531,94.48202248915607,93.83010401310229,94.15606325112918,18325200
2018-06-13,93.9232406616211,95.00357090230641,93.65315810144976,94.73348834213508,29492900
2018-06-14,94.45408630371094,95.02218974815672,94.0629352091223,94.66829215382108,25691800
2018-06-15,93.25269317626953,94.5565373420561,93.19681647521752,94.53791414349845,65738600
2018-06-18,93.93255615234375,94.16538521139569,92.5914584984833,93.14093877264295,23586000
2018-06-19,93.93255615234375,94.06293985698251,92.66596550267089,92.80566435917785,28653100
2018-06-20,94.8731689453125,95.478518695896,94.1746819050599,94.40751091847744,26180800
2018-06-21,94.19331359863281,95.42265061618279,93.95116941332468,95.06875304179263,23198200
2018-06-22,93.51348114013672,93.84874850003635,92.7870483951106,93.51348114013672,38923100
2018-06-25,91.6321792602539,93.23404389244239,90.61704824646998,93.13159856559007,35433300
2018-06-26,92.27479553222656,93.20611157811813,91.96745953179173,92.03265137078904,26897200
2018-06-27,90.840576171875,93.15023619523853,90.71019248210665,92.74046192970009,31298400
2018-06-28,91.85570526123047,92.30274011986081,90.57980673950219,90.69156012512626,26650700
2018-06-29,91.83709716796875,93.04781115076945,91.57632975145887,92.13511808760565,28053200
2018-07-02,93.14093780517578,93.18749935327513,91.26899020033626,91.36212040191387,19564500
2018-07-03,92.2468490600586,93.71832288283224,92.14440373560653,93.57863117255846,14670300
2018-07-05,92.9081039428711,93.05711083661211,92.22824000630047,92.66595974699105,18977400
2018-07-06,94.21195220947266,94.46340446246242,92.82428592604009,93.02917663126523,19234600
2018-07-09,94.85456848144531,95.22709644116644,94.29578009455356,94.66830805427468,18212000
2018-07-10,95.10599517822266,95.46920786010496,94.863851021842,94.99423469711373,19293100
2018-07-11,94.97562408447266,95.31089136145789,94.15606132519356,94.20262997483563,19644600
2018-07-12,97.03385162353516,97.23874235495354,95.67413062138921,95.71137702221094,24335900
2018-07-13,98.18866729736328,98.3469893461484,96.94069989396709,97.20147439861044,24635200
2018-07-16,97.70441436767578,98.55190866135317,97.34119440709313,98.16075744888668,21786900
2018-07-17,98.67293548583984,99.1851621701844,97.15489283872984,97.42497535362261,25901700
2018-07-18,97.89996337890625,98.76608774572702,97.52743547068827,98.6636423933326,29493900
2018-07-19,97.22942352294922,98.07691766448046,96.75445021857749,97.72302002702713,40171600
2018-07-20,98.9709701538086,100.76841071684879,98.79402490620359,100.6566573194938,56004000
2018-07-23,100.55422973632812,100.7125518141425,98.84060391850541,98.9989331016998,29707000
2018-07-24,100.26551818847656,101.34584142236537,99.89299024026747,101.11301234290714,26316600
2018-07-25,103.2177734375,103.51579432944932,100.20961906422345,100.54489345583875,30702100
2018-07-26,102.09090423583984,103.3761182835909,101.97914371219102,103.13397403504182,31372100
2018-07-27,100.28412628173828,102.61241672558866,98.84989851568103,102.61241672558866,37005300
2018-07-30,98.1327896118164,100.1444288897478,97.56468616682858,99.82778479536306,34668300
2018-07-31,98.7940444946289,99.3900864166319,98.14211875748926,99.17588052026511,27655200
2018-08-01,98.98027801513672,99.1386000533145,98.1793455679831,98.74744898062411,23628700
2018-08-02,100.18167114257812,100.66595238120148,97.6391751000164,98.1607169401237,26104300
2018-08-03,100.619384765625,100.62869991543363,99.48317807180575,100.39587090786009,18659600
2018-08-06,100.7032241821289,100.97330674895751,100.17237420053591,100.69391613544386,20265900
2018-08-07,101.40168762207031,101.60657828721507,100.74045408797971,101.10366677423544,16080200
2018-08-08,101.96981811523438,102.2119623389833,101.28996120579619,101.82081120434384,15487500
2018-08-09,102.13743591308594,102.59378592211947,102.07224406970658,102.17468941007101,13677200
2018-08-10,101.51346588134766,102.1560763335838,100.93604727894859,101.9046169803702,18183700
2018-08-13,100.7777328491211,102.05363869854104,100.67528749086361,101.73698747155086,18472500
2018-08-14,102.03499603271484,102.21194837651828,100.61939859842249,101.10367987438666,16788300
2018-08-15,100.65135192871094,101.8947636870328,99.86603210652252,101.42731361966793,29982800
2018-08-16,100.6326675415039,101.77324704670087,100.31480486377923,101.24970516210813,21384300
2018-08-17,100.57654571533203,100.87571343598259,99.7444852693751,100.37086656999956,18061500
2018-08-20,99.91278076171875,100.87572676692055,99.54817027688938,100.51111628209118,17914200
2018-08-21,99.08071899414062,100.36152760831132,98.95917741220248,99.95952026678457,22881900
2018-08-22,100.09040069580078,100.35217157804671,98.89372972969281,98.95917245025429,18000600
2018-08-23,100.55787658691406,101.13751735568947,99.91280021347804,100.1745711630142,18167700
2018-08-24,101.34314727783203,101.49272754793394,100.55782767845712,100.66066723471717,17234000
2018-08-27,102.4650650024414,102.50246186801375,101.44602716330532,102.1565462110116,19662300
2018-08-28,103.08207702636719,103.30645103144555,102.64267288074468,102.78290930868903,19151500
2018-08-29,104.7275161743164,104.73686717338126,103.0914408413647,103.25972316092006,20818000
2018-08-30,104.66205596923828,105.27909341547895,104.18526208738454,104.40028510091359,22798700
2018-08-31,105.01732635498047,105.43802853251066,104.26005244961607,104.41899088205147,23222700
2018-09-04,104.43768310546875,104.67140811657204,103.04468403645508,103.63366849665572,22634600
2018-09-05,101.42732238769531,104.16658030456134,101.0627118742492,103.78327492520219,32872400
2018-09-06,101.66104125976562,101.89476629944036,100.51111805889028,101.20294217916532,23477600
2018-09-07,101.1655502319336,101.64235133319725,100.24935202622028,101.18425223034059,22498600
2018-09-10,102.2593765258789,102.50245256367332,101.30578150487335,101.75452958556227,20727900
2018-09-11,103.99829864501953,104.32551229600793,101.80128455098578,101.81063555036334,24301800
2018-09-12,104.43768310546875,104.5685685410689,103.31580590526146,104.17591223426847,18891100
2018-09-13,105.5595703125,106.32618808448288,104.82099840137772,104.82099840137772,26055600
2018-09-14,105.9896240234375,106.32618862090568,105.12016666876495,105.98027302552963,19122300
2018-09-17,104.8396987915039,106.29814069491583,104.57792789937581,106.28879682928401,20736500
2018-09-18,105.84003448486328,106.29813351514575,104.44703539857171,104.8864395661314,22170900
2018-09-19,104.42835235595703,105.94289328934735,103.81132191602053,105.6904733668103,21728400
2018-09-20,106.17662811279297,106.39165832287885,104.6433921722469,104.9706058547921,23714500
2018-09-21,106.82169342041016,107.78463943623697,106.12051830604436,106.57861738360116,71229700
2018-09-24,107.20498657226562,107.42001672126165,104.91448431245547,105.67175106731034,27334500
2018-09-25,106.99932861328125,107.6070151901372,106.34490130449652,107.32654940039633,22668000
2018-09-26,106.55992889404297,107.5696156982668,106.33554770846207,107.01802799900616,19352000
2018-09-27,106.9619369506836,107.42938705787255,106.76560162886835,107.30784546506096,19091300
2018-09-28,106.92453002929688,107.1115072014971,106.2794466595788,106.7562477212279,21647800
2018-10-01,108.08380126953125,108.14924399130588,107.2610917482613,107.2797866118876,18883100
2018-10-02,107.65375518798828,108.29883145015923,106.98997692823431,107.79399163897229,20787200
2018-10-03,107.67245483398438,108.61670603763531,107.44808078208007,107.90617988509543,16648000
2018-10-04,105.4473876953125,107.28914211320013,104.3629001087042,107.14890566559085,34821700
2018-10-05,104.83035278320312,105.80264980933421,103.43735353651476,105.29780286503218,29068900
2018-10-08,103.63368225097656,104.73686473510796,102.22198099938893,104.39095623770754,29640600
2018-10-09,104.951904296875,105.71852221828054,103.58695078474918,103.90481344675307,26198600
2018-10-10,99.2490005493164,104.24136378584687,98.90308493578978,103.99828775653837,61376300
2018-10-11,99.01528930664062,101.83868493480341,97.41660359579845,98.49174031424533,63904300
2018-10-12,102.43701171875,103.99829329654509,100.14650914690559,101.9134699040935,47742100
2018-10-15,100.5952377319336,102.35285428217178,99.98755131047295,101.81996157193849,32068100
2018-10-16,103.77392578125,104.15723830018494,101.8573774520207,102.40897229807199,31610200
2018-10-17,103.50279235839844,104.53118107308572,102.41831191847864,104.4096466241746,26548200
2018-10-18,101.43665313720703,103.33449905466777,100.8102718296875,102.93249175692576,32506200
2018-10-19,101.58627319335938,103.64305106448529,101.16556376559036,101.83869314384202,32785500
2018-10-22,102.49310302734375,103.34386560540199,101.19359236219374,102.20328625723356,26545600
2018-10-23,101.06268310546875,101.87604862924123,98.2673342538727,100.75416441030809,43770400
2018-10-24,95.65898895263672,101.42732152145302,94.97650866271711,101.35253492571702,63897800
2018-10-25,101.24971008300781,102.15655742497357,99.239672917365,99.61363448141633,61646800
2018-10-26,99.99691009521484,101.67038206747036,97.94013280532931,98.80959015107723,55523100
2018-10-29,97.08937072753906,101.62363463510458,95.01389143337089,101.0720470181666,55162000
2018-10-30,96.97720336914062,97.58488280853257,93.5928619906472,96.91176063877276,65350900
2018-10-31,99.85668182373047,101.10010072368644,98.52912533475231,98.57587319491266,51062400
2018-11-01,99.0246353149414,100.33349712514834,98.66002477868189,100.08107718955445,33384200
2018-11-02,99.2490005493164,100.33348098372329,98.14581811811247,99.5481683035723,37680200
2018-11-05,100.51112365722656,100.72614671137941,99.00593374726634,99.44533798756464,27922100
2018-11-06,100.70745086669922,101.75453452764357,99.36119229380222,100.38958108911078,24340200
2018-11-07,104.67142486572266,104.93319577881059,102.2780826515216,102.3154795152088,37901700
2018-11-08,104.47511291503906,104.9051662151831,103.68980005374742,104.5218607850927,25644100
2018-11-09,102.43701171875,104.19462147704127,101.67974486073297,103.63368279952041,32039200
2018-11-12,99.91278076171875,102.80161877732415,99.19290365792185,102.29677184462454,33621800
2018-11-13,99.97821807861328,101.66103396386767,99.69774519804339,100.54850770510951,35374600
2018-11-14,98.56043243408203,101.6495427434277,98.0909629128478,101.49930905813527,39495100
2018-11-15,100.72937774658203,101.21763005257165,97.56515780786195,98.57920651350138,38505200
2018-11-16,101.67768096923828,102.23165140889002,100.27866419800948,100.54156590927026,33502100
2018-11-19,98.23178100585938,101.93119505075532,97.22711676442451,101.65890193588527,44773900
2018-11-20,95.49947357177734,96.68253857809387,93.28357721993032,95.58398179685328,64052500
2018-11-21,96.81399536132812,98.05339448435399,95.99711589887684,97.27407343939267,28130600
2018-11-23,96.77643585205078,97.47124865893724,95.77177147701956,95.93138937689938,13823100
2018-11-26,99.96881866455078,100.11904515274591,98.19422484381607,98.3914011390605,32336200
2018-11-27,100.59793090820312,100.77633162298625,98.9266205177189,99.78105134231559,29124500
2018-11-28,104.33490753173828,104.53208386829915,101.27396428992994,101.30213131464772,46788500
2018-11-29,103.4616928100586,104.33490638438919,102.37252010937259,103.59314369965362,28123200
2018-11-30,104.11894989013672,104.19406673281459,102.6823743007202,103.94054917966085,33665600
2018-12-03,105.24566650390625,106.49445706268914,103.9687160855122,106.1001044115585,34732800
2018-12-04,101.89366912841797,105.7621008428897,101.60260029646932,105.10484633089696,45197000
2018-12-06,102.52273559570312,102.56967824020666,98.58857951143928,99.3585090839396,49107400
2018-12-07,98.4195785522461,102.76686322793908,97.93133345962848,101.76219885737783,45044900
2018-12-10,101.02044677734375,101.38663958941791,97.54637523250999,98.40081318812253,40801500
2018-12-11,101.9593734741211,104.17526988948939,100.87959945129339,103.09549586666168,42381900
2018-12-12,102.4194564819336,104.47572779270871,102.38189806647412,104.11893359114667,36183000
2018-12-13,102.76687622070312,104.1001751168162,101.99694648576796,102.88894288194201,31333400
2018-12-14,99.55569458007812,102.58847050573716,99.05805808845349,101.64014017132787,47043100
2018-12-17,96.60742950439453,99.33974533015441,95.4994812395129,98.9735597070062,56957300
2018-12-18,97.62149047851562,98.12851840594288,96.26002460944164,97.41492274917087,49319200
2018-12-19,97.35858917236328,100.35379977176625,95.16146814286621,97.32103075197897,68198200
2018-12-20,95.31169128417969,97.94071594852018,92.7483848938239,96.7576580731579,70334200
2018-12-21,92.23197174072266,96.7107071632191,91.50898477267997,95.42435828518511,111242100
2018-12-24,88.38232421875,91.98785365188253,88.24148910160636,91.71556048617822,43935200
2018-12-26,94.4197006225586,94.54176727344007,88.22270484724791,89.33065311946527,51634800
2018-12-27,95.00186157226562,95.0112529693671,90.51373367172508,93.2366585846519,49498500
2018-12-28,94.26008605957031,96.15674685965496,93.44320654703452,95.85627950131307,38196300
2018-12-31,95.36802673339844,96.14734776372849,94.30702832248554,95.10512497944023,33173800
2019-01-02,94.94551086425781,95.53703983423571,92.89862363089934,93.4713769735044,35329300
2019-01-03,91.45264434814453,94.07228456848813,91.26485228223012,93.98777634794294,42579100
2019-01-04,95.70604705810547,96.25063336606694,92.88923021993523,93.63099284694434,44060600
2019-01-07,95.82811737060547,96.96423276408862,94.81406863856581,95.43376468794914,35656100
2019-01-08,96.52291870117188,97.6214754598207,95.4994716078362,96.74826202418149,31514400
2019-01-09,97.90316009521484,98.4759134215419,96.93605413344359,97.51819885495807,32280800
2019-01-10,97.27409362792969,97.41493593186391,96.12858672911916,96.91729933302852,30067600
2019-01-11,96.52291870117188,97.12383900488757,95.43374617347777,96.88910428738815,28314200
2019-01-14,95.8187484741211,96.58867833357802,95.07698564457127,95.67790616104801,28437100
2019-01-15,98.59799194335938,98.63555036509692,95.65910812334138,96.25064431128698,31587600
2019-01-16,98.94539642333984,99.77166738797999,98.55104373396337,98.83272831982462,29853900
2019-01-17,99.64022064208984,100.11907442904966,98.36326288312323,98.58860626307707,28393000
2019-01-18,101.13311004638672,101.31151073322314,99.44302429130197,100.89837531677478,37427600
2019-01-22,99.22706604003906,100.56035759643368,98.45713640684289,100.23173040486253,32371300
2019-01-23,100.19416809082031,100.50401964376427,98.90781923266633,99.64019758422528,25874300
2019-01-24,99.71530151367188,100.46645544785481,98.9078135416624,100.33500458390303,23164800
2019-01-25,100.62610626220703,101.2927521942858,99.71533414709444,100.69183171569263,31225600
2019-01-28,98.6637191772461,99.97823530771889,98.26936648716524,99.77166756618989,29476700
2019-01-29,96.65436553955078,98.56041022000127,95.9313786282204,98.4759020001871,31490500
2019-01-30,99.88430786132812,99.88430786132812,97.95948760217863,98.23178071624588,49471900
2019-01-31,98.05339050292969,98.79515310028205,96.87971686728395,97.46186156943696,55636400
2019-02-01,96.50414276123047,97.7435418710479,96.10039873193578,97.44308169786596,35535700
2019-02-04,99.28340148925781,99.33974269685038,96.49475169186938,96.58865131667844,31315100
2019-02-05,100.67303466796875,100.71997731702224,99.48996959337191,99.58386205501454,27325400
2019-02-06,99.55569458007812,100.46646649729406,99.08622511046461,100.46646649729406,20609800
2019-02-07,98.84209442138672,99.14255458153923,97.92193831496633,98.76698475400005,29760700
2019-02-08,99.2176742553711,99.32095810996438,97.89377409923027,98.01583358032438,21461100
2019-02-11,98.8233413696289,100.07213210571014,98.56043956488274,99.7153306590944,18914100
2019-02-12,100.36320495605469,100.59793974305333,99.03930448242171,99.65900059505877,25056600
2019-02-13,100.28807067871094,101.19884264017405,100.19417821293386,100.93594087058386,18394900
2019-02-14,100.37257385253906,100.73875946508515,99.20829157581647,99.81859615436957,21784700
2019-02-15,101.61198425292969,101.68710109552477,100.8044961038736,101.32091544229426,26606900
2019-02-19,101.56503295898438,102.02511824053872,101.19884731107707,101.20823870714902,18038500
2019-02-20,101.03697204589844,101.78190251049664,100.2260354486968,101.70646487491302,21607700
2019-02-21,103.16803741455078,103.23404354646661,100.7729464656884,100.80123378020535,29063200
2019-02-22,104.63905334472656,104.8559275894619,103.55466053865972,103.7715419775251,27763200
2019-02-25,105.22367095947266,105.78001458664166,104.91250327031098,105.38397775015977,23750600
2019-02-26,105.94976043701172,106.77955304717901,104.82764871663464,104.91251787576994,21536700
2019-02-27,105.77056121826172,105.94972378569004,104.55415644840612,105.31794983988131,21487100
2019-02-28,105.63856506347656,106.44007019683993,105.35568470741674,105.64799656691733,29083900
2019-03-01,106.11005401611328,106.57209703003296,105.29911726850635,106.44951624507108,23501200
2019-03-04,105.85546112060547,106.78897865475413,104.47875638711574,106.57209721039119,26608000
2019-03-05,105.32738494873047,105.97802196526713,104.88420502690705,105.84600970019142,19538300
2019-03-06,105.3745346069336,106.23262151865958,105.07279126092497,105.48769105948513,17687000
2019-03-07,104.09212493896484,105.18594907877427,103.60179469313475,105.04450530978113,25339000
2019-03-08,104.20529174804688,104.39387866269199,102.59284988720334,102.93231208886826,22818400
2019-03-11,106.39292907714844,106.50607834405751,104.6484750023828,104.6578993118723,26491600
2019-03-12,107.13785552978516,107.48674201503172,106.2231939549285,106.38349353972444,26132700
2019-03-13,107.9676513671875,108.43912582730621,107.28872699355584,107.61875767681308,35513800
2019-03-14,108.0525131225586,108.62771253839963,107.80735158351075,108.00536999310908,30763400
2019-03-15,109.29721069335938,110.56075876896554,108.05251123624879,108.75972291280934,54681100
2019-03-18,110.86251068115234,110.90022950344049,109.42923140485169,109.54238067758637,31207600
2019-03-19,110.93795013427734,111.68288069982033,110.31560034757186,111.35284279795113,37588700
2019-03-20,110.81536102294922,111.97519143438139,110.0515746508657,110.69278024537094,28113300
2019-03-21,113.36133575439453,113.92710374463185,110.40990062853713,110.4570509586112,29854400
2019-03-22,110.37218475341797,112.76726891352284,110.36275324893974,112.68240695560898,33624500
2019-03-25,110.94738006591797,111.2774107689793,109.68382469603061,109.91013043611127,27067100
2019-03-26,111.18311309814453,111.9374679345459,110.18358232857172,111.85260598302916,26097700
2019-03-27,110.1081314086914,111.46598002225143,108.92944537445628,111.15480518262248,22733400
2019-03-28,110.259033203125,110.87195152722418,109.50467108205982,110.73993923515732,18334800
2019-03-29,111.21138763427734,111.56970560082836,110.2872946127855,111.3339683926459,25399800
2019-04-01,112.22976684570312,112.31463598155005,111.36225564664932,112.16376071521269,22789100
2019-04-02,112.39008331298828,112.66353936122508,111.7583020733443,112.26749534997874,18142300
2019-04-03,113.12559509277344,113.55935077872503,112.35237718405448,113.02187012503174,22860700
2019-04-04,112.5503921508789,113.37076036300554,111.62629897420302,113.24817238992198,20112800
2019-04-05,113.05011749267578,113.3707237871561,112.55978734092227,112.57864314924345,15826200
2019-04-08,113.0878677368164,113.17272968904082,111.87146272935946,112.97471127305428,15116200
2019-04-09,112.47494506835938,112.72011379982698,111.81488370763421,111.86202683675499,17612000
2019-04-10,113.33302307128906,113.48389114432888,112.72010488814217,112.92755478343454,16477200
2019-04-11,113.46504974365234,113.95538003596715,113.07843721802772,113.66306816136388,14209100
2019-04-12,114.04967498779297,114.07796949994803,113.50277005300036,113.75736310935815,19745100
2019-04-15,114.14396667480469,114.64372843834535,113.69134803956024,114.04024172077219,15792600
2019-04-16,113.87993621826172,114.70973585982857,113.24816217779912,114.70030435641188,14071800
2019-04-17,114.82289123535156,114.89832887844149,113.66306804789477,114.32312943960761,19300900
2019-04-18,116.33159637451172,116.47303293960853,114.37969264076293,115.21891649960337,27991000
2019-04-22,116.69934844970703,116.92565415306663,115.57723704724596,115.62438736608816,15648700
2019-04-23,118.28351593017578,118.41552820467673,116.76536757928535,117.01996062464309,24025500
2019-04-24,117.8780746459961,118.67014847471526,117.41602438511221,118.6135738281299,31257000
2019-04-25,121.78186798095703,123.87521609055064,121.48013175711836,122.63995509732203,38033900
2019-04-26,122.47964477539062,123.07370724837718,121.65928375136907,122.30048216364801,23654900
2019-04-29,122.36648559570312,122.75308371851713,121.9704487751867,122.48905917150618,16324200
2019-04-30,123.14913940429688,123.24342566693782,122.00816483674551,122.40420167165959,24166500
2019-05-01,120.58429718017578,123.19626234728233,120.41456609823943,123.083113088744,26821700
2019-05-02,119.00955963134766,120.69743873951593,118.35892269852151,120.67858293012918,27350200
2019-05-03,121.54609680175781,122.04585852389539,119.99023700842488,120.09396195386422,24911100
2019-05-06,120.83891296386719,121.2255255210283,118.9153032651496,119.17932784363515,24239800
2019-05-07,118.35896301269531,119.92426190768533,117.13313354944486,119.24533743246704,36017700
2019-05-08,118.34954071044922,119.16047749248624,117.63289739731943,118.28353456280112,28419000
2019-05-09,118.340087890625,118.61354393709406,116.52019621139443,117.19912057585154,27235800
2019-05-10,119.87709045410156,120.63145244789568,116.75593191318347,117.78374994987473,30915100
2019-05-13,116.31275177001953,118.38724378053425,116.02043989707215,117.0293949877704,33944900
2019-05-14,117.6140365600586,118.69842219739321,116.64279300879967,116.80309981264176,25266300
2019-05-15,119.2702865600586,119.92333203780733,117.07454750441757,117.60455846319945,24722700
2019-05-16,122.02442169189453,122.45033096387726,119.68672250098523,119.96119078623776,30112200
2019-05-17,121.21049499511719,123.47248447344941,121.06852042711031,121.43763119749863,25770500
2019-05-20,119.4595718383789,120.75618908237435,119.02421061871719,119.74349930124058,23706900
2019-05-21,120.10316467285156,120.69941891210208,119.8003043451872,120.60477641359942,15293300
2019-05-22,120.83192443847656,121.37140186400481,119.74351761250284,119.83816733535626,15396500
2019-05-23,119.4217300415039,119.52583895862257,118.05885492341223,119.44065565336186,23603800
2019-05-24,119.47850799560547,120.59530677794467,119.22297253439444,120.11262788223945,14123400
2019-05-28,119.4028091430664,121.14425433314038,119.29870022183805,120.17888923355768,23128400
2019-05-29,118.2481460571289,118.67404091723154,117.39634911616376,118.66457450100972,22763100
2019-05-30,118.9958267211914,119.02421874734068,118.09670497549423,118.55099905616095,16829600
2019-05-31,117.05564880371094,117.94530432913444,116.71492997358112,117.57619346662065,26646800
2019-06-03,113.42129516601562,117.70867174883416,112.63575594531045,117.21651921314744,37983600
2019-06-04,116.56349182128906,116.67705993954971,114.18792666394627,114.78418094709559,29382600
2019-06-05,119.09048461914062,119.12834306582297,117.55725002192727,118.25761323364975,24926100
2019-06-06,120.97386932373047,121.11583666087145,118.87277295216839,119.66778570770263,21459000
2019-06-07,124.36211395263672,125.16659310648754,121.39029523083146,122.27049125905201,33885600
2019-06-10,125.49785614013672,126.89858225139886,124.92998678722414,125.30855672815416,26477100
2019-06-11,125.0246810913086,127.05006132495319,124.24859366158775,126.70934247996986,23913700
2019-06-12,124.44731140136719,124.90159823139919,123.70908988699595,124.36212088700286,17092500
2019-06-13,125.23287963867188,125.87645155680694,124.51357638720275,124.91107923808389,17200800
2019-06-14,125.35586547851562,126.62409050339019,124.58925205962153,125.17603972514232,17821700
2019-06-17,125.73446655273438,126.56732331498634,125.43159904535722,125.52624875179198,14517800
2019-06-18,127.92078399658203,127.99650090004751,126.4159484492027,127.0027363991568,25934500
2019-06-19,128.42237854003906,128.64951477830488,126.64306765217962,127.76933297198339,23744400
2019-06-20,129.6148681640625,130.28684646756167,128.45075178859747,130.08808784661952,33042600
2019-06-21,129.63381958007812,130.35310840173966,129.1511406336169,129.26470875242643,36727900
2019-06-24,130.4004364013672,130.9872242846903,129.66221472830873,129.66221472830873,20628800
2019-06-25,126.28339385986328,130.2205849694899,125.62088921197375,129.89879906073187,33327400
2019-06-26,126.75662994384766,128.4696974972972,126.44431763059032,127.15414722557898,23657700
2019-06-27,126.96484375,127.49486196164354,126.35912309249845,126.95538455464767,16557500
2019-06-28,126.78502655029297,127.39074717989898,126.02787215290573,127.36235515362986,30043000
2019-07-01,128.4128875732422,129.3782597801581,127.74092370369236,129.3120165334436,22613500
2019-07-02,129.2646942138672,129.27415340886387,128.09110416592122,128.8293257381959,15237800
2019-07-03,130.09754943847656,130.36255128085327,128.99020277527435,129.47289604936694,13629300
2019-07-05,129.71897888183594,129.9745215576075,128.45075358085225,128.65897139940404,18141100
2019-07-08,129.6243438720703,129.7568448076433,128.11949428193284,129.09432568825954,16779700
2019-07-09,129.15110778808594,129.63378661179294,128.52645441045308,128.7157393741705,19953100
2019-07-10,130.4667205810547,131.15761752986356,129.68117388406972,129.78528283045384,24204400
2019-07-11,130.98721313476562,131.76330040995617,130.48560138529655,130.79792813446934,22327900
2019-07-12,131.46041870117188,131.67811014751635,130.61808826526007,131.41310828733185,18936800
2019-07-15,131.46041870117188,132.0661393018105,131.04399752196642,131.97150403261216,16651500
2019-07-16,129.73793029785156,131.60241729554843,129.20792648071313,131.5172412052628,22726100
2019-07-17,128.9713134765625,130.54239205599825,128.92398861371046,130.32471501670352,20211000
2019-07-18,129.11326599121094,129.3025509899092,127.45699697994179,128.28986830403773,30381800
2019-07-19,129.30252075195312,133.1356024556686,129.14162781860912,132.70970769781493,48992400
2019-07-22,131.015625,131.73492832816441,129.97455011997985,130.05026701986674,25074900
2019-07-23,131.8295440673828,132.49206323273995,130.6370355644757,132.27437176228497,18034600
2019-07-24,133.18296813964844,133.2019009733516,131.41313088870163,131.46044131067842,20738300
2019-07-25,132.6813507080078,133.07885354972325,131.85795299599152,132.90848693669085,18356900
2019-07-26,133.7697296142578,134.09151551611066,132.78543907873205,132.8516823213404,19037600
2019-07-29,133.4763641357422,133.93065106098615,131.90527106910235,133.9211918647489,16605900
2019-07-30,132.832763671875,133.65616125485636,132.3122191601842,132.63400506140474,16846500
2019-07-31,128.9713134765625,132.9652892837297,127.8450481716784,132.81385549921137,38598800
2019-08-01,130.66542053222656,133.39117061046952,129.5959393948428,129.66219708440633,40557500
2019-08-02,129.56756591796875,130.91152275949713,128.01540566597944,130.69383126963876,30791600
2019-08-05,125.12874603271484,126.75660834024777,123.77533032601366,126.16036140231151,42749600
2019-08-06,127.4759292602539,128.41289505428475,126.07520294612884,126.63359874440252,32696700
2019-08-07,128.03433227539062,128.38451026328033,124.76911894299722,126.62413224489565,33414500
2019-08-08,131.4509735107422,131.5456232315422,128.64950640838742,129.2836335430119,27496500
2019-08-09,130.33421325683594,131.91476577210878,129.15116366981823,131.18600318287938,23466700
2019-08-12,128.5170135498047,130.47615024976935,127.99648337721494,129.72846939788027,20484300
2019-08-13,131.17648315429688,131.3657681121374,127.76929614710089,128.76306022765942,25154600
2019-08-14,127.22621154785156,130.01801170078042,126.93184062512687,129.48624300300546,32527300
2019-08-15,126.9413070678711,127.79594758854012,125.58339900902332,127.61552299563418,28074400
2019-08-16,129.2678680419922,129.58123490910657,127.92894083421616,128.08087891941344,24449100
2019-08-19,131.43287658691406,131.5658187299316,129.9894943987187,130.90110801484389,24355700
2019-08-20,130.34088134765625,131.71780016299178,130.3218999564022,131.243004568631,21170800
2019-08-21,131.79373168945312,132.45845699715323,131.04356115680955,131.56583911731286,14970300
2019-08-22,130.8346405029297,132.18305791906263,129.41974476499473,131.67028517925186,18697000
2019-08-23,126.66596221923828,131.37594067265016,126.10570692133967,130.27441146722813,38508600
2019-08-26,128.62205505371094,128.72651060837578,127.15018659783497,128.18525145391533,20312600
2019-08-27,128.89747619628906,129.82807123718356,127.87191626792048,129.5147044960481,23102100
2019-08-28,128.72653198242188,128.9164472525454,126.81785960983001,128.08081716608064,17393300
2019-08-29,131.15748596191406,131.46136199447778,130.00848912659853,130.33134654399242,20168700
2019-08-30,130.91061401367188,132.16406658159244,129.400767822237,132.13558001115845,23940100
2019-09-03,129.18231201171875,130.28384069746463,128.85945465232555,129.72358566388158,18869300
2019-09-04,130.6921844482422,130.7491575770367,129.60014635112714,130.37881775026685,17995900
2019-09-05,132.99026489257812,133.30363176134412,131.76528399743705,132.0976467493562,26101800
2019-09-06,132.08811950683594,133.11366507954455,131.23347887676627,132.97123221933762,20824500
2019-09-09,130.58775329589844,132.70533708641244,129.58118919340143,132.55339905481827,25773900
2019-09-10,129.2203826904297,129.98954930632777,127.72951743078485,129.90408956891977,28903400
2019-09-11,129.25833129882812,129.4007786525288,128.2802536597779,129.05892528910087,24726100
2019-09-12,130.58775329589844,131.44237936680128,129.9705104761502,130.90112005245834,27010000
2019-09-13,130.39785766601562,131.10054581129404,129.685664336324,130.83466146071135,23363100
2019-09-16,129.45773315429688,129.80907716152876,128.82150897030047,128.98293768955858,16731400
2019-09-17,130.46429443359375,130.5877458884624,129.55268078534715,130.05597729765498,17814200
2019-09-18,131.53733825683594,131.67977109895105,129.64764711033254,130.4358093124538,23982100
2019-09-19,133.95877075195312,135.19322710480782,133.00918002538518,133.2275818354065,35772100
2019-09-20,132.4109649658203,134.5095528603241,131.28094941203764,133.9018152292487,39167300
2019-09-23,132.1260986328125,132.59140346538697,131.4613877931415,132.21155835013957,17139300
2019-09-24,130.454833984375,133.59797830412788,129.98003841970876,133.28461149269486,29773200
2019-09-25,132.33499145507812,132.90475180405903,129.17285194640993,130.56875176076636,21382000
2019-09-26,132.5059051513672,133.11364273558647,131.461363876094,132.41095475703705,17456600
2019-09-27,130.78712463378906,133.28455284163076,129.76156492664802,133.08513241679597,22477700
2019-09-30,132.02163696289062,132.20206157313044,130.8346482003748,131.0910418301687,17280900
2019-10-01,130.1604461669922,133.1801386115137,130.09396784154995,132.61988339539565,21466600
2019-10-02,127.86244201660156,129.49573994693574,126.8463870249511,129.38179364608808,30521700
2019-10-03,129.41026306152344,129.8565720001442,126.50451685832202,128.14730526602307,24132900
2019-10-04,131.15748596191406,131.2809374113439,129.54318438533787,129.85655111031667,22897700
2019-10-07,130.2078857421875,131.21444967094504,130.11293535603633,130.22688161526,15303700
2019-10-08,128.8310089111328,130.81565061869534,128.78352646332903,130.169935695312,25550500
2019-10-09,131.27146911621094,131.70827287553945,130.0654844518219,130.53078927247196,19749900
2019-10-10,132.08811950683594,132.62937886523162,131.28096132670504,131.5088683926455,17654600
2019-10-11,132.6388397216797,133.9207931335984,132.46792032788045,133.05666200377485,25446000
2019-10-14,132.515380859375,133.21806868163216,132.48689429845126,132.6483229735537,13304300
2019-10-15,134.43357849121094,134.64247513985072,132.76228938524528,132.99968708874212,19695700
2019-10-16,133.33204650878906,133.8828109065984,132.49640197561553,133.69288115661854,20751600
2019-10-17,132.64840698242188,134.29119582438435,132.01218256951864,133.84488676778443,21460600
2019-10-18,130.48324584960938,132.9426819888994,129.67608805597865,132.71477503209013,32273500
2019-10-21,131.45191955566406,131.51839790312061,130.10350161916548,131.4709154391679,20078200
2019-10-22,129.4957733154297,132.95228539805575,129.3913176828662,131.96471672714034,27431000
2019-10-23,130.32186889648438,130.52127488440848,128.77403099109242,129.9800155704349,29844600
2019-10-24,132.88577270507812,133.34157234804204,131.67978802492647,132.36349473417704,37029300
2019-10-25,133.63592529296875,134.02526104528107,132.18305235346904,132.31599450186746,25959700
2019-10-28,136.92152404785156,138.32691462395135,136.2757946547625,137.12093003702898,35280100
2019-10-29,135.6300811767578,137.21589637185252,135.4591472660581,136.8170698996977,20589500
2019-10-30,137.3203887939453,137.69072879525842,135.59212579474263,136.28533782740516,18496600
2019-10-31,136.1428680419922,137.62422780343923,135.78203328574864,137.59574123030447,24605100
2019-11-01,136.4752197265625,137.1399305288716,135.7630264763152,136.98799249131272,33128400
2019-11-04,137.26339721679688,137.69071031640848,136.89305726518543,137.52928156720455,16912000
2019-11-05,137.17791748046875,137.7096861036988,136.65563955065056,137.6622036574229,18250200
2019-11-06,136.798095703125,137.2349139978226,135.98144675273358,137.09246663472936,16575800
2019-11-07,136.98800659179688,137.5767629255373,136.5227162270915,136.58918006935932,17786700
2019-11-08,138.60226440429688,138.6307509660169,136.51315328079994,136.72206439314962,16732700
2019-11-11,138.74472045898438,139.03909130581476,137.4342804418875,138.01353144325284,14362600
2019-11-12,139.65634155273438,140.1311370059122,138.69724546396648,138.9061566225333,18641600
2019-11-13,139.8842315673828,140.02667889452468,138.9061541106917,139.3429722951435,16919200
2019-11-14,140.5964813232422,140.92884406407285,139.58991689390987,139.60891277642924,19729800
2019-11-15,142.41018676757812,142.42918264778166,140.79588470094546,141.42260385155055,23485700
2019-11-18,142.76145935058594,142.9608797688073,141.47001544622992,142.50508029950632,21534000
2019-11-19,142.80899047851562,143.7016083404039,142.6285658694605,143.2742952866258,23935700
2019-11-20,142.56124877929688,143.72369299271554,141.45598610890764,143.21869840446624,25696800
2019-11-21,142.42788696289062,142.73279710674828,141.49412509042935,142.3516594269262,18576100
2019-11-22,142.53268432617188,143.20919455609732,141.79902162340386,142.99004949805718,15901800
2019-11-25,144.09527587890625,144.2096244124196,142.84708130812584,142.9233088174978,22420900
2019-11-26,144.85757446289062,145.22917458181513,144.18107876534543,144.21918526058002,24620100
2019-11-27,145.13388061523438,145.3053816279861,144.37161996776405,145.14340360297194,15184400
2019-11-29,144.23825073242188,145.1148455420761,144.14296268269018,144.92428398152782,11977300
2019-12-02,142.4945831298828,144.66701689091798,141.32261572854108,144.64795637331872,27418400
2019-12-03,142.26588439941406,142.38021841421164,139.73137378603624,140.53175550635945,24066000
2019-12-04,142.78041076660156,143.0948292945728,142.16106762071018,143.05672280415328,17574700
2019-12-05,142.85659790039062,143.22821244403687,142.42783090091206,142.97094642878568,17869100
2019-12-06,144.5907440185547,144.70507801046728,143.1805714756278,143.86660450492423,16403500
2019-12-09,144.21913146972656,145.02903594580124,143.79036449841433,143.94281950031933,16687400
2019-12-10,144.00006103515625,144.72420086070326,143.64750684338222,144.15250157706524,16476100
2019-12-11,144.54307556152344,144.7050535356401,143.23771424493677,144.39062057215196,18856600
2019-12-12,146.0104522705078,146.20101376762852,143.89518621297427,144.495454201959,24612100
2019-12-13,147.23960876464844,147.58262532739948,145.61981398345665,145.78179200768457,23845400
2019-12-16,148.19244384765625,148.54498342881783,147.5159481898103,147.79226024606137,24144200
2019-12-17,147.39207458496094,148.36395734034772,147.16339201342475,148.1162142531218,25425600
2019-12-18,147.087158203125,148.1447914255424,146.90611965909392,147.02046820943158,24129200
2019-12-19,148.36395263671875,148.421119643062,146.49641470899772,146.73462026137008,24958900
2019-12-20,149.98373413085938,151.01278377015328,148.91656346478874,149.92656712960613,53477500
2019-12-23,149.98373413085938,150.6602296975719,149.85033961496453,150.6602296975719,17718200
2019-12-24,149.9551544189453,150.26958747269435,149.70741135537276,150.0504279104706,8989200
2019-12-26,151.18429565429688,151.2414626596643,149.9742073980059,150.12666243826092,14520600
2019-12-27,151.4606475830078,152.02280928176373,150.75555380799707,151.92752123092717,18412800
2019-12-30,150.1552276611328,151.51777079180363,149.3358000931597,151.48918729259964,16348400
2019-12-31,150.260009765625,150.32671427687637,149.0689823982074,149.37389238294227,18369400
2020-01-02,153.04226684570312,153.14707784853206,150.8603108363314,151.28907783375524,22622100
2020-01-03,151.1366424560547,152.40389764073367,150.60306438648712,150.8508074465806,21116200
2020-01-06,151.52734375,151.59404829608147,149.12622725263657,149.66934299444563,20813700
2020-01-07,150.14572143554688,152.13711630992105,149.89799290182077,151.8036372690105,21634100
2020-01-08,152.53732299804688,153.21383324803998,150.498283797712,151.43204560824276,27746500
2020-01-09,154.44293212890625,154.56680365550426,153.43294301978545,154.20472660170185,21385000
2020-01-10,153.72833251953125,155.51964293432806,153.57587747595,155.1385198642881,20725900
2020-01-13,155.57679748535156,155.60538098637048,153.6520926962427,154.12850376510744,21626500
2020-01-14,154.48104858398438,155.8816982056142,154.09038804158996,155.6815991715623,23477400
2020-01-15,155.4815216064453,156.20567579261396,154.9003140143662,154.94794349384517,21417900
2020-01-16,158.33047485351562,158.39717939109113,156.29143577737156,156.59634588243543,23865400
2020-01-17,159.21661376953125,159.56915337167442,157.62538771805643,159.52150934840557,34371700
2020-01-21,158.64488220214844,160.255153903279,158.57817767539785,158.8163832042299,29517200
2020-01-22,157.8826446533203,159.5882046305639,157.8635841373356,159.5024395780896,24138800
2020-01-23,158.8544921875,158.93071969561666,157.47290313279794,158.3494976677738,19680800
2020-01-24,157.25379943847656,159.62633240231318,156.69163772275695,159.60727188378766,24918100
2020-01-27,154.6239776611328,155.67208784388203,152.64210584033302,153.547283976937,32078100
2020-01-28,157.65396118164062,157.9397961988569,155.37671679803938,156.05321239066768,24899900
2020-01-29,160.1122283935547,160.78873852015346,157.87310505454732,159.92166687049843,34754500
2020-01-30,164.6286163330078,165.8387045815864,162.73249494656676,165.8387045815864,51597500
2020-01-31,162.1989288330078,164.26655138723655,161.5796001811614,164.08552737098836,36142700
2020-02-03,166.1531524658203,166.26748648602296,162.3609093547399,162.38949285979055,30107000
2020-02-04,171.622314453125,172.11778602310363,167.9920645264514,168.78290862542698,36433300
2020-02-05,171.41275024414062,175.5098896225006,169.99305412087065,175.34791155321756,39186300
2020-02-06,174.9667205810547,175.14775909976768,171.5651388277485,172.4322103968945,27751400
2020-02-07,175.21446228027344,176.87237803350294,173.8709795770829,174.22353365441194,33529100
2020-02-10,179.79754638671875,179.93094091327686,174.60466830003907,174.91910137097884,35844300
2020-02-11,175.73854064941406,181.70320278638292,174.84288539527742,181.6555587654134,53159900
2020-02-12,175.9958038330078,177.08202061421943,173.2707316220504,176.8247545363522,47062900
2020-02-13,175.04299926757812,177.4441011071829,174.2426174487947,174.44271653821934,35295800
2020-02-14,176.60556030273438,176.6627272954688,174.03292931840807,174.6046283235716,23149500
2020-02-18,178.3968505859375,178.84467806795593,176.7484726744771,176.8532836710965,27792200
2020-02-19,178.9319305419922,179.79180691119132,178.15803889398828,179.67716061626436,29997500
2020-02-20,176.19943237304688,178.90328619149076,173.027429752833,178.61665584795566,36862400
2020-02-21,170.62928771972656,175.32042633189093,169.3490221652734,175.0051344424587,48572600
2020-02-24,163.27252197265625,166.76937977870733,155.95396547023205,160.29160165464475,68311100
2020-02-25,160.57823181152344,167.0464463520378,160.17694061961805,166.4349751443764,68073300
2020-02-26,162.58462524414062,165.53688417349048,160.71200092942902,162.14513803050656,56206100
2020-02-27,151.1290740966797,159.5845886377362,150.93799206981453,156.0399711167215,93174900
2020-02-28,154.78834533691406,156.41257893669868,145.2245496509673,145.61627726402705,97012700
2020-03-02,165.0878143310547,165.21202419730741,155.07496835569077,157.94124222707768,71030800
2020-03-03,157.17689514160156,167.1993044084462,155.02718979920726,166.05279780822704,71677000
2020-03-04,162.9476776123047,163.09098547891745,158.23742648844703,160.97950515816524,49814400
2020-03-05,158.85845947265625,163.25340408325562,158.30431143028486,158.6482648849077,47817300
2020-03-06,154.3679656982422,155.83931322558516,149.04624346895147,155.3616009067744,72821100
2020-03-09,143.9060516357422,150.71823384322937,143.31369303635122,144.26911765659355,70419300
2020-03-10,153.74691772460938,153.8520150088613,145.77868043045396,151.10995119968203,65354400
2020-03-11,146.7818603515625,150.6704302141721,144.41239726039598,150.1258458680789,56371600
2020-03-12,132.86135864257812,146.62903229571248,132.40275886102268,138.82321411729578,93226400
2020-03-13,151.75010681152344,154.69281663620373,134.45691391450814,140.92514321386426,92727400
2020-03-16,129.3836212158203,142.69269590574396,128.98234455995768,133.75946843254872,87905900
2020-03-17,140.0365753173828,140.92511310054996,128.9823069055881,133.75942938357286,81059800
2020-03-18,134.14161682128906,139.49200076424364,129.00144204905686,131.8486034620933,81593200
2020-03-19,136.3486785888672,143.4570268009298,132.8040461931456,136.40600174385253,85922700
2020-03-20,131.22756958007812,140.54295907078898,129.803981732681,139.4919862198754,84866200
2020-03-23,129.91867065429688,134.30408191819546,126.61290874487847,130.90275711102777,78975200
2020-03-24,141.7277069091797,142.93155144992267,134.97286136491363,137.34231071293746,82516700
2020-03-25,140.3710174560547,147.45071910570556,138.00156790595994,142.27231815915817,75638200
2020-03-26,149.15133666992188,149.67682312192036,141.75634492932605,141.78500650137846,64568100
2020-03-27,143.02713012695312,147.98578857504157,142.54941759174042,144.98575443705107,57042300
2020-03-30,153.08770751953125,153.44122459952303,143.32326515890932,145.6449549415778,63420300
2020-03-31,150.68008422851562,157.4349314453233,149.58133672358048,152.29474024386838,77927200
2020-04-01,145.32965087890625,150.71824557331107,144.09715943746545,146.1799782739562,57969900
2020-04-02,148.3392333984375,148.54942799833736,143.6576582085742,145.09079525591488,49630700
2020-04-03,146.97300720214844,150.36476835330978,145.40611102300753,148.1864008500804,41243300
2020-04-06,157.9030303955078,159.0781985913757,150.55581276462382,153.17368146121848,67111700
2020-04-07,156.202392578125,162.42220225132698,155.98263439611668,162.0304746176157,62769000
2020-04-08,157.76925659179688,159.24060394676096,156.2119099497688,158.2851794210743,48318200
2020-04-09,157.7788543701172,159.90944763911187,156.0495377765413,158.9444738181257,51385100
2020-04-13,158.13233947753906,158.1896772065364,155.06543430358326,157.02405788686883,41905300
2020-04-14,165.957275390625,166.00504954362867,160.51135725657332,161.46678200214816,52874300
2020-04-15,164.21841430664062,165.8330845022303,161.6960934943149,163.56871788146768,40940800
2020-04-16,169.14837646484375,169.37768363300282,165.19291893049618,166.53052221015562,50479600
2020-04-17,170.63885498046875,171.9764437112176,168.03053508757284,171.49873136757532,52765600
2020-04-20,167.2566680908203,170.78218803943125,167.1897959337323,168.75669206882318,36669600
2020-04-21,160.33937072753906,165.92859614684912,158.7055881719727,165.76617570683052,56203700
2020-04-22,165.7853240966797,166.24392394278237,163.20567991674108,163.75026450049558,34620200
2020-04-23,163.77891540527344,167.25666105035813,163.2916540117112,166.34901041750675,32790800
2020-04-24,166.7693634033203,166.77891240081914,163.10053651392056,164.39035095012312,34277600
2020-04-27,166.2917022705078,169.0146544148063,165.57513361485664,168.71847503638406,33194400
2020-04-28,162.24069213867188,167.83948236672322,161.8394154493936,167.7630466289617,34392700
2020-04-29,169.52099609375,169.7598522667358,164.21840071636407,165.4986663046983,51286600
2020-04-30,171.2216339111328,172.358576839026,168.37445835710867,171.97641286410976,53875900
2020-05-01,166.78848266601562,170.6770532828169,166.25343263355887,167.96365086487415,39370500
2020-05-04,170.86817932128906,171.02105079852683,166.05284441731166,166.7120899066013,30372900
2020-05-05,172.70257568359375,175.4637526778618,171.8809098005957,172.5688167993208,36839200
2020-05-06,174.4031982421875,175.98920656044032,173.53377294504952,173.96371109482058,32139300
2020-05-07,175.41598510742188,176.32363567923608,174.44144780720723,175.96056961906066,28316000
2020-05-08,176.4478302001953,176.7535731081761,175.1866771513351,176.73446053177125,30877800
2020-05-11,178.41600036621094,179.15166683351373,174.69939914466133,174.98601487029987,30892700
2020-05-12,174.37457275390625,178.7026458758745,174.17394171252047,178.4733532571479,32038200
2020-05-13,171.73757934570312,175.84590822074082,168.67065983124968,174.41277125818974,44711500
2020-05-14,172.48281860351562,172.6356900532144,167.84900301256042,169.6260935240931,41873900
2020-05-15,174.99560546875,178.7217562636514,169.11018534979667,171.07835805575098,46610400
2020-05-18,176.6675567626953,177.90004801567162,175.7599063573411,177.47010988456927,35264500
2020-05-19,175.44464111328125,178.28225361895426,175.31088223935092,176.7822298525847,26799100
2020-05-20,177.87818908691406,178.0602277033785,176.23028056417823,177.063810419329,31261300
2020-05-21,175.74163818359375,178.84584085397677,175.60750678162066,177.62906802371802,29119500
2020-05-22,175.8182830810547,176.7284760958556,174.88893888010873,175.51170329124758,20826900
2020-05-26,173.95965576171875,178.68301201105402,173.5093542401954,178.5297147655929,36073600
2020-05-27,174.18955993652344,174.3620229656689,169.19794159308978,172.64704136449447,39517100
2020-05-28,173.79672241210938,176.4314578184735,172.81948562359167,173.16439702519384,33810200
2020-05-29,175.56918334960938,176.54643473912688,172.8482237983988,175.07097475231458,42130400
2020-06-01,175.1667938232422,175.3296666226282,173.85422121574976,174.88894080958718,22622400
2020-06-02,177.15957641601562,177.2458005941776,173.74879470041418,176.52723653771474,30794600
2020-06-03,177.59078979492188,178.14648132988268,175.88539818935195,177.07342987987812,27311000
2020-06-04,175.25302124023438,178.0506295184226,174.65901282929536,176.5751840844292,28761800
2020-06-05,179.35360717773438,179.86139133594125,174.381140968855,174.96557372329258,39893600
2020-06-08,180.4649658203125,180.64700438467355,176.7092728213631,178.14640091572133,33211600
2020-06-09,181.84466552734375,182.706936794211,179.4111197061566,180.12010837438186,29783900
2020-06-10,188.58956909179688,190.19916052822197,183.00392819778034,183.1189084127419,43872300
2020-06-11,178.46263122558594,187.55485535553444,178.27101700535871,185.0350998520521,52854700
2020-06-12,179.87100219726562,183.68417892735448,177.41829069397733,182.5536302771915,43373600
2020-06-15,181.02072143554688,182.82192729873938,176.29735115150314,176.84346703866484,32770200
2020-06-16,185.4565887451172,187.38233504118386,183.4350280660886,184.8050831032654,42556700
2020-06-17,186.0985565185547,188.09137636703255,185.5716065025008,186.85543772763106,25687800
2020-06-18,188.09136962890625,188.25424242453795,185.86860404780714,185.86860404780714,23061600
2020-06-19,186.97039794921875,190.9368717263211,186.22309235492597,190.26621473390784,44441100
2020-06-22,192.16326904296875,192.34529305829906,187.04707994353592,187.58360563324936,32818900
2020-06-23,193.44711303710938,195.4016016937382,192.98722131383118,193.61956146891652,30917400
2020-06-24,189.5476531982422,194.73089984668712,188.32130478941002,193.15006444100968,36740600
2020-06-25,191.94284057617188,192.20152774783602,187.27696899050756,189.50930990183528,27803900
2020-06-26,188.10096740722656,191.51175016326752,186.71174606480238,191.35845294251277,54675800
2020-06-29,190.12249755859375,190.20872174887992,185.43745983645167,187.573986504707,26701600
2020-06-30,194.98001098632812,195.83270665462686,189.45186715239498,189.5859985624905,34310300
2020-07-01,196.12013244628906,197.70098256301688,193.31294846872325,194.6255211499115,32061200
2020-07-02,197.61477661132812,199.30101701630502,196.40759373713468,197.05908507961797,29315800
2020-07-06,201.86862182617188,202.28060621337312,199.36801796376858,200.07700653145955,31897600
2020-07-07,199.52130126953125,205.6722082986596,199.27220430757765,201.6290864023153,33600700
2020-07-08,203.90940856933594,204.32137845823019,199.94293382537225,201.26509694643667,33600000
2020-07-09,205.3369140625,207.31056807147002,202.6063642381437,207.2626608673324,33121700
2020-07-10,204.71417236328125,205.1069910138822,202.23273387739715,204.66626515382762,26177600
2020-07-13,198.39083862304688,206.75492377445318,197.84472268605376,205.4902434693509,38135600
2020-07-14,199.61715698242188,200.09619982171807,193.56204847648868,197.49020560640852,37591800
2020-07-15,199.32012939453125,202.47223932553388,196.43629689144993,200.77642365546433,32179400
2020-07-16,195.37283325195312,197.0782246202295,193.8303146975877,196.79079598776354,29940700
2020-07-17,194.37643432617188,196.44588835771034,192.94888134945083,195.89978710275213,31635300
2020-07-20,202.7309112548828,203.40156822605204,194.50094514688112,196.40754068277164,36884800
2020-07-21,200.00039672851562,204.97286402098612,199.3105738313389,204.70460118533163,37990400
2020-07-22,202.8746337890625,203.40158381365865,199.65546546152484,200.43151248900887,49605700
2020-07-23,194.05064392089844,202.079405634506,193.6769911352823,198.50575057010292,67457000
2020-07-24,192.86260986328125,194.35722087157507,189.23145771079058,192.01948996353633,39827000
2020-07-27,195.30572509765625,195.42069067366208,192.44104433531257,193.02547704538188,30160900
2020-07-28,193.55245971679688,196.1201221435379,193.28419691457697,195.07581233352278,23251400
2020-07-29,195.5069580078125,196.07222504023824,193.54287947526808,194.01234671295202,19632600
2020-07-30,195.3536834716797,195.89022378527395,191.2051849351646,192.57524057476022,25079600
2020-07-31,196.41714477539062,196.50338359930274,190.66863055545073,195.8327119115943,51044000
2020-08-03,207.46385192871094,208.51775194929,201.61953846877378,202.65427268373514,78983000
2020-08-04,204.35008239746094,205.76805968906118,201.49499124627997,205.19320244984735,49280100
2020-08-05,204.01475524902344,205.98840929669697,202.70218262142487,205.8925948865428,28806400
2020-08-06,207.28182983398438,207.30098102055055,202.68301593193615,203.4398971396391,32656800
2020-08-07,203.57406616210938,206.6591035996385,202.0890302521189,205.8447394432902,27820400
2020-08-10,199.52130126953125,202.99915624112072,197.70094470467782,202.797951857802,36716500
2020-08-11,194.85546875,198.9464840457062,194.62552292567963,198.4770314224895,36446500
2020-08-12,200.42193603515625,201.46624586718303,196.16803348282602,196.68539329251882,28013100
2020-08-13,199.95245361328125,202.49138912091325,199.42550363100096,200.66144219118792,22588900
2020-08-14,200.1441192626953,200.80520080869476,198.8123805755476,200.00998783446565,17958900
2020-08-17,201.46624755859375,202.3381090011182,200.16325050116794,200.8147563394942,20184800
2020-08-18,202.6255645751953,203.459094516181,200.4411301911283,201.7057958043746,21336200
2020-08-19,201.39622497558594,203.70119775008826,200.96404715991875,203.1153521518743,27627600
2020-08-20,206.0829620361328,206.48632892012674,200.63748712036835,201.24253011907706,26981500
2020-08-21,204.5847625732422,207.6868557841031,204.42149605209858,205.39149643815162,36249300
2020-08-24,205.2282257080078,206.9857624413079,204.01811028089563,206.28465870337072,25460100
2020-08-25,207.89813232421875,208.03258795996646,204.66158367149941,204.66158367149941,23043700
2020-08-26,212.39283752441406,213.29561749873142,208.75292140206946,209.25233440682175,39600800
2020-08-27,217.6077880859375,221.99681561216175,210.7120972374295,214.0639039707593,57602200
2020-08-28,219.84555053710938,221.5070413285257,217.60781287992597,219.1444467643606,26292900
2020-08-31,216.59938049316406,219.64385193055338,215.42768932110053,218.0111720750018,28774200
2020-09-01,218.2704620361328,218.443327279092,215.54291052585035,216.58014594729897,25725500
2020-09-02,222.4770050048828,223.63909728560728,218.34729021557558,218.9427344651928,34080800
2020-09-03,208.6952667236328,220.22968444914244,206.4479305385887,220.19127483386666,58400300
2020-09-04,205.7660369873047,209.71328803798121,197.06480108183683,206.58238418606985,59664100
2020-09-08,194.63499450683594,201.71314970879104,194.19320331662198,198.32293318553906,52924300
2020-09-09,202.92327880859375,206.33270794359146,198.51503830407134,199.37940866967836,45679000
2020-09-10,197.2376708984375,206.23664380972983,196.02757016424147,204.94969453481173,35461500
2020-09-11,195.95071411132812,200.368566810898,193.27120041209554,198.99518506487826,33620100
2020-09-14,197.27610778808594,200.9160236183838,195.95074881259208,196.15243960847576,30375800
2020-09-15,200.51263427734375,201.47303582658077,198.73588554942936,200.16688913343583,21823900
2020-09-16,196.93035888671875,202.30859926907064,196.53659069787514,202.27978839228365,26328100
2020-09-17,194.87506103515625,196.2388293306999,192.04187969876673,192.12831231186047,34011300
2020-09-18,192.4548797607422,195.58578376166412,188.47881764601027,194.7694511786119,55225300
2020-09-21,194.5197296142578,194.68301077891633,188.60366701743501,189.38158995270084,39839700
2020-09-22,199.20652770996094,199.85960851536447,194.077985921099,196.93997901103268,33517100
2020-09-23,192.64695739746094,199.85958294103887,192.1091348351066,199.6674908934274,30803800
2020-09-24,195.14398193359375,197.42974217904361,191.31197469643905,191.93624446035093,31202500
2020-09-25,199.59066772460938,200.76234419545656,194.51973378987617,195.48974878566517,29437300
2020-09-28,201.14646911621094,204.15253015113845,199.82111051085798,202.52944946013366,32004900
2020-09-29,199.05284118652344,201.75158213940978,198.62066337388762,201.060091777366,24221900
2020-09-30,202.00128173828125,203.58593860629148,198.36135126137188,199.50423157489382,33829100
2020-10-01,204.04690551757812,205.51631861414103,202.95204841318687,205.0361178726613,27158400
2020-10-02,198.02520751953125,202.63513811346894,197.4009376890908,199.76353206439967,33154800
2020-10-05,202.04931640625,202.07812728517993,198.78394180004324,199.01444348604974,21331600
2020-10-06,197.75631713867188,201.85722183756158,196.70948280501995,200.55108959675567,28554300
2020-10-07,201.52108764648438,201.78999894635191,198.5342378151438,198.86077087147342,25681100
2020-10-08,202.2413787841797,202.82722436981922,200.07087635691752,202.17414363529622,19925800
2020-10-09,207.2642822265625,207.31230524101485,202.86564081583657,202.86564081583657,26458000
2020-10-12,212.6329345703125,214.99552924534586,208.22469420040088,210.1262854993607,40461400
2020-10-13,214.03509521484375,216.29204477395663,211.70131177131796,213.90063958076246,28950800
2020-10-14,212.11427307128906,215.34122265480005,210.45278260153768,214.1695316679288,23421700
2020-10-15,210.96180725097656,211.63408540270825,207.45633281301943,208.50318163632085,22733100
2020-10-16,210.96180725097656,213.48765335352311,210.6352742422161,211.43239462990644,26057900
2020-10-19,205.7372283935547,213.49727494692658,205.25702760179578,211.6917152804522,27625800
2020-10-20,206.1501922607422,208.762485717726,204.6519681481178,207.25466286499275,22753500
2020-10-21,206.2942657470703,208.33031244108358,204.68078344545265,204.68078344545265,22724900
2020-10-22,206.3806915283203,207.50435959979706,203.3170081940359,205.4586995787532,22351500
2020-10-23,207.66763305664062,207.71565606736684,204.71920777648762,206.51515407203826,18879600
2020-10-26,201.7611541748047,207.7732624469803,199.85956325816557,205.3818720281269,37111600
2020-10-27,204.8056640625,206.16943272818995,202.0012928359953,203.21139371143556,36700300
2020-10-28,194.6542205810547,200.57029890627174,194.0972004594266,199.44663061197878,51195600
2020-10-29,196.6134490966797,199.14890915195943,195.31690086137746,195.98919381572253,31432600
2020-10-30,194.4525146484375,196.20043795376327,191.71536420515818,195.44172713182547,36953700
2020-11-02,194.3180694580078,197.15125142164013,192.19557534323735,196.20044850341992,30842200
2020-11-03,198.2557373046875,199.87881869768037,195.076809679154,195.81632317128626,27512000
2020-11-04,207.8213348388672,209.6749178433653,204.00853870537858,205.54518737269615,42311800
2020-11-05,214.4480438232422,215.2451788243226,212.39278520578608,213.24754195195794,36080100
2020-11-06,214.86106872558594,215.4757252251983,209.3963807274589,213.45887580060662,25231900
2020-11-09,209.7421417236328,219.0868468317394,209.2523420971389,215.55257535638432,44395000
2020-11-10,202.65435791015625,207.9269685309975,201.41544616229973,206.0061651265541,44045100
2020-11-11,207.9749755859375,209.40596463350337,203.79722264006887,203.97970129421734,29440800
2020-11-12,206.90895080566406,210.4336233919527,205.96776121468136,208.6088659689868,21593900
2020-11-13,207.93655395507812,208.8105229652226,205.67961889214274,207.79249957079764,18621100
2020-11-16,208.62803649902344,209.11785069637364,206.02535635667695,206.3614881256041,24953300
2020-11-17,205.96774291992188,209.0602227298947,205.60278560591848,207.54280102913202,24154100
2020-11-18,203.25230407714844,207.1906268558678,203.1078578663397,205.72699047200956,28372800
2020-11-19,204.54261779785156,205.1299971537273,202.14495163509352,203.54119160883235,24792700
2020-11-20,202.587890625,205.3803410647477,202.21235398389004,204.33076618227778,22843100
2020-11-23,202.3183135986328,204.4174637606442,200.4406300379037,203.12715964126465,25683500
2020-11-24,205.92921447753906,206.30475112641128,201.1146345212634,201.8175590808587,33979700
2020-11-25,205.93881225585938,207.30615102705005,204.58111204683652,207.1328332231906,21012900
2020-11-27,207.24839782714844,208.24983865296372,206.10252548459613,206.88249975377073,14512200
2020-11-30,206.13143920898438,206.79583891993138,203.02120988917008,206.16032551411544,33064800
2020-12-01,208.1920928955078,209.26093033599784,205.43815230875452,206.55512379907677,30904500
2020-12-02,207.38320922851562,207.4795067033715,204.90852280838254,206.9113898033444,23724500
2020-12-03,206.29515075683594,208.35579062515012,205.72701909064625,206.6514250124484,25120900
2020-12-04,206.41065979003906,207.39283815478925,205.2744113498514,206.27585214726403,24666000
2020-12-07,206.34326171875,207.54690671025475,205.0914826819307,206.42029676135814,24620000
2020-12-08,207.9994659423828,208.90460927264132,204.99517292529603,206.03512389881018,23284100
2020-12-09,203.94557189941406,207.24836608163162,203.37745509669494,207.1809696151217,32440600
2020-12-10,202.7130889892578,205.17815170242338,202.5590188964518,203.91673404005607,26733300
2020-12-11,205.35147094726562,205.40925825216428,201.35537522834764,202.26051866363272,30979400
2020-12-14,206.25662231445312,208.1920930473358,204.98558072352728,205.1974234375038,28798400
2020-12-15,206.18919372558594,207.43134881601668,204.3692831973686,207.19061983242744,27000600
2020-12-16,211.14822387695312,211.94744593741206,206.75732917273803,206.78621547792898,35023300
2020-12-17,211.28302001953125,212.69850766848936,209.83864606695616,211.71632926671745,32515800
2020-12-18,210.48379516601562,211.54300859413542,208.0091088009451,210.48379516601562,63354900
2020-12-21,214.33544921875,215.6931641802954,209.2223680794521,209.4823594895829,37181900
2020-12-22,215.63543701171875,217.26276759594012,213.62294585890714,214.43179186870694,22612200
2020-12-23,212.82371520996094,215.26951557786228,212.61187249782776,214.8362062822929,18699600
2020-12-24,214.48956298828125,215.31767142861327,212.99704008277266,213.2088828018995,10550600
2020-12-28,216.61764526367188,217.6479580070343,214.74958539471166,216.12654857450934,17933500
2020-12-29,215.83763122558594,218.755265742417,215.28877670598004,217.91753346320803,17403200
2020-12-30,213.45921325683594,217.26274323665223,213.25700912352386,216.8775680183136,20272300
2020-12-31,214.17178344726562,214.73027651255782,211.53338821321609,213.47848272434652,20942100
2021-01-04,209.6171875,214.7302691361853,206.8439847035881,214.27769743835609,37130100
2021-01-05,209.81944274902344,210.41646080882114,207.70102996031534,209.20317694334588,23823000
2021-01-06,204.37893676757812,208.46170621201424,204.08043513541824,204.30190171848312,35930700
2021-01-07,210.1949462890625,211.2060111195895,205.78480353780907,206.10255291692314,27694500
2021-01-08,211.47560119628906,212.40000699485586,208.9816523536104,210.57045783119477,22956200
2021-01-11,209.4246063232422,210.79194528135557,208.69278075908844,210.36825989009438,23031300
2021-01-12,206.9595184326172,209.04905897744794,205.40923785569663,208.4713035292935,23249300
2021-01-13,208.31724548339844,208.72166844329396,205.99661437960842,206.08328798688993,20087100
2021-01-14,205.12037658691406,209.39572610602872,204.85076127426112,207.90320332267183,29480800
2021-01-15,204.7640838623047,206.55510823048485,204.16708063722206,205.60183078306997,31746500
2021-01-19,208.41354370117188,208.93351188204568,204.74483605137272,205.8232972815894,30480900
2021-01-20,216.0205841064453,217.41680944666538,209.2320229846953,209.62682209328247,37777300
2021-01-21,216.627197265625,217.90787721164534,214.17175871326813,216.36720585132272,30709400
2021-01-22,217.57083129882812,221.53805455427414,217.42639979987428,218.65893090071293,30172700
2021-01-25,221.0181121826172,221.2588411868411,215.90503048377064,220.62331308938622,33152100
2021-01-26,223.7142791748047,225.49566498398204,221.5477181444762,223.26170747303482,49169600
2021-01-27,224.26315307617188,231.5235486743659,221.60550993835776,229.17403104721419,69870600
2021-01-28,230.06948852539062,233.64191297292925,226.3718950022673,226.87261538339772,49111200
2021-01-29,223.3579864501953,229.19325465765945,222.77060714290988,227.23853648764572,42503100
2021-02-01,230.76284790039062,233.50716478639413,223.81059216925374,226.34306632826372,33314200
2021-02-02,230.62802124023438,233.3241891585009,229.83843770793905,232.3516492231437,25916300
2021-02-03,233.98858642578125,236.00107732593798,230.38727532055444,230.68579162060908,27158100
2021-02-04,233.0353240966797,234.21972149904957,231.4561422531204,233.6612283882509,25296100
2021-02-05,233.21824645996094,234.25819747724333,231.50425719803206,233.2471327638078,18054800
2021-02-08,233.47824096679688,234.64336108513822,231.879796899174,234.13301678653715,22211900
2021-02-09,234.73007202148438,235.6833495984732,232.42870303009505,232.90052253614107,23565000
2021-02-10,233.8152618408203,236.8002925186923,231.9568263867192,235.91441159341167,22186700
2021-02-11,235.42333984375,236.05885324174923,233.17010522071408,235.7025790208932,15751100
2021-02-12,235.90476989746094,236.2032714733992,233.72857057597207,234.88406670889748,16561100
2021-02-16,234.66259765625,237.00249089134377,233.91152444323973,235.9432775432881,26728500
2021-02-17,235.68568420410156,235.79184951711372,232.5393531416647,232.90610871875649,21653500
2021-02-18,235.28994750976562,235.42506564401617,232.4621127262459,233.36934079625917,16925600
2021-02-19,232.56825256347656,235.35748817187272,231.80578874693526,235.2513228832443,25262600
2021-02-22,226.33351135253906,229.6342670240594,224.29707854249543,229.14205411114955,36446900
2021-02-23,225.1367645263672,226.64237089057255,220.75504884923313,222.29926881223878,30228700
2021-02-24,226.37213134765625,226.99946241478764,221.01563591612486,221.9904157335927,26339700
2021-02-25,221.0059814453125,226.41072157821975,219.93468239989207,223.98824118126558,39542200
2021-02-26,224.2777862548828,227.1635267514781,221.53679520376923,223.45741667405005,37819200
2021-03-01,228.67880249023438,229.190322220639,225.02093718023963,227.67505510194286,25324000
2021-03-02,225.71580505371094,229.02622117572872,225.31045068246263,228.7463241664664,22812500
2021-03-03,219.62583923339844,225.43594867579918,219.3362961558726,224.06546048406767,34029500
2021-03-04,218.82476806640625,224.38394781665767,216.44088655787567,218.8344288289104,44727800
2021-03-05,223.52496337890625,225.13673483710517,218.56417691491433,221.51748358243876,41872800
2021-03-08,219.4617919921875,225.23328846078326,219.2108624854744,223.30302070423056,35267400
2021-03-09,225.62896728515625,227.1731871785227,223.59253448008076,224.76035279937034,33080500
2021-03-10,224.31639099121094,228.73670546315466,223.94963544287995,228.73670546315466,29746800
2021-03-11,228.86216735839844,230.8310336985803,226.1404831560715,226.7678289200637,29907600
2021-03-12,227.5302734375,227.59783986643797,225.0981323508544,225.85093547083036,22653700
2021-03-15,226.623046875,226.98980240187598,223.72764570940294,226.76782576934298,26034900
2021-03-16,229.4219512939453,231.69000678127296,227.713660424746,228.04180236689635,28092200
2021-03-17,228.7753143310547,230.23267582514157,225.09815683124123,227.91634581988245,29562100
2021-03-18,222.6756591796875,226.02467445832062,222.29925760760807,224.45150173889445,34833000
2021-03-19,222.31858825683594,224.36466730643974,221.35345440675508,222.96522616917724,46430700
2021-03-22,227.7619171142578,228.64017762727764,222.11587883190595,222.241350930954,30127000
2021-03-23,229.29649353027344,232.64550904639754,228.8042805862718,229.2096350213508,31638400
2021-03-24,227.2504425048828,229.7018762166577,227.11532434323814,229.55711201731523,25620100
2021-03-25,224.2391815185547,228.67880284889418,223.49603910258872,227.09598402035778,34061900
2021-03-26,228.23483276367188,228.45682413692484,223.47673028476513,223.47673028476513,25479900
2021-03-29,227.0380859375,228.54369234584786,223.79523570153017,228.3410077631364,25227500
2021-03-30,223.76629638671875,225.6965641503246,223.04244597536655,225.387714239296,24792000
2021-03-31,227.54957580566406,230.76347278304596,224.28741919809048,224.78929284389523,43623500
2021-04-01,233.90017700195312,234.37308312806474,229.75009881096892,230.15545323053863,30338000
2021-04-05,240.38589477539062,241.24486331170138,234.23798214468843,234.29588781932924,36910600
2021-04-06,239.2180633544922,240.70436292110418,238.2722363575573,238.97677990540257,22931900
2021-04-07,241.1869354248047,242.18102208001608,238.57143102287802,239.1698092779601,22719800
2021-04-08,244.4201202392578,245.2790886808402,243.21370306137402,243.95686016644666,23625200
2021-04-09,246.92947387695312,247.0645920118145,243.63836428103437,244.0533647214043,24326800
2021-04-12,246.98736572265625,248.6860104393037,245.74233501767978,245.82920824197842,27148700
2021-04-13,249.47740173339844,250.15300710764706,247.87527625025893,248.29030612769103,23837500
2021-04-14,246.67849731445312,249.80552080434174,246.26349692853148,248.50261398591516,23070900
2021-04-15,250.4521942138672,250.86719463446568,248.74391817452783,248.93692724168056,25627500
2021-04-16,251.64903259277344,251.89997686076006,248.61852711420397,250.4233230021322,24878600
2021-04-19,249.7187042236328,252.36319080301237,248.83079764211058,251.11815998275338,23209300
2021-04-20,249.25547790527344,251.12783993340526,247.8849748766278,248.83081665434366,19722900
2021-04-21,251.49453735351562,251.59105661835648,248.2806549544807,249.91173333359447,24030400
2021-04-22,248.20346069335938,252.6527131654989,246.72679249981408,251.13744610153964,25606200
2021-04-23,252.04469299316406,252.39215648667724,248.2999690323889,248.88871598261647,21462600
2021-04-26,252.43069458007812,253.28967766697224,251.09883488297672,252.53687459750554,19763300
2021-04-27,252.83609008789062,254.01355444299884,251.05058675669983,252.45967378706058,31014200
2021-04-28,245.6844482421875,247.59542369534182,244.13058229538743,247.15144095800966,46903100
2021-04-29,243.7059326171875,247.17077418111876,240.31831825190145,246.55308913291572,40589000
2021-04-30,243.387451171875,244.2560804870284,240.89741875804782,241.0325369101685,30945100
2021-05-03,243.07862854003906,245.48181729120515,242.3644241409503,244.5649282900862,19626600
2021-05-04,239.15049743652344,242.45126798676034,237.19127700382506,242.2196305734956,32756100
2021-05-05,237.87652587890625,240.80088007806515,237.24919480748818,240.37621885511075,21901300
2021-05-06,241.02285766601562,241.14832977149786,236.15858983586443,237.85722000753552,26491100
2021-05-07,243.65768432617188,245.43352697425988,242.41265348382987,243.35848047928084,27032900
2021-05-10,238.56173706054688,242.95309827027836,238.50383139576158,242.12308271255597,29299900
2021-05-11,237.64486694335938,238.00197642673814,234.11248879198368,236.02344939541925,33641600
2021-05-12,230.6669464111328,235.85937025211751,229.76937916968018,233.72641836828552,36684400
2021-05-13,234.55645751953125,237.03685836220842,233.00259157020338,233.3693471131418,29624300
2021-05-14,239.49795532226562,240.49204199441334,236.9307105128948,237.01756902364005,23901100
2021-05-17,236.63150024414062,237.99234244938484,235.0293893133968,237.9537435768014,24970200
2021-05-18,234.604736328125,237.8186337925891,234.43100457845935,237.6835156436375,20168000
2021-05-19,235.18515014648438,235.29156060461747,230.8126825741299,231.49950163598774,25739800
2021-05-20,238.43544006347656,239.85746373285232,235.9009557257646,235.99769785378354,21800700
2021-05-21,237.16822814941406,240.22509675114117,236.752269419578,239.48990667105087,21863100
2021-05-24,242.59510803222656,242.96271041697577,239.43182928749044,239.70268954127087,21411500
2021-05-25,243.5044403076172,244.5008222997272,242.63382013845728,243.55281137496547,17704300
2021-05-26,243.28196716308594,244.6846396440741,242.5661136971185,243.22391302197101,17771600
2021-05-27,241.17312622070312,243.27230093259868,241.11508683634887,242.97242093958207,24426200
2021-05-28,241.53102111816406,243.85269958248085,241.41494236122048,242.807946487655,18270200
2021-06-01,239.32546997070312,243.0885094011038,238.89984288154076,243.0304700144353,23213300
2021-06-02,239.2287139892578,241.13441901461294,237.81635845240393,240.03162651736798,19406700
2021-06-03,237.6906280517578,238.3000563424607,235.06906938404882,237.2166151494074,25307700
2021-06-04,242.6048126220703,243.4367448861745,239.43186509404015,239.67370569685207,25281100
2021-06-07,245.52621459960938,245.79707485347862,241.65676553201814,241.82121534609755,23079200
2021-06-08,244.32672119140625,247.6544501102256,244.2686670500775,246.83218619035304,22455000
2021-06-09,245.31341552734375,247.1901008536791,244.94582787057382,245.52623642584226,17937600
2021-06-10,248.84429931640625,249.0571202295339,245.39082315479712,245.9905831313682,24563600
2021-06-11,249.4730682373047,250.0534619780059,248.2348161996662,249.56978084638592,18999700
2021-06-14,251.40780639648438,251.46584577370172,248.41863086201644,249.48273531359263,19150500
2021-06-15,249.927734375,251.5045398033916,249.26993503111808,251.29171889548186,18038900
2021-06-16,248.979736328125,252.07527825904396,246.1163371628181,250.93379772554678,27220000
2021-06-17,252.38482666015625,253.20709054714192,247.6544402051549,247.71247958338398,27565500
2021-06-18,250.9628143310547,253.73913962905482,250.30501499999647,251.15629861503976,37202200
2021-06-21,254.05838012695312,254.91931727206614,249.50211169896875,251.34009426995223,26696100
2021-06-22,256.8443603515625,257.11522060060247,253.83584840394232,254.14541140900315,24694100
2021-06-23,256.61224365234375,258.121326813584,255.79966268256524,257.30874584380547,19518700
2021-06-24,257.9858703613281,259.10801424243357,256.8056871002997,257.47316949097063,21446900
2021-06-25,256.3703308105469,258.5275592384999,256.1188367022205,257.54086037917466,25611100
2021-06-28,259.9495849609375,260.12370308073804,257.23129940057925,257.50215964967555,19590000
2021-06-29,262.5421447753906,262.7839853710794,259.23378195844055,260.0947191278828,19937800
2021-06-30,262.05841064453125,262.50338898467066,260.8008516096172,261.8552728512254,21656500
2021-07-01,262.7356262207031,262.9677837431567,260.80090147610525,260.8105550251696,16725300
2021-07-02,268.58819580078125,268.92677858460644,263.606284763688,263.9158478529888,26458000
2021-07-06,268.5978698730469,270.2520514486332,265.34751658741817,268.95578926737534,31565600
2021-07-07,270.793701171875,271.52890591143546,268.1044353611514,270.28100037232684,23260000
2021-07-08,268.36566162109375,269.63290386937376,265.89887004899225,267.862614332488,24618600
2021-07-09,268.8687438964844,268.97513960441364,266.334258791838,266.7211978994488,23916700
2021-07-12,268.2689208984375,270.6389408273715,267.55305271970633,270.04886399300807,18931700
2021-07-13,271.8094787597656,273.61844159773335,268.3366515293652,268.46238383445865,26120100
2021-07-14,273.28955078125,274.4020115950531,271.3934992931169,273.13476926049077,23113700
2021-07-15,271.8577880859375,273.2894947180897,270.69694167916,272.79613056697673,22604200
2021-07-16,271.58697509765625,274.8276448188049,270.3390694215549,272.86390046289694,26186800
2021-07-19,267.9690856933594,271.21940940318876,265.4926401463771,269.8264050928163,32935600
2021-07-20,270.20367431640625,271.79981638191975,267.24354771590987,268.95576854668866,26259700
2021-07-21,272.2157897949219,272.33186856644005,268.239944262627,269.7973836497617,24364300
2021-07-22,276.8010559082031,277.07191616470243,274.16982933582995,274.5761049598019,23384100
2021-07-23,280.2158508300781,280.5253843301381,277.14929934522115,277.99089982397254,22768100
2021-07-26,279.6160888671875,280.2352149712231,277.2847714708642,279.56773255599114,23176100
2021-07-27,277.18798828125,280.1287482752824,273.71516133505776,279.9836498416218,33604100
2021-07-28,276.8784484863281,280.68017537470826,274.5664383371537,279.5580315244061,33566900
2021-07-29,277.14935302734375,279.20015678004756,276.74304779258154,276.89782933336903,18168300
2021-07-30,275.6111755371094,277.30405943374484,274.64381331046053,275.8626991629348,20944800
2021-08-02,275.52410888671875,277.41044746377105,274.4793411786592,277.0138254191884,16267400
2021-08-03,277.7490539550781,277.85547915740995,274.7308883557453,276.1045557870078,17879000
2021-08-04,277.1589660644531,278.20370429882576,275.3596569388271,276.8784227475681,16191300
2021-08-05,280.0707702636719,280.17719548604225,276.7624071651543,277.51694870705825,13900200
2021-08-06,280.0127258300781,280.0514285940206,278.2327824689934,279.0937492177482,16589300
2021-08-09,278.91961669921875,282.03452513079264,278.4165988268657,280.2932844390192,16117600
2021-08-10,277.0912780761719,279.8095639589579,275.8917581909728,279.3742390862678,18616600
2021-08-11,277.58465576171875,279.23883721918764,276.53020475431464,277.83614991402504,13955900
2021-08-12,280.3513488769531,280.5061304334056,276.9945995203954,277.27514293656327,14561300
2021-08-13,283.2920837402344,283.34044005143994,279.85792951947155,280.0320771872381,18249000
2021-08-16,284.9848937988281,285.19771465157334,280.5543586430097,283.62090963189974,22507600
2021-08-17,283.5145568847656,283.8531396263092,281.5798321005821,282.8471039940551,20075300
2021-08-18,281.7796325683594,285.74371478122373,281.33377277566484,283.0493007029757,21813000
2021-08-19,287.6336669921875,288.3121287150756,279.7539809531887,279.80242982850876,29850500
2021-08-20,294.9900207519531,296.42446842110303,288.8839831017073,290.49288222873395,40817600
2021-08-23,295.2711486816406,295.9980594512055,292.557360306495,293.91425449406785,22830200
2021-08-24,293.30364990234375,296.2403682802,292.7027417213681,295.6297584904746,18175800
2021-08-25,292.71240234375,295.2129620707887,291.17135525016886,294.9318816590826,20006100
2021-08-26,289.8822937011719,293.11946582740853,289.7466190833908,291.7237949064107,17666100
2021-08-27,290.492919921875,291.6075104848054,287.691876313099,289.7853828134745,22605700
2021-08-30,294.2437438964844,294.85435359254797,291.79163308303947,291.8497835704673,16348100
2021-08-31,292.58642578125,295.12576258561967,292.21811960448053,295.0482384538085,26285300
2021-09-01,292.5379638671875,295.7945395708892,292.20843452671886,293.5459551061994,18983800
2021-09-02,291.87890625,294.02086175989047,290.93876711303125,292.8965991015238,16285600
2021-09-03,291.8691711425781,293.2842155576034,291.01625793525244,291.7237653537304,14747900
2021-09-07,290.938720703125,291.8207092025225,289.01969545610433,291.7431850784096,17180400
2021-09-08,290.9677429199219,291.35542262597596,288.3121058764825,290.5509879753654,15046800
2021-09-09,288.0989685058594,292.83844092366724,287.85666491586284,291.55907086974764,19927000
2021-09-10,286.6063537597656,290.6867672787481,286.2865260535682,289.2329458217043,19633400
2021-09-13,287.8468933105469,289.3491929500508,285.026476659469,288.38965085390885,23652900
2021-09-14,290.560791015625,292.1115399592732,288.922816326019,290.3378610572379,21853400
2021-09-15,295.4358825683594,295.9204896733223,292.5282399385816,293.92391076712056,28356300
2021-09-16,295.82354736328125,295.9107730883911,291.50086048766883,294.4085029702731,19550800
2021-09-17,290.6382751464844,295.1257418986499,290.308745847756,294.8059142074956,41372500
2021-09-20,285.2397766113281,289.52371713134244,280.60693311638306,287.20728059483235,38278700
2021-09-21,285.7243347167969,288.380001741491,285.0168272798009,286.58694955344197,22364100
2021-09-22,289.38800048828125,290.9775261806469,285.4433206601765,287.5949776473581,26626300
2021-09-23,290.33782958984375,291.6365731856919,288.37032576939185,289.6496957275967,18604600
2021-09-24,290.13433837890625,290.5704671148013,287.7888265018128,289.04882297657673,14999000
2021-09-27,285.11376953125,287.34295047966873,283.9216253531589,287.02312279085345,23571700
2021-09-28,274.7916564941406,281.8281625147568,274.0453720530144,280.8783217530792,43186200
2021-09-29,275.25689697265625,277.9416102844579,274.29738415594045,276.3230387568277,26353700
2021-09-30,273.2408447265625,278.9688738745781,272.9500627575546,276.9141447704133,32343600
2021-10-01,280.1998596191406,281.05277293433414,272.6302983139076,273.43473316733105,30086300
2021-10-04,274.394287109375,278.8914563280941,271.62234799634535,278.552225356997,31350700
2021-10-05,279.8703308105469,281.45982688238934,275.3053101600691,275.3053101600691,24993000
2021-10-06,284.08636474609375,284.5903750685418,276.72036036456973,276.9820375548689,28002600
2021-10-07,285.7728271484375,287.5077289354926,284.87146499587226,286.0926548361611,20430500
2021-10-08,285.7728271484375,287.5077289354926,284.7163871667097,287.10064593668193,17685700
2021-10-11,285.17193603515625,288.79678807629915,283.7374882135025,283.9022676599514,19298600
2021-10-12,283.8634948730469,286.34468116686594,283.34981246639074,286.2477538192174,17974100
2021-10-13,287.1878662109375,288.1280051974415,284.4546749827831,285.8309722041459,23416300
2021-10-14,293.4295959472656,293.9335766778313,288.6610491193376,289.99856943368576,27262900
2021-10-15,294.84466552734375,295.0772970658108,291.26826249591284,293.0322395704326,25384800
2021-10-18,297.829833984375,298.721494467245,293.3714428358164,294.2243560476535,22729300
2021-10-19,298.74090576171875,299.77794248418775,297.7619899473713,298.85720673410253,17682100
2021-10-20,297.9461364746094,300.16564524246087,296.68614028593805,299.6907101782224,16537100
2021-10-21,301.1930236816406,301.4449992684376,296.92845740574165,297.71354814413246,16918100
2021-10-22,299.64227294921875,301.5128493022275,298.3241262243866,300.8440891216271,17449300
2021-10-25,298.64404296875,299.87493462992757,297.0254418784071,299.83615777139573,17554500
2021-10-26,300.56304931640625,302.7825584703667,299.0995557540079,301.42566428950164,28107300
2021-10-27,313.2210388183594,316.06082998556684,306.2717583750526,306.2717583750526,52588700
2021-10-28,314.3646240234375,314.8686047470485,311.4666535229836,314.3452208099456,26297900
2021-10-29,321.410888671875,321.77919489249734,313.9285519930589,314.15148196292967,34766000
2021-11-01,319.2301330566406,321.284862793326,316.32248993988014,321.15886019244095,27073200
2021-11-02,322.8743896484375,323.184545347341,319.84074392057755,320.14119801074173,26487100
2021-11-03,323.717529296875,324.5898161248756,320.47065594669675,323.6206019653041,21500100
2021-11-04,326.08245849609375,326.1793858408279,319.3658105568457,322.6417595935785,23992200
2021-11-05,325.71417236328125,328.3601381890695,324.12467620856967,328.0887593539688,22570100
2021-11-08,326.6154479980469,327.2551328493099,324.1439638901338,326.9159020008734,20897000
2021-11-09,325.6075134277344,328.29222604030014,324.2312162869751,326.7317758403251,21307400
2021-11-10,320.6160888671875,324.32819631868085,319.7632051014801,324.2700458250661,25500900
2021-11-11,322.1959228515625,323.49466654562343,320.3350478426088,321.05225700459357,16849800
2021-11-12,326.3537902832031,326.8480989654607,323.51399991798365,323.6400024901724,23831000
2021-11-15,325.72381591796875,327.47809121400434,323.7466107128754,327.1485619428337,16723000
2021-11-16,329.0579528808594,330.1822450060062,325.1810957230039,325.345845588492,20886800
2021-11-17,329.2812805175781,332.2622192928567,328.19377924466295,329.1065098770426,19053400
2021-11-18,331.3688659667969,332.5146536422035,327.33927410253233,328.36851839657044,22463500
2021-11-19,333.155517578125,335.08780291493565,332.27194500113376,332.6991818854003,21963400
2021-11-22,329.9706726074219,339.5252157856874,329.6987972898086,334.6217110790579,31031100
2021-11-23,327.8830261230469,329.60169282759273,323.88256267855536,327.2712993049668,30427600
2021-11-24,328.10638427734375,328.34913114834603,324.22243434130775,326.5236699372593,21661300
2021-11-26,320.11517333984375,328.1258207516535,318.600435108913,324.64969830687374,24217200
2021-11-29,326.8634948730469,329.19385871851557,325.02831445422294,325.22252378808867,28563500
2021-11-30,320.9987487792969,327.9801511598231,319.44516287846153,325.59153024619826,42885600
2021-12-01,320.5035400390625,329.4366368662176,319.83358592760334,325.4070446792567,33337600
2021-12-02,319.9306640625,323.8146140888413,318.2896928057958,320.71716157225916,30766000
2021-12-03,313.6386413574219,323.04751138803783,308.803113564242,322.35808901688773,41779300
2021-12-06,316.7264099121094,317.9498636247727,309.9683453175888,314.55140742931803,30032600
2021-12-07,325.2030944824219,326.05753845461277,320.5229283698581,322.018257177511,31021900
2021-12-08,325.2516784667969,325.76630064765925,321.2026476232676,325.581810655257,24761000
2021-12-09,323.4359436035156,326.72757583430194,322.48436518172974,324.707934863553,22214200
2021-12-10,332.60205078125,333.0486967130661,325.07689801295186,325.26138799978173,38095700
2021-12-13,329.5531311035156,333.8157801871928,329.24240801109124,330.7959938410283,28899400
2021-12-14,318.8139953613281,324.93123368391133,314.7067080432587,323.5524185550446,44438700
2021-12-15,324.9409484863281,325.46529001323074,315.0854316657473,319.0761759142433,35381100
2021-12-16,315.4737854003906,326.9897108280118,313.6483244336507,325.97015632696287,35034800
2021-12-17,314.40576171875,315.4932926826738,308.04580502037743,311.5704946227537,47750300
2021-12-20,310.62860107421875,313.4347394175627,308.3564939796076,310.76452390952767,28326500
2021-12-21,317.7945251464844,318.2217620412238,310.5218082102521,313.91057492680795,24740600
2021-12-22,323.5330810546875,323.9311598954454,316.29921156209514,318.77521809596766,24831500
2021-12-23,324.97979736328125,326.6304879083412,323.0766702269499,323.0960793086828,19617800
2021-12-27,332.5146484375,332.54377687434004,325.6982978950834,325.7274263319234,19947000
2021-12-28,331.34942626953125,333.8351514630593,330.4464151646082,333.19429626957725,15661500
2021-12-29,332.0291748046875,334.31097163684433,329.82501429921825,331.39800924802887,15042000
2021-12-30,329.4754943847656,333.1749544876973,328.99000062183825,331.990348520867,15994500
2021-12-31,326.5625,329.51428045591985,326.1061347220108,328.6889648450792,18000800
2022-01-03,325.03802490234375,328.1937338819782,320.21221644666167,325.62062325578984,28865100
2022-01-04,319.4645690917969,325.47498337685073,316.6584013250783,325.1156931532872,32674300
2022-01-05,307.2010803222656,316.6099531093686,306.8126911850702,316.4060243657828,40054300
2022-01-06,304.7735900878906,309.4537573925921,302.4529155197897,304.06475847821264,39646100
2022-01-07,304.9289245605469,307.31754552734895,301.0935120604903,305.0357189627148,32720000
2022-01-10,305.1521911621094,305.5891473330001,295.85014516336383,300.5108727026774,44289500
2022-01-11,305.8416442871094,307.42432897382355,300.899321615518,304.2880584070521,29386800
2022-01-12,309.03619384765625,314.0270840292815,307.88071630388504,310.3956001101081,34372200
2022-01-13,295.95697021484375,311.5704653903933,295.1801920885378,311.172356970201,45366000
2022-01-14,301.20037841796875,301.8023860148915,294.93749627384517,295.4229900948721,39846400
2022-01-18,293.8693542480469,300.8119087883123,292.9857520873315,295.2481695047707,42333200
2022-01-19,294.5296325683594,304.80269716461635,293.9179353193775,297.4037769741022,45933900
2022-01-20,292.849853515625,302.60826662386137,292.4032075358108,300.10313176155984,35380700
2022-01-21,287.44140625,295.28697160618094,287.033578493321,293.9081860566442,57984400
2022-01-24,287.77154541015625,288.4900666398452,268.0410733422131,283.72254434338123,85731500
2022-01-25,280.12017822265625,286.4315970589494,276.8965221990427,283.0622692025946,72848600
2022-01-26,288.1016845703125,299.5496351641995,284.5284577844545,299.05442207109365,90428900
2022-01-27,291.140869140625,298.38442711334307,289.28627958272745,293.8790608207995,53481300
2022-01-28,299.3166198730469,299.5302383109327,285.907284705517,291.519591338495,49743700
2022-01-31,301.95770263671875,303.31707920676604,297.4814348645573,299.98659920210355,46444500
2022-02-01,299.8021240234375,301.6178659923273,296.27743449220986,301.4042475470351,40950400
2022-02-02,304.3656921386719,305.9775347257443,299.91858303048053,300.64682355662984,36636000
2022-02-03,292.5099182128906,302.2003819386154,291.2573363241968,300.51084392088086,43730000
2022-02-04,297.0639343261719,299.84094450421514,291.2671374496543,291.50016498006676,35096500
2022-02-07,292.21875,298.9088396114751,291.19919517116006,297.2873068029251,28533300
2022-02-08,295.7239685058594,296.6949560645553,291.24773008372165,292.5100020571509,32421200
2022-02-09,302.18096923828125,302.8800813256135,298.4718200284461,300.8798497264484,31284700
2022-02-10,293.60723876953125,300.1516857901449,291.97598669358683,295.21908176083,45386200
2022-02-11,286.4801025390625,295.4617351032537,285.6838858378648,294.393643142157,39175600
2022-02-14,286.44134521484375,288.1502928923247,282.8972463615049,285.24701978585097,36359500
2022-02-15,291.7526550292969,292.0730679097554,288.40273584536635,291.3060090155031,27058300
2022-02-16,291.412109375,292.7451082629234,285.74926927173277,290.31261987081155,29982100
2022-02-17,282.87890625,288.7849645691947,282.1686090616829,288.3568443041073,32461600
2022-02-18,280.1545104980469,285.92436510715385,278.5782629704892,285.13624134337505,34264000
2022-02-22,279.9501953125,283.667044304482,276.8171494108671,277.30364703724825,41736100
2022-02-23,272.7013854980469,283.822744485048,272.53599292328806,282.34377260648654,37811200
2022-02-24,286.63470458984375,287.1893190812472,264.18769411268437,265.1509797276121,56989700
2022-02-25,289.2812194824219,289.5925850932438,283.7740627265268,287.169836388477,32546700
2022-02-28,290.72125244140625,291.0618067098429,285.08760175802655,286.3622231310244,34627500
2022-03-01,286.9849548339844,291.86938019669464,284.26055037516176,288.39578010076116,31217800
2022-03-02,292.0834655761719,293.3288983898888,285.768735492575,287.3838815829672,31873000
2022-03-03,287.9287109375,294.94399699904244,286.1091852345869,294.7104876867767,27314500
2022-03-04,282.0323791503906,287.67576922113585,279.41504933646394,286.3427705257272,32356500
2022-03-07,271.3781433105469,281.8670322539483,271.00840031749334,280.73835405695525,43157200
2022-03-08,268.4007568359375,276.2917343894087,262.70872844754865,270.29807983642723,48159500
2022-03-09,280.7091369628906,281.7794377045606,273.19761224879693,275.78578324466815,35204500
2022-03-10,277.8777160644531,278.86045079071647,273.00300025162977,275.3771110899081,30628000
2022-03-11,272.50677490234375,281.6918520370042,271.88404371665825,280.1836916492418,27209300
2022-03-14,268.97479248046875,277.69282106161535,268.3715402141121,272.7694677796933,30660700
2022-03-15,279.39556884765625,280.04748870402545,271.20296580090604,272.7792132914778,34245100
2022-03-16,286.4400939941406,286.6152260176592,275.5522744635128,281.3026504232545,37826300
2022-03-17,287.2476806640625,287.62713339972385,281.55565208145566,285.36980681566314,30816600
2022-03-18,292.3169250488281,292.87153940935485,284.82488022884814,287.3935719777553,43390600
2022-03-21,291.08123779296875,292.03478374650234,286.93626887864554,290.8185397874597,28351200
2022-03-22,295.8489074707031,296.7635253012063,290.70175473409813,291.70393856622957,27599700
2022-03-23,291.40228271484375,295.041304451988,289.6800921382554,292.39475668563443,25715400
2022-03-24,295.88787841796875,295.985183887236,290.2639667384588,291.0618300156062,24484500
2022-03-25,295.47918701171875,297.25004547288074,291.2077533537051,296.9873474480325,22566500
2022-03-28,302.3096008300781,302.40687658897764,296.1115968672068,296.1115968672068,29578200
2022-03-29,306.8923645019531,307.29129602555184,300.70410070027145,305.43287196396096,30393400
2022-03-30,305.38427734375,307.4178635626859,303.1658493438242,305.2870015727423,28163600
2022-03-31,299.984130859375,306.6297043298301,299.5754895267012,305.42317015815905,33422100
2022-04-01,301.064208984375,301.7550273107037,297.2889825923941,301.01554140488423,27110500
2022-04-04,306.46435546875,306.6005593811017,301.34639027735375,301.716133272035,24289600
2022-04-05,302.4847412109375,306.3669824117958,301.50200659379556,304.81018421134456,23156700
2022-04-06,291.412109375,298.70957455133555,288.6974440152339,296.94845533092354,40110400
2022-04-07,293.2315368652344,295.4499645685102,288.3471120141366,288.64873812822793,31411200
2022-04-08,288.9504089355469,292.98833340111605,288.27903981815683,292.3267037384144,24361900
2022-04-11,277.55657958984375,284.7080695073327,277.3035913730021,283.9102361272485,34569300
2022-04-12,274.4430236816406,282.888614889522,272.9154140915164,281.42912208981386,30966700
2022-04-13,279.8528137207031,280.7868805950941,273.7034782696075,275.09488366958476,21907200
2022-04-14,272.273193359375,280.5242021209892,271.77698607253774,280.3101420210065,28221600
2022-04-18,272.94464111328125,274.8322544416231,270.82351840608015,271.378132874332,20778000
2022-04-19,277.5955810546875,278.44211201139575,270.891658061002,271.8354648048012,22297700
2022-04-20,278.62689208984375,281.8767221982416,277.66363634073986,281.58480582125515,22906700
2022-04-21,273.226806640625,285.37950838337116,272.4970601687683,280.78696939941466,29454600
2022-04-22,266.6298522949219,275.55223063550807,265.99741140383605,274.0732590451422,29405800
2022-04-25,273.13922119140625,273.5186738891718,263.4579068096184,265.9098737843962,35678900
2022-04-26,262.92279052734375,270.84295680987526,262.7087303741153,270.00619510672965,46518400
2022-04-27,275.5717468261719,283.11246086013085,271.6213880432135,274.4819967747988,63477700
2022-04-28,281.80853271484375,283.1220818388088,273.85915089143094,277.4884327522405,33646600
2022-04-29,270.02557373046875,282.0518079064076,269.0331294759327,280.8160851975912,37073900
2022-05-02,276.7879638671875,277.2452728288892,268.7607529412359,270.21050638231907,35151100
2022-05-03,274.17059326171875,276.45713797873464,272.5846062943108,276.291715725394,25978600
2022-05-04,282.149169921875,283.0248596977465,269.2569830130294,274.9587208572136,33599300
2022-05-05,269.8601989746094,278.61715494116163,266.931474199446,277.82903127964823,43260400
2022-05-06,267.31097412109375,271.70890160605785,263.9443894488529,267.3888006696829,37780300
2022-05-09,257.4350280761719,265.00492869537015,256.2090744532294,262.7670518637602,47726000
2022-05-10,262.2221374511719,266.3573659638527,257.91177697497005,264.3529987543586,39336400
2022-05-11,253.51388549804688,264.03196115223216,252.29764150756793,258.50535558592554,48975900
2022-05-12,248.45431518554688,252.86198198640574,243.268249302566,250.7311202522036,51033800
2022-05-13,254.06849670410156,255.93666051521544,248.4543252039647,250.40031556437413,34925100
2022-05-16,254.43821716308594,258.6415630969509,248.87268403587225,252.93979640367547,32550900
2022-05-17,259.6145324707031,261.0837347260115,255.37225883918956,258.9236846428973,28828800
2022-05-18,247.79441833496094,257.07891103112115,246.5168282817784,256.4937482385101,31356000
2022-05-19,246.87765502929688,251.29560259060267,245.64883109808304,247.61884829047722,32692300
2022-05-20,246.31201171875,252.1440854849092,240.3434168359691,250.87622783351006,39199300
2022-05-23,254.2018585205078,255.03083659964506,247.16047056040694,249.16952139108813,33175400
2022-05-24,253.1973419189453,254.86503046094091,247.2287473369704,251.51015886487633,29043900
2022-05-25,256.0256652832031,258.0347018042022,250.7690207200445,251.75404446302966,28547900
2022-05-26,259.3219299316406,260.50198757185933,254.96251146621262,255.7817272483766,25002100
2022-05-27,266.4803466796875,266.5778787470546,260.9408704994916,261.83812385161747,26910800
2022-05-31,265.1443176269531,267.9725697938546,262.27704666969936,265.7879937359914,37827700
2022-06-01,265.68072509765625,270.8203419884705,263.35959819128334,268.3919506135823,25292200
2022-06-02,267.7872314453125,267.8555068785204,255.12835897127664,257.90785959544843,44008200
2022-06-03,263.340087890625,266.685257307547,261.7699312309948,263.62292204667295,28059000
2022-06-06,262.1014709472656,267.39713259398246,260.6093223682843,265.32958342703967,22400300
2022-06-07,265.75872802734375,266.3731474633337,259.3610157079516,260.04371058407725,22860700
2022-06-08,263.7204284667969,266.24635182283305,262.94020151963724,264.9882563323359,17372300
2022-06-09,258.23944091796875,265.9634935362594,258.0833955427108,261.1554626014085,26439700
2022-06-10,246.73138427734375,254.13359977054108,246.28275749041563,254.13359977054108,31422800
2022-06-13,236.266845703125,242.85962296912743,235.55490897467953,239.04634693147696,46135800
2022-06-14,238.44166564941406,239.66074240251308,235.53537595548423,237.8272462038336,28651500
2022-06-15,245.53179931640625,248.98423293014517,240.3239071262525,242.16715053653422,33111700
2022-06-16,238.90975952148438,241.29914670692006,237.00800298129295,239.89476806760752,33169200
2022-06-17,241.52346801757812,244.30296882499619,237.99302668320328,238.64645000368492,43084800
2022-06-21,247.46282958984375,248.44783823302578,243.33746321003935,244.06890924997958,29928300
2022-06-22,246.867919921875,250.8079842631734,244.1761889667899,245.65859044340866,25939900
2022-06-23,252.45616149902344,252.95355435633138,247.35556322748175,249.24757279779442,25861400
2022-06-24,261.0774841308594,261.3505561275913,255.24541034605122,255.33318029900627,33923200
2022-06-27,258.3370666503906,261.6626826072019,256.7668799544278,261.5749126322906,24615100
2022-06-28,250.13507080078125,260.3070407191202,249.97902539515218,257.4495317749188,27295500
2022-06-29,253.82154846191406,255.48923716820218,249.43285716002453,251.21758735681786,20069800
2022-06-30,250.4763946533203,253.10961257371625,246.64362415178596,250.6909533710016,31730900
2022-07-01,253.15835571289062,253.34365777058395,248.3113199662267,250.04729904912202,22837700
2022-07-05,256.34747314453125,256.4742618926065,248.43810234221337,249.8229717887662,22941000
2022-07-06,259.6243591308594,261.36032343408743,255.90861514607,257.2252241415935,23824400
2022-07-07,261.7601318359375,262.4038078774227,258.4637438186101,258.5612759029467,20859900
2022-07-08,261.0384826660156,261.46760008401816,256.77659490153445,258.23948707310194,19658800
2022-07-11,257.96636962890625,259.93638669181036,255.69399418885055,259.0781520069453,19455200
2022-07-12,247.3945770263672,259.36103951309576,245.80489605721394,259.3025262054991,35868500
2022-07-13,246.4680633544922,247.27753210604573,241.9721076841529,244.00065319142416,29497400
2022-07-14,247.79441833496094,248.8281930381069,239.85579113302134,244.37125617771787,25102800
2022-07-15,250.36912536621094,253.92882377346191,248.46736847903153,249.39386389777957,29774100
2022-07-18,247.960205078125,254.38717398041587,247.03370974632665,253.3241426511031,20975000
2022-07-19,253.10960388183594,253.29490593904364,247.40431842531214,251.20783214212213,25012600
2022-07-20,255.78184509277344,258.31753116539926,252.50498045439292,253.4704798991619,22788300
2022-07-21,258.2881774902344,258.336958408717,250.67138975610862,253.36312024272672,22404700
2022-07-22,253.9189910888672,258.7660404308286,252.66092557320184,258.6782704945689,21881300
2022-07-25,252.42691040039062,255.03087159212205,250.45689296726155,254.5432408625004,21056000
2022-07-26,245.66835021972656,253.45094720760954,243.39600416529262,253.43142293077935,39348000
2022-07-27,262.0917663574219,263.3693565432231,252.44644558531357,254.69929727249698,45994000
2022-07-28,269.5720520019531,270.96666889298774,261.2433099265288,263.0768064256388,33459300
2022-07-29,273.79486083984375,275.02369966023457,269.78655099255263,270.83008777613486,32152800
2022-08-01,271.13238525390625,274.3214787753171,269.0160552800659,270.94708323839257,21539600
2022-08-02,268.0213317871094,271.01539127951946,265.6416917082196,269.1721330389586,22754200
2022-08-03,275.48211669921875,276.486634852269,269.76706884087804,269.9133818757628,23518900
2022-08-04,276.63287353515625,276.7791567838432,273.2389831151626,274.82863410104625,18098700
2022-08-05,275.9112548828125,276.63293892199295,271.78588771905606,272.2442618483623,16774600
2022-08-08,273.38531494140625,278.8467853762037,272.41005342671457,277.02302134312987,18739200
2022-08-09,275.3162536621094,276.07695628719955,270.74227577451177,272.7220847897705,23405200
2022-08-10,282.0065002441406,282.6404139998681,279.8414194346945,281.04100128945737,24687800
2022-08-11,279.9195556640625,284.0059038855235,279.4221925187229,283.654824018225,20065900
2022-08-12,284.6885986328125,284.6885986328125,279.8415476068973,281.34345870633274,22619700
2022-08-15,286.21002197265625,286.9024493727757,282.9331275311968,283.80112463831415,18085700
2022-08-16,285.4687194824219,286.7658336452833,283.23539259166887,284.76653017389106,18102900
2022-08-17,284.7162170410156,286.70019877418935,282.90814781798576,283.1720165832015,18253400
2022-08-18,283.5923156738281,285.29286306667285,282.5269980125115,283.61185156800366,17186200
2022-08-19,279.6634216308594,282.69315545045663,279.0867995860452,282.35108343721635,20570000
2022-08-22,271.453857421875,276.0570810002909,270.93587285636994,275.6856902126092,25061100
2022-08-23,270.1735534667969,272.5386792676636,269.1571202381185,270.1735534667969,17527400
2022-08-24,269.53826904296875,270.94562882196186,268.87366093981734,269.1668782921524,18137000
2022-08-25,272.5289001464844,272.6950298023374,268.29703796509165,271.0433371485085,16583400
2022-08-26,262.0128173828125,273.98512913178996,261.905325226345,272.7536818076415,27549300
2022-08-29,259.21759033203125,261.33838254155756,257.8688683716512,259.82353096332446,20338500
2022-08-30,257.0088195800781,260.9963182604333,254.75118660669278,260.6249574108069,22767100
2022-08-31,255.5428466796875,261.0549803596485,255.40600596499164,259.37399895593006,24791800
2022-09-01,254.49716186523438,254.9760746668864,249.6202863577468,253.0018455975116,23263400
2022-09-02,250.25550842285156,258.7387389192011,248.7015548739836,255.76767255162795,22855400
2022-09-06,247.5092010498047,251.98536617249096,246.2288991777228,250.39234088968416,21328200
2022-09-07,252.23947143554688,252.96268716740286,247.47987202571602,248.9263184023225,24126700
2022-09-08,252.65972900390625,254.52643575066966,249.01428667930554,251.67264446903263,20319900
2022-09-09,258.4650573730469,259.2176216502665,254.38960207945766,254.59483332515947,22084700
2022-09-12,260.60540771484375,261.3872907179251,259.1491934961734,259.75513418244464,18747700
2022-09-13,246.2777557373047,254.4971018407067,245.88681421229336,252.97246717539824,33353300
2022-09-14,246.5025634765625,248.4669945133989,244.19606043381268,247.782865414468,23913000
2022-09-15,239.81759643554688,245.7011210386076,238.48842506446817,244.1080809128041,31530900
2022-09-16,239.19215393066406,239.7394572698384,236.57289734803294,238.72302400031674,39791800
2022-09-19,238.97714233398438,239.58308319271836,235.3903369214986,236.97360944291202,26826900
2022-09-20,236.9540252685547,237.98999429905646,234.20772606919547,236.58264942980037,26660300
2022-09-21,233.5333709716797,242.0459353368341,233.48450141158338,238.73278197769002,28625600
2022-09-22,235.51734924316406,238.33206883745882,232.18466004099494,232.47784757132086,31061200
2022-09-23,232.52671813964844,235.66395894381048,229.86837515858966,234.10999046186149,34176000
2022-09-26,232.06736755371094,235.9766936524482,231.52983223255546,231.67644090899546,27694200
2022-09-27,231.0509490966797,236.3187654128993,229.18424230732046,234.540014881578,27018700
2022-09-28,235.60531616210938,236.83674850593616,229.40902300524974,231.44187435188914,29029700
2022-09-29,232.11622619628906,234.51068533657707,229.09627550613527,233.47471635519574,27484200
2022-09-30,227.62051391601562,235.0873264233734,227.45436934068638,232.88833041765147,35694800
2022-10-03,235.2827911376953,236.13306477222778,229.34061381655428,230.0736124429844,28880400
2022-10-04,243.2382354736328,244.6846817216736,239.42663419330339,239.5341412402256,34888400
2022-10-05,243.55101013183594,244.8997323923168,238.56662836174206,240.41378432536368,20347100
2022-10-06,241.1956329345703,244.66516272217248,240.50173592478694,242.3097902416394,20239900
2022-10-07,228.9301300048828,235.84963863538212,227.88437816875282,235.43914629265618,37769600
2022-10-10,224.05322265625,229.2428499858018,221.59034336136497,227.76708494567168,29743600
2022-10-11,220.30030822753906,223.86756241928063,219.0297742301736,222.460202601454,30474000
2022-10-12,220.63258361816406,222.69475365624942,218.8831668147149,220.29051163189263,21903900
2022-10-13,228.9301300048828,230.74796714436056,214.16265082548793,214.86633068031122,42551800
2022-10-14,223.37887573242188,231.86212054552945,223.16386161855522,230.2006451360336,30198600
2022-10-17,232.14553833007812,233.54313005951505,229.80971675903513,230.474309900326,28142300
2022-10-18,233.09356689453125,238.4004698757012,230.03451447301313,237.7261236555429,26329600
2022-10-19,231.1193389892578,234.17839122462001,228.97898071038742,231.6666422196203,19985700
2022-10-20,230.79685974121094,235.8398945591158,229.54587644089463,230.42548386051837,21811000
2022-10-21,236.63150024414062,237.49155674439498,229.18423891588736,229.41880384674636,26299700
2022-10-24,241.64520263671875,242.22182461699984,235.83008345271128,238.23431048465042,24911200
2022-10-25,244.97792053222656,245.349296366253,240.25740753672832,241.654984441584,34775500
2022-10-26,226.07632446289062,232.89809399809977,224.84487725737247,225.9297157935745,82543200
2022-10-27,221.60992431640625,228.39260751726937,220.66191153974984,225.80267001633032,40424600
2022-10-28,230.52317810058594,231.23664083896048,220.92579044336952,221.11148581601782,40647700
2022-10-31,226.8679656982422,229.59471401953846,225.91017009167064,228.46100590128756,28357300
2022-11-01,222.99771118164062,230.39611728444083,222.1767563573702,229.28196004781836,30592300
2022-11-02,215.11068725585938,226.05679799638708,215.05203483408113,224.25851146382894,38407000
2022-11-03,209.39328002929688,215.41364582533683,209.12939634093038,215.10089257795497,36633900
2022-11-04,216.3714141845703,216.5668774965675,208.5918490987652,212.6184649078027,36789100
2022-11-07,222.70452880859375,223.23229618089562,216.26391766746684,216.95782960870955,33498000
2022-11-08,223.68185424804688,226.39883460819428,220.72054101441213,223.5157096836229,28192500
2022-11-09,219.42068481445312,223.44730064563345,219.2447723065567,222.21585343877905,27852900
2022-11-10,237.4720001220703,237.81407210708258,229.67289904500376,230.09314442549228,46268000
2022-11-11,241.50839233398438,242.36844884310648,236.44580730923667,237.4817912465408,34620200
2022-11-14,236.0744171142578,238.3809199560676,233.78746507725594,236.5044453426639,31123300
2022-11-15,236.4849090576172,241.40088540956577,234.58888352299294,240.09126475202578,31390100
2022-11-16,236.9161376953125,238.94492249208088,235.63222768224927,237.95502625687746,24093300
2022-11-17,236.8671417236328,238.40588369087442,232.89780598377683,233.04481287972584,23123500
2022-11-18,236.41632080078125,238.8861414436904,234.26993029783006,238.66071092028326,27613500
2022-11-21,237.2297821044922,239.79760223640238,236.3869076784183,236.6221187103959,26394700
2022-11-22,240.15042114257812,240.42484396877305,235.91645828491195,238.7390952050486,19665700
2022-11-23,242.64962768554688,243.3356847079872,239.40554630056928,240.2288147274977,19508500
2022-11-25,242.56143188476562,243.74732728820723,241.81655713061522,242.38500867012718,9200800
2022-11-28,236.9455108642578,241.73812928679584,236.0046369772741,241.17948822044693,24778200
2022-11-29,235.54403686523438,237.95503970952518,233.46625962463852,236.5927209603739,17956300
2022-11-30,250.05908203125,250.2453007197951,235.08337270566386,235.77924018050268,47594200
2022-12-01,249.6180419921875,251.01955743594272,245.92311452831746,248.81436449904433,26041500
2022-12-02,249.9414825439453,250.96076518615746,244.71762348466754,244.84503942303994,21528500
2022-12-05,245.21743774414062,248.76535812716048,243.12005495635356,246.9913904581901,23435300
2022-12-06,240.23861694335938,246.84440035606815,238.925305612841,245.82511774482512,22463700
2022-12-07,239.50355529785156,241.25791720433986,237.386581396251,239.9544013330992,20481500
2022-12-08,242.47323608398438,243.78656250376164,238.21966703546897,239.96421867204762,22611800
2022-12-09,240.5326385498047,243.36508571705198,239.29773591127204,239.8269756263799,20609700
2022-12-12,247.48146057128906,247.51086194896618,242.24780597584402,242.52222880411227,30665100
2022-12-13,251.8036651611328,258.6642659863142,248.03032872531384,256.4786638130333,42196900
2022-12-14,252.09768676757812,257.3607430640229,249.24563331830728,252.00948262912812,35410900
2022-12-15,244.05116271972656,249.1378104779901,242.41442120789245,248.66737347549784,35560400
2022-12-16,239.81719970703125,244.86463565635628,238.66069067242736,243.60033153916896,86102000
2022-12-19,235.66165161132812,240.32687006543648,233.95631171686074,239.98383401854358,29696400
2022-12-20,236.98477172851562,238.07266766707096,233.67207662725406,234.63255661424583,25150800
2022-12-21,239.56234741210938,240.7286518216814,235.32838484202188,236.87692208746932,23690600
2022-12-22,233.44664001464844,237.1709690603081,229.21266216360232,236.4554956559447,28651700
2022-12-23,233.97586059570312,234.11307199880326,229.2812565600642,231.40804078557704,21207000
2022-12-27,232.24114990234375,234.1719052708598,231.13364810480823,233.94648971244112,16688600
2022-12-28,229.85951232910156,234.94615982143847,229.5066808569475,232.17251532323996,17457100
2022-12-29,236.21046447753906,237.102346111506,230.95720418697826,230.95720418697826,19770700
2022-12-30,235.04417419433594,235.18138560256986,231.9470996028593,233.46623552218477,21938500
2023-01-03,234.80892944335938,240.85605630555537,232.67233488044818,238.23922932970504,25740000
2023-01-04,224.53765869140625,228.2325713228783,221.46018993339348,227.65432430054253,50623400
2023-01-05,217.8828582763672,223.01851293325473,217.34380812885354,222.67547694258565,39585600
2023-01-06,220.45068359375,221.26415657200155,214.98181819404755,218.55912524866,43613600
2023-01-09,222.59707641601562,226.63503997806498,221.9012238905733,221.9404207414047,27369800
2023-01-10,224.29263305664062,226.70363566114452,222.8028985080936,223.22432820821962,27033900
2023-01-11,231.07479858398438,231.2512068231541,226.50759585204494,226.68400409121466,28669300
2023-01-12,233.76023864746094,235.12255719396836,228.90881734615303,230.57496007171358,27269500
2023-01-13,234.46591186523438,234.60312327325482,230.2417446380463,232.2803248107226,21333300
2023-01-17,235.56361389160156,236.11245951391456,232.36852480397408,233.2310050418497,29831300
2023-01-18,231.11402893066406,237.55319978230224,230.82981063027438,236.75933268112436,30028700
2023-01-19,227.31126403808594,230.82978298657494,226.08615694102838,229.12442852369938,28623000
2023-01-20,235.4362030029297,235.94585178667532,229.8399067203441,230.18294271909866,35389800
2023-01-23,237.74920654296875,240.28762508379944,234.87754747647304,236.2986837989115,31934000
2023-01-24,237.21995544433594,239.0919228720018,235.6518271703912,237.67080148298487,40234400
2023-01-25,235.81846618652344,238.45489961888816,226.3018256307838,229.8105349055551,66526600
2023-01-26,243.061279296875,243.3651035032085,237.18076447517643,238.79790006917452,33454500
2023-01-27,243.2180938720703,244.85483535106292,241.9145779733684,244.0315668744898,26498900
2023-01-30,237.87664794921875,240.70909551367092,237.37679458465902,239.64079055025167,25867400
2023-01-31,242.87503051757812,243.01224191489177,238.11181350380332,238.60185634491216,26541100
2023-02-01,247.7166748046875,250.09827601317127,240.58165169810152,243.0612674641444,31259900
2023-02-02,259.3307189941406,259.4189231304734,252.12708209516663,253.66582404083547,39940400
2023-02-03,253.2051544189453,258.93866192348526,251.9800472560027,254.3714588308541,29077300
2023-02-06,251.6566162109375,253.1561462653794,249.7062550702165,252.31328684712523,22518000
2023-02-07,262.23175048828125,263.4176459144894,254.90069804204686,255.3417486096492,50841400
2023-02-08,261.4182434082031,271.2485008005916,260.90857975282876,267.75939845000244,54686000
2023-02-09,258.3702087402344,268.5239129821001,257.5665312216428,268.3474748100803,42375100
2023-02-10,257.8606262207031,258.83090176561467,255.46921404690974,256.3218840602987,25818500
2023-02-13,265.9168701171875,269.1315501475347,261.82989942164016,262.31016177286494,44630900
2023-02-14,266.74993896484375,269.49416696950243,263.9174769262478,267.23998181637864,37047900
2023-02-15,264.6178894042969,266.00327549880467,261.5326969701238,263.6353486267536,28922400
2023-02-16,257.5730285644531,262.08288660517877,257.32739339893584,259.41037480496044,29603600
2023-02-17,253.5543975830078,255.54895358722538,251.53036656334888,254.8611932320075,30000100
2023-02-21,248.25851440429688,251.02928590068828,247.19736883072432,250.03691036831407,28397400
2023-02-22,247.11878967285156,249.89938146855127,245.9692189291674,249.6537463098398,22491100
2023-02-23,250.32188415527344,252.3557354930105,246.10677639534023,251.09808466765125,29219100
2023-02-24,244.8687744140625,246.6176955175455,243.7683337176813,245.59585986981725,24990900
2023-02-27,245.7923583984375,248.40591997457756,245.03579794379073,248.05220476132266,21190000
2023-02-28,245.06527709960938,247.09914335825746,244.38732168006,244.72139688160397,22491000
2023-03-01,241.97030639648438,246.54893474014568,241.49867605815462,246.38190461746362,27565300
2023-03-02,246.72576904296875,247.01069921844766,241.3217957785109,242.24538633521718,24808200
2023-03-03,250.83279418945312,251.15703440077357,247.00089167817626,247.78692719116086,30760100
2023-03-06,252.3852081298828,255.57846519382255,251.5107475643761,251.9528878516763,24109800
2023-03-07,249.71270751953125,253.19090991820912,248.965982000902,251.8251639819943,21473200
2023-03-08,249.27053833007812,250.09586880646756,246.43099669705938,249.6045985239911,17340200
2023-03-09,247.91465759277344,255.02824211967837,247.18757213332034,251.35354977883682,26653400
2023-03-10,244.249755859375,248.37642324072814,243.27705029353803,246.69628726753015,28333900
2023-03-13,249.4866943359375,253.40703652265023,241.43968484300973,243.08052576031324,33339700
2023-03-14,256.23675537109375,256.511865522419,251.392822721387,252.2672832007519,33620300
2023-03-15,260.8055725097656,261.8274231030396,254.6843339357489,255.44090936840504,46028000
2023-03-16,271.3777770996094,271.7314773898984,258.6833369506078,260.57963347133153,54768800
2023-03-17,274.5513000488281,278.38320221583945,271.4956133158903,273.4017443911038,69527400
2023-03-20,267.47705078125,272.6353891713259,265.13859924685386,272.1441188484615,43466600
2023-03-21,268.9999694824219,270.19867023704575,264.814336850172,270.08077016032206,34558700
2023-03-22,267.53594970703125,276.13317871461095,267.4278546645775,268.6265552227389,34873300
2023-03-23,272.812255859375,276.15288826078046,270.395214119826,273.08736605749635,36610900
2023-03-24,275.6714172363281,275.7303672722425,270.47376918164593,272.39954031928613,28172000
2023-03-27,271.5545959472656,276.5458893718172,270.7095953765777,275.6026587216582,26840200
2023-03-28,270.4246826171875,271.31879823570057,267.30018046098104,270.9749030001552,21878600
2023-03-29,275.6124267578125,276.2314320288412,273.5490858493018,274.08947109414186,25087000
2023-03-30,279.09063720703125,279.4934824393244,276.56553072790194,279.26751729823314,25053400
2023-03-31,283.2663879394531,284.21945333563605,278.0589357653117,278.7762010584402,32766000
2023-04-03,282.2151794433594,283.23700019459676,278.99244710806266,281.5175539489557,24883300
2023-04-04,282.166015625,285.3789427288405,280.68239963863556,282.2151606481745,25824300
2023-04-05,279.3755798339844,282.1365164147506,277.98038902724386,280.8592256779027,22064800
2023-04-06,286.5088806152344,286.98048097168265,277.10595870662456,278.26534956257757,29770300
2023-04-10,284.33746337890625,284.54378852713467,279.7391501821954,284.16058326709117,23103000
2023-04-11,277.8919982910156,280.9870257656418,276.7228023375367,280.76103058954936,27276600
2023-04-12,278.5404357910156,281.9989980260232,277.0371498147004,279.81775661090296,27403400
2023-04-13,284.779541015625,284.83849104810594,278.22601253185434,278.6386627592207,24222700
2023-04-14,281.1441650390625,283.4433063088322,278.7369287176148,281.98913551237405,20987900
2023-04-17,283.75762939453125,286.5087602520285,281.16373856947746,284.8679047418453,23836200
2023-04-18,283.3352355957031,286.66606271139386,281.99899473668074,286.47937759362446,20161800
2023-04-19,283.4138488769531,284.00334925083666,279.5721115217609,280.99677740499226,17150300
2023-04-20,281.11468505859375,283.98371688946736,280.10266940979704,280.269714510074,23244400
2023-04-21,280.77081298828125,281.27188830738805,278.11794135985355,280.03390753424685,21676400
2023-04-24,276.8504638671875,279.974965874203,273.85372692501556,277.16488406665934,26611000
2023-04-25,270.611328125,276.68342145250523,270.5621831072535,274.6299153265919,45772200
2023-04-26,290.2130432128906,294.33972616743455,287.61915134399425,291.5198391418934,64599200
2023-04-27,299.5078430175781,299.8714082329825,290.09511710218845,290.80254754565533,46462600
2023-04-28,301.8954162597656,303.53624217197233,298.0143691284371,298.70215950112447,36446700
2023-05-01,300.22509765625,303.21202941946285,299.82225241970167,301.6104834742064,21294100
2023-05-02,300.07769775390625,303.7818646450202,298.60388700365706,302.3866739262479,26404400
2023-05-03,299.0853576660156,303.2218452657529,298.78077247368105,301.26659903403873,22360800
2023-05-04,300.07769775390625,302.3866739262479,298.10278175345024,300.89319317575126,22519900
2023-05-05,305.2262268066406,306.52318757549443,298.9576130752729,300.38230891776885,28181200
2023-05-08,303.26116943359375,304.78412545107415,300.74586773679005,304.71534040836775,21318600
2023-05-09,301.6399230957031,304.62685450840837,300.96196777530696,302.62246356181294,21340800
2023-05-10,306.8572692871094,307.53522473722796,302.29829624410297,303.23169187465317,30078000
2023-05-11,304.6956787109375,305.68805440207467,300.9129210456276,304.6858736936846,31680200
2023-05-12,303.5755615234375,305.226222486931,301.2469451669451,305.1279624328462,19758100
2023-05-15,304.0569763183594,304.4892965393922,302.2196303713481,303.70327612919976,16336500
2023-05-16,306.2972106933594,308.23281696097433,304.4205544655897,304.4205544655897,26730300
2023-05-17,309.1921691894531,309.61557800525054,305.9820752690315,307.5083603764243,24315000
2023-05-18,313.6429443359375,314.1550015459057,308.91645194585186,309.71404716104996,27276000
2023-05-19,313.4656982421875,313.8694240878351,311.52586091326384,311.89019080925425,27529500
2023-05-22,316.2622375488281,317.6506519061972,313.1407919076932,313.72175450256833,24115700
2023-05-23,310.432861328125,317.77862806398514,310.42300482844877,315.1298139772058,30797200
2023-05-24,309.04449462890625,311.6539131682788,307.82346044326306,309.9110253250696,23384900
2023-05-25,320.9296875,321.89466299286516,315.10031838769214,318.29069949526894,43301700
2023-05-26,327.7929992675781,328.29517001444793,318.9209454523759,319.058786228864,36630600
2023-05-30,326.1386413574219,330.59927867316253,325.4592039473821,330.0971080159677,29503100
2023-05-31,323.36187744140625,330.79626374577583,322.3180799641337,327.2021566585661,45950600
2023-06-01,327.4876403808594,328.4231063396508,319.74800432295723,320.9394688202307,26773900
2023-06-02,330.2644958496094,332.3323475779333,327.4581277933345,329.1321101568125,25864000
2023-06-05,330.7962646484375,333.37614376930503,329.535864541666,330.08728771023425,21307100
2023-06-06,328.5708923339844,330.235018509985,327.0840329482656,330.19562255099885,20396200
2023-06-07,318.4285583496094,329.36843269361947,317.5620276985379,326.57192107899317,40717100
2023-06-08,320.2797546386719,321.63862942191327,318.3989962118977,318.97995875467535,23277700
2023-06-09,321.786376953125,324.93736225634893,319.44281341585213,320.0139195478964,22514900
2023-06-12,326.7688903808594,327.01506251011267,320.18132179801705,323.54893969802896,24260300
2023-06-13,329.1715087890625,331.82032311090893,325.3312298625047,329.34874549714056,22951300
2023-06-14,332.1748046875,333.8487871057347,327.71416712277926,329.2207392790675,26003800
2023-06-15,342.77008056640625,344.4834289788281,332.0369816851605,332.3126932693469,38899100
2023-06-16,337.0884094238281,346.088476963345,336.71425302671787,345.94077969470817,46533600
2023-06-20,332.8739318847656,336.842225295789,330.7174616885454,334.1146489977438,26375400
2023-06-21,328.4527282714844,332.55889297136713,326.98555186795784,331.2197008440699,25117800
2023-06-22,334.50848388671875,334.9122097318514,328.2360236629577,329.00407940361606,23556800
2023-06-23,329.8902893066406,332.78527553959094,328.3443513926905,329.24039137166153,23084700
2023-06-26,323.5686340332031,330.96362393512885,323.460302676421,328.61023414140016,21520600
2023-06-27,329.4472351074219,331.0030296985232,324.2579075361374,326.7787076649522,24354100
2023-06-28,330.7076721191406,332.8050636439162,328.6988989622739,329.5358902818276,20259500
2023-06-29,329.9198913574219,330.9636588312666,327.52710535890856,329.5851008516896,16997000
2023-06-30,335.32586669921875,337.4823371529425,332.0370103573136,332.57857707113163,26823800
2023-07-03,332.81488037109375,335.68032771766394,331.41663942897316,333.99651867597373,12508700
2023-07-05,332.9724426269531,336.4188527119141,329.60482445782264,329.95929792812643,18172400
2023-07-06,336.0446472167969,337.73831270755437,330.3630051592924,332.13543251111116,28161200
2023-07-07,332.0566711425781,336.55670498898127,331.84003846145146,334.12452308964015,21185300
2023-07-10,326.7491760253906,330.0971410096197,322.5741063466411,329.4767824384207,32791400
2023-07-11,327.3793640136719,327.76337687578695,321.9931170915051,325.99094971925894,26698200
2023-07-12,332.0369873046875,336.4188332721777,330.5304150423304,331.44616817134346,29995300
2023-07-13,337.4133605957031,338.47681093963564,333.8290800785116,334.36082027563174,20567200
2023-07-14,339.9538269042969,346.0490507428633,339.03807386853134,342.2678507449193,28302200
2023-07-17,340.4363708496094,341.67705794335393,336.96042159632077,340.3871183937117,20363900
2023-07-18,353.9856262207031,361.16401313001876,336.93084583021295,340.5347789596811,64872700
2023-07-19,349.6431884765625,356.9101946041354,347.04362639492615,356.21107416498864,39732900
2023-07-20,341.55889892578125,352.4889474054873,340.0818661596131,348.1563239681224,33778400
2023-07-21,338.5063781738281,344.9363933202969,334.6267028122205,343.80400747725736,69368900
2023-07-24,339.82586669921875,341.6081807029948,337.0687506525082,340.55455669395104,26678100
2023-07-25,345.6059875488281,346.50205770801625,339.78647478990905,341.79521773437693,41637700
2023-07-26,332.59820556640625,339.3925798836245,328.00955380229783,336.21202538513404,58383700
2023-07-27,325.6561279296875,336.10365675838614,324.01168518519313,335.2666957123971,39635300
2023-07-28,333.18902587890625,334.80392936037714,328.06866397123474,328.5610081960286,28484900
2023-07-31,330.7765197753906,332.5292638152956,328.25568998343306,331.76120811354633,25446000
2023-08-01,331.1901550292969,333.3564819361362,328.59059279140047,330.05776916675796,18311900
2023-08-02,322.4855041503906,328.5216498452857,321.3629447652297,328.5216498452857,27761300
2023-08-03,321.6583557128906,324.82905395091615,320.9592352774214,321.0084576833229,18253700
2023-08-04,322.76116943359375,330.00849183831787,322.22942927216775,326.79839796975773,23727700
2023-08-07,325.0555114746094,326.0401999902519,322.50517182513227,323.34216307349016,17741500
2023-08-08,321.05767822265625,323.71634923267544,318.05439027271234,321.9537483771396,22327600
2023-08-09,317.2961730957031,322.101427535395,316.134217875359,321.4712425475284,22373300
2023-08-10,317.98541259765625,323.23381851196274,316.26220792584803,321.02809609784106,20113700
2023-08-11,316.0948791503906,317.4734371020371,314.32242174086554,315.3563627423326,24342600
2023-08-14,319.0784606933594,319.0981436446772,315.1790727103108,316.4690422541551,18836100
2023-08-15,316.93182373046875,320.11237837893884,315.98653119187856,318.05438303591984,16966300
2023-08-16,316.16217041015625,320.129018488505,315.57010038655903,316.5568737212436,20698900
2023-08-17,312.6887512207031,317.6127407149827,312.02759981073376,316.30034537916515,21257200
2023-08-18,312.29400634765625,314.1688694839408,307.4291913799028,310.3303071193683,24744800
2023-08-21,317.6225891113281,318.50080167384647,312.84661003586535,313.7248225983837,24040000
2023-08-22,318.1949157714844,321.7670303653258,317.2081424532329,321.1947150908699,16102000
2023-08-23,322.67486572265625,324.8457790055064,319.18167984531766,319.5369338888436,21166400
2023-08-24,315.73779296875,328.5757207564458,315.7279156012014,328.44743543401626,23281400
2023-08-25,318.7080383300781,321.05653339298726,314.58330321702437,317.21800107114086,21684100
2023-08-28,319.4184875488281,321.8360637498044,317.46466582892504,321.3525545323946,14808500
2023-08-29,324.0661926269531,324.6286605824637,317.62256478776396,317.62256478776396,19284600
2023-08-30,324.4411926269531,325.4476905236703,322.1321467834745,324.3227846525076,15222100
2023-08-31,323.4248352050781,326.5331651614873,322.45778650386836,324.8457912046821,26411000
2023-09-01,324.31292724609375,327.5988691949411,322.45778856177515,326.9278705558269,14931200
2023-09-05,329.13818359375,330.42100680175923,324.31287838153,324.64837765053704,18553900
2023-09-06,328.4770812988281,330.03616976955755,325.81278150242235,328.9704679193529,17535800
2023-09-07,325.54638671875,328.67444125152036,324.67802138664604,326.9081387064647,18381000
2023-09-08,329.8487243652344,331.7137404938382,325.10234685290214,325.7240188957701,19530100
2023-09-11,333.47015380859375,333.94381580860636,330.9933433198764,332.7794004894833,16583300
2023-09-12,327.3818054199219,332.335427241684,327.0956628112847,331.37825582350536,17565500
2023-09-13,331.614990234375,332.3945494732388,326.7896850758268,326.92781766085665,16544400
2023-09-14,334.22015380859375,336.3515577961035,332.11832170381217,334.6641837585193,20267000
2023-09-15,325.8523254394531,332.93735148691496,325.28985735324517,332.4637195102644,37666900
2023-09-18,324.7076110839844,326.0298836572718,322.043311199017,323.4642671224755,16834200
2023-09-19,324.3030090332031,325.0332416851502,320.21778360821713,321.8558307484151,16505900
2023-09-20,316.5272521972656,325.23059969956495,316.2707116235492,325.15167108778996,21436500
2023-09-21,315.30364990234375,321.046677345135,310.8335683618871,315.0372319704766,35529500
2023-09-22,312.8169860839844,317.19826156154136,311.9683454610341,317.0699762255431,21447900
2023-09-25,313.3399963378906,313.4682816827549,310.83358377019226,312.40254967459873,17836000
2023-09-26,308.0114440917969,311.70196673842554,305.91945932011913,310.9618867351327,26297600
2023-09-27,308.6528625488281,310.1428699166052,305.59385896293986,308.16932310170114,19410100
2023-09-28,309.4916076660156,311.30726701468535,305.35702492417727,306.87663419975775,19683600
2023-09-29,311.57366943359375,315.24446731366316,310.81386483371,313.5472160333315,24140300
2023-10-02,317.5436096191406,317.63244570904936,311.0111757318988,312.0966322948684,20570000
2023-10-03,309.2449035644531,317.13909008245986,307.09371485170817,316.5864693213822,21033500
2023-10-04,314.7412109375,315.80694299104033,309.84682368319505,309.87642567835275,20720100
2023-10-05,315.1358947753906,315.74771949407113,310.73489445489207,314.86947683543065,16965600
2023-10-06,322.93145751953125,324.8359228657201,312.1163998758835,312.363093214424,25645500
2023-10-09,325.4575500488281,325.9311819206421,318.9053614253998,320.45460260529177,19891200
2023-10-10,324.0465087890625,326.720656085552,323.3360307858184,326.58249336445317,20557100
2023-10-11,328.023193359375,328.4178966562557,324.786578142663,326.82917598535187,20063200
2023-10-12,326.7798767089844,329.2172081664268,324.37214724843665,326.19768402743284,19313100
2023-10-13,323.39520263671875,329.41449526956706,322.04329801120366,327.9836921494348,21072400
2023-10-16,328.24029541015625,331.6940020700412,326.22726938220796,326.6712993129767,22158000
2023-10-17,327.6679382324219,329.04941482391666,323.07944842920335,325.23060698695457,18338500
2023-10-18,325.74371337890625,331.15124180050987,323.95765614917667,328.0922386062229,23153600
2023-10-19,326.9377136230469,332.42417036991503,326.53313298528315,327.75672215339745,25052100
2023-10-20,322.3492431640625,327.5298029248246,321.1453785484329,327.33243622169937,25012600
2023-10-23,324.9642028808594,328.3291035769389,320.0994175521123,321.16511950696747,24374700
2023-10-24,326.158203125,327.4508738398732,323.2669643574704,326.91800778434316,31153600
2023-10-25,336.1640625,341.6209174681372,333.15438596388094,340.4565021251705,55053800
2023-10-26,323.5531005859375,337.1113556219108,322.61565393783195,336.0357763758335,37828500
2023-10-27,325.4477233886719,332.2663310024127,324.0563693205719,326.059518061042,29856500
2023-10-30,332.8485107421875,334.9602201307453,327.44098203313024,329.0001007639954,22828100
2023-10-31,333.6379089355469,334.5161516349393,330.2631610837394,334.368141661427,20265300
2023-11-01,341.4926452636719,342.82479524967096,335.15754738848574,335.29571010602456,28158800
2023-11-02,343.7128601074219,344.2160939793093,340.2097970582298,342.64712815086057,24348100
2023-11-03,348.1335754394531,349.70257133908996,342.73592479174664,345.0055212365651,23624000
2023-11-06,351.81427001953125,352.810920650958,348.6763382726154,348.775021621636,23828300
2023-11-07,355.7613525390625,357.66581765167786,352.89971618574515,354.6462939673867,25833900
2023-11-08,358.3960876464844,359.057208917739,355.78111421518867,356.89617290299117,26767800
2023-11-09,355.9193115234375,359.9650886165862,355.59365942714123,357.50800229393934,24847300
2023-11-10,364.7804870605469,365.20479233824454,356.2942309369423,356.7086588455069,28042100
2023-11-13,361.83001708984375,363.59634968321416,361.0603351402409,363.3496563645731,19986500
2023-11-14,365.37255859375,367.03036071346725,362.491197266639,366.1027913524832,27683900
2023-11-15,365.5208435058594,368.9420000758944,362.98954914112466,367.11275840931216,26860100
2023-11-16,371.9479064941406,372.12587894423325,366.0251173322835,366.7963614577358,27182300
2023-11-17,365.6988830566406,370.1681406109191,362.8808648558553,369.41666104402844,40157000
2023-11-20,373.20367431640625,374.61761697588884,366.83595346489807,367.0534854259764,52465100
2023-11-21,368.8826904296875,371.9973289708727,366.954565050594,371.4535142101286,28423100
2023-11-22,373.60906982421875,375.5272979461787,370.76138971842033,373.7573802099264,23345300
2023-11-24,373.1937561035156,373.72770364641934,370.92948056102307,373.0948724585258,10176600
2023-11-27,374.36053466796875,376.36777927950243,371.9776106304941,372.5510875373221,22179200
2023-11-28,378.40460205078125,378.70122279234795,373.91555038642196,374.1034202477642,20453100
2023-11-29,374.59783935546875,379.98665110815534,373.20366140430053,379.4527337290247,28963400
2023-11-30,374.65716552734375,375.82391411402256,371.2557732398662,374.2418662773965,30554400
2023-12-01,370.3065185546875,373.9155450087437,367.1424232065823,372.5312646095913,33020400
2023-12-04,364.996826171875,365.3725357450279,358.82684275276864,364.9572666786292,32063300
2023-12-05,368.3388671875,368.8925793974309,361.51631803473913,362.33701910752933,23065000
2023-12-06,364.66064453125,369.9802652283336,363.8992977327105,369.3474641617025,21182100
2023-12-07,366.7864990234375,367.28088706354185,362.208460944063,364.0970268782678,23118900
2023-12-08,370.0296936035156,370.2570927962262,364.0970369580223,365.0561509893791,20144800
2023-12-11,367.13250732421875,367.429158221648,361.9908903609739,364.34418200869146,27708800
2023-12-12,370.1780090332031,370.2175685270605,366.301993361596,366.6876305328375,24838300
2023-12-13,370.1681213378906,373.40143865073276,366.60852117355006,371.7995959454895,30955500
2023-12-14,361.8228454589844,369.5649795287377,360.0430604780347,369.1200181959737,43277500
2023-12-15,366.5690002441406,368.22023954945644,362.1689342190952,362.73254387781907,78478200
2023-12-18,368.4674072265625,368.813484896194,364.5419649068583,365.30334181505793,21802900
2023-12-19,369.0705871582031,369.0705871582031,365.68895952374146,367.3204340997758,20603700
2023-12-20,366.460205078125,371.80948757127044,366.3712188472843,370.7910493626897,26316700
2023-12-21,369.3474426269531,370.20767302873213,365.88672618527943,368.3784311602655,17708000
2023-12-22,370.3757629394531,370.96903467399375,368.52675633726045,369.48587042516914,17091100
2023-12-26,370.45489501953125,372.7093035503944,369.30791100557565,370.79107530680284,12673100
2023-12-27,369.8714904785156,370.8503691813732,368.6256229112042,369.4957507248787,14905400
2023-12-28,371.0679016113281,372.23465019250256,369.9604771834302,371.1568878412429,14327000
2023-12-29,371.8193359375,372.92676023082794,369.2880717884507,371.7797764484386,18723000
2024-01-02,366.7073974609375,371.68094017367383,362.65340930447013,369.6638284252025,25258600
2024-01-03,366.4404296875,369.0705777416299,364.3738912539091,364.86827930524817,23083500
2024-01-04,363.8102722167969,368.91236039556355,363.0489255004596,366.5096417702584,20901500
2024-01-05,363.62237548828125,367.8839976517199,362.3864054832225,364.82868342022056,20987000
2024-01-08,370.4845275878906,370.988813066157,364.86828645661416,365.1550098059731,23134000
2024-01-09,371.5721740722656,371.76991118457596,367.0237980384077,367.83460167151895,20830000
2024-01-10,378.4737854003906,379.8580959650945,372.09619819178806,372.14562492264923,25514200
2024-01-11,380.3129577636719,386.29504112370273,376.1106593210736,381.6675761983364,27850800
2024-01-12,384.10986328125,384.3174978189153,380.33273123391484,381.1632995596287,21645700
2024-01-16,385.8896484375,389.6074563331201,383.2693977344923,389.2416139939335,27202300
2024-01-17,385.0986022949219,385.73140326421964,380.490902365934,383.6253356636217,22234100
2024-01-18,389.4491882324219,389.56783652134936,385.7412783281981,387.3233259223432,23392100
2024-01-19,394.19537353515625,394.19537353515625,389.0833879187689,391.31803151810533,29272000
2024-01-22,392.0596618652344,396.12351757509936,389.17242207576174,395.5302458183524,27016900
2024-01-23,394.4227600097656,394.8973833764225,389.5085418380042,391.30812148964645,20525900
2024-01-24,398.041748046875,401.07729824873246,395.9554447311388,397.03320717730816,24867000
2024-01-25,400.3257751464844,402.44177048645173,398.0120426913666,399.7819603610059,21021200
2024-01-26,399.3963317871094,401.61121081981145,397.9131676038507,399.83139569486946,17803300
2024-01-29,405.121337890625,405.37842932819404,399.7918203197978,401.5024138062242,24510200
2024-01-30,404.0040283203125,408.4139613345208,401.8880631298829,407.6328499314226,33477600
2024-01-31,393.11761474609375,410.6585244475091,392.7517723927337,402.39234000988097,47871100
2024-02-01,399.2480163574219,403.4206527472509,397.2902287972473,397.3198908735355,30657700
2024-02-02,406.6044921875,408.01843470985267,399.03046395458153,399.2776579693306,28245000
2024-02-05,401.0970153808594,406.54518129966755,399.4556434483769,405.29931376867506,25352300
2024-02-06,400.9388122558594,403.3909878537456,398.38778318773774,401.3244494199643,18382600
2024-02-07,409.4027404785156,409.6499345085534,402.82738531452173,402.8669448083425,22340500
2024-02-08,409.4620361328125,410.89577347726316,407.89978324873107,409.40271198373665,21225300
2024-02-09,415.8297424316406,416.0967312686168,410.4310338206638,410.58924160459986,22032800
2024-02-12,410.59912109375,416.017594125501,410.0948356904119,415.8396216919868,21202900
2024-02-13,401.759521484375,405.4674319451174,398.86241468639423,400.39500560681336,27824900
2024-02-14,405.6427001953125,405.9894178790187,400.76894210552797,404.23605848087817,20401200
2024-02-15,402.7402038574219,405.2860649354581,400.49154229797136,404.30537605508795,21825500
2024-02-16,400.2637023925781,404.45397083978673,399.6495323619633,404.1270543842311,22281100
2024-02-20,399.0056457519531,400.68965547755954,394.27055684913546,399.4513996951192,24307900
2024-02-21,398.4013366699219,398.5103188921078,393.4879464924858,396.4102420513832,18631100
2024-02-22,407.7823791503906,408.95128532759105,404.7313302719457,406.3361048933316,27009900
2024-02-23,406.48468017578125,411.9528065802778,405.1275567366277,411.76461952225566,16295900
2024-02-26,403.7110290527344,408.2876177161092,403.5326972396102,407.5941823661443,16193500
2024-02-27,403.6515808105469,404.4836850623454,400.055681208624,404.1567686089776,14835800
2024-02-28,403.8892822265625,405.45442409031557,401.5118373886908,404.34495184803217,13183100
2024-02-29,409.75372314453125,410.3084593316979,402.1062540147567,404.80069987993255,31947300
2024-03-01,411.5962219238281,411.9627407983519,407.019633390637,407.4059534745647,17800300
2024-03-04,411.02166748046875,413.42882936527116,408.4460895147351,409.55556181237966,17596000
2024-03-05,398.8669128417969,410.3579315766557,396.875818269098,410.07064779480004,26919200
2024-03-06,398.3121643066406,401.35332741162676,394.64694575347227,399.18390111348947,22344100
2024-03-07,405.2960205078125,405.929991794264,398.4608239093344,402.30437497315796,18718500
2024-03-08,402.4034118652344,406.56396338142315,400.5311546136932,404.1270542383835,17971700
2024-03-11,400.7193603515625,401.8684653107991,397.49000992509303,399.9665214154685,16120800
2024-03-12,411.3782653808594,411.66554917132913,402.9680422398846,403.7902307329295,22457000
2024-03-13,411.20001220703125,414.2510613457713,407.5843111404895,414.17182627227476,17115900
2024-03-14,421.22491455078125,423.8004927118293,414.06283197899603,416.2916924630243,34157300
2024-03-15,412.5075988769531,418.62952831732593,408.9116991847294,415.3506293663728,45049800
2024-03-18,413.39910888671875,416.77707411837673,409.8923602232522,410.3579455831781,20106000
2024-03-19,417.45068359375,417.7082504608342,411.6457249805596,413.90430223487067,19837900
2024-03-20,421.23480224609375,421.95792425172124,416.7077319976527,418.0351385254577,17860100
2024-03-21,425.3359069824219,426.7722957944647,423.1466792053097,425.7915766495499,21296200
2024-03-22,424.7117919921875,425.82126426927357,422.0668947300005,425.6627941418489,17636500
2024-03-25,418.8870544433594,423.39432359578046,417.64879867030754,421.2446982721868,18060500
2024-03-26,417.6883850097656,421.98760494943645,417.3912157495225,421.61117039922806,16725600
2024-03-27,417.4704895019531,420.4621347429845,415.073243298201,420.4522190231072,16705000
2024-03-28,416.76715087890625,417.9063400745122,415.1821775398297,417.00488629896955,21871200
2024-04-01,420.58099365234375,423.8698081123032,418.253066843913,419.9668236498753,16316000
2024-04-02,417.48040771484375,418.41157846327263,413.91422508584526,416.1628866591322,17912000
2024-04-03,416.49969482421875,419.2832911891412,415.1524569171968,415.78645833952515,16502300
2024-04-04,413.953857421875,424.6424895808556,413.64677241260966,420.9970416568271,19370900
2024-04-05,421.5220642089844,422.5027833332265,414.38972913104834,416.06385334615516,16544300
2024-04-08,420.6007995605469,423.26552832814343,419.32291117383534,421.1753671524619,14272400
2024-04-09,422.27490234375,423.7211765083397,417.6586815570047,422.43340269794294,12512300
2024-04-10,419.2833251953125,420.0460798769914,415.7567751324305,418.2233709862432,16216600
2024-04-11,423.9094543457031,425.3359275063621,418.3917790111302,421.81929297733194,17966400
2024-04-12,417.93609619140625,421.1852782373019,415.82610344793704,420.0658901447868,19232100
2024-04-15,409.75372314453125,422.80988521460824,409.54567440120263,422.5919509817317,20273500
2024-04-16,410.6848449707031,414.46896182763265,409.8428552388163,410.6749594816062,16765600
2024-04-17,407.9705810546875,414.944445667743,406.4747584853447,413.3297553873522,15855500
2024-04-18,400.4717102050781,408.02014264055606,400.15473970896494,406.7719711724091,21029900
2024-04-19,395.3701171875,401.67037838778936,394.03279488372993,400.23398957432255,30276500
2024-04-22,397.19281005859375,399.06506725448133,392.0317685818269,396.3210731778114,20286900
2024-04-23,403.74072265625,404.36480838898973,399.27308625210287,400.4419924205836,15734500
2024-04-24,405.2167053222656,408.5946705531457,402.95812809887644,405.7120076101216,15065300
2024-04-25,395.2908630371094,396.1328829826048,384.3842968555106,390.32792438015684,40586500
2024-04-26,402.5024719238281,409.1197034555493,401.94773576133974,408.2975149317784,29694700
2024-04-29,398.470703125,402.50247113048255,395.4394554463583,401.4425169456961,19582100
2024-04-30,385.6720886230469,398.3815629989462,385.51361848485345,397.71784459298715,28781400
2024-05-01,391.2294006347656,397.9456989138246,386.64289629476144,388.92127488428895,23562500
2024-05-02,394.10211181640625,396.1724717048869,390.94208087323796,393.92381025223517,17709400
2024-05-03,402.8392639160156,403.32465048849417,398.0843437724287,398.50041099944804,17446700
2024-05-06,409.6546325683594,410.0409526402596,402.55198432258595,404.9195438147948,16996600
2024-05-07,405.4941101074219,410.7740499032866,405.2464589410717,410.7641341827589,20018200
2024-05-08,406.68280029296875,408.3569244004072,402.88876793839216,404.33507234714784,11792300
2024-05-09,408.44610595703125,408.8423417605904,405.2563578574711,406.71254786446275,14689700
2024-05-10,410.84332275390625,411.477324178815,407.9309429487919,409.0602466503411,13402300
2024-05-13,409.8329162597656,414.41942017019113,406.9601691065583,414.0826182503801,15440200
2024-05-14,412.6462707519531,413.56752582141957,407.68333177957805,408.1489171745,15109300
2024-05-15,419.8609313964844,420.58538800605515,414.095139906024,414.7203513205961,22239500
2024-05-16,417.786865234375,422.1831823578268,417.1517504572217,418.59069988294704,17530100
2024-05-17,417.01275634765625,419.7021586835379,414.84935049574557,419.32504512881616,15352200
2024-05-20,422.103759765625,423.52287221703216,416.79445965158396,417.01278697375295,16272100
2024-05-21,425.7756042480469,429.6756950854867,421.6174819616407,423.58239750259565,21453300
2024-05-22,427.24432373046875,429.1199579656232,423.8801327186548,426.8176027078419,18073700
2024-05-23,423.7510986328125,430.30088747906075,422.1831336543051,429.6756760944335,17211700
2024-05-24,426.8870849609375,427.7802311569624,421.180834455013,423.9396813142882,11845800
2024-05-28,427.04583740234375,427.5420330592199,423.35414050377034,426.3610849730244,15718000
2024-05-29,425.90460205078125,427.6611238088633,422.4510693064345,422.4510693064345,15517100
2024-05-30,411.51495361328125,421.07165731955763,411.08820229599854,421.07165731955763,28424800
2024-05-31,411.971435546875,413.5791047255822,401.43224401056676,413.5791047255822,47995300
2024-06-03,410.3736877441406,413.2615504010757,405.80871145548105,412.36840418309373,17484700
2024-06-04,412.904296875,413.27147684716857,406.56290129495756,409.2919776436919,14348900
2024-06-05,420.78387451171875,420.8533188907335,413.1325152430589,414.6310359031759,16988000
2024-06-06,421.28997802734375,422.07397569799485,417.3799535645987,420.7838790172518,14861300
2024-06-07,420.6250915527344,423.03659533238357,419.78155282449774,422.9572173477245,13621700
2024-06-10,424.6144714355469,424.82286513391676,420.66477334419267,421.4686078947135,14003000
2024-06-11,429.38787841796875,429.5268277427762,422.01441801832095,422.24267892962746,14551100
2024-06-12,437.7041320800781,440.0263242349242,429.9535579589742,432.00781534858527,22366200
2024-06-13,438.2201843261719,440.01644063600304,436.02700779586485,437.49575798146077,15960600
2024-06-14,439.2026672363281,439.7683376003339,433.39717151476515,434.94529966913103,13582000
2024-06-17,444.9585266113281,447.5089797746042,437.3667384679764,439.22250553797545,20790000
2024-06-18,442.9439697265625,446.7150751827561,441.50502038116036,446.28832386783046,17112500
2024-06-20,442.3088684082031,443.1325399619797,437.912551396736,442.9042790324355,19877400
2024-06-21,446.3578186035156,447.15171963768364,443.11270951249037,443.9760852156284,34486200
2024-06-24,444.2638854980469,449.3052206448714,443.0134626029418,446.37765380757656,15913700
2024-06-25,447.5188903808594,447.98531552571586,443.3508346061679,444.8394216277891,16747500
2024-06-26,448.71966552734375,450.1487114593878,444.7798707523325,445.5837053034348,16507000
2024-06-27,449.4044189453125,452.6991654227889,448.3326193512516,448.7395034299803,14806300
2024-06-28,443.5493469238281,451.9151991305475,443.0134470896372,449.6227774267188,28362300
2024-07-01,453.2549133300781,453.8900280472802,442.2691337894114,445.2463078469115,17662800
2024-07-02,455.7854919433594,456.0931308349297,449.6624240698802,449.75176594132466,13979800
2024-07-03,457.26416015625,457.5122579984809,454.39616484845857,454.70380374999445,9932800
2024-07-05,464.00250244140625,464.78650009669735,455.4778642825478,456.1129790053472,16000300
2024-07-08,462.6925354003906,464.14144858333964,460.9260800009118,463.00017429743497,12962300
2024-07-09,456.0435485839844,463.7742557192127,454.51525736098597,463.4467798855468,17207200
2024-07-10,462.7024841308594,462.91087784219644,455.36869724486377,457.71075666628917,18196100
2024-07-11,451.2403564453125,461.24364787201716,448.1142994819232,459.4573555661208,23111200
2024-07-12,450.0990905761719,452.8877078833818,447.22116168053736,450.8731546278995,16324300
2024-07-15,450.5060119628906,453.7809219031339,447.99526281806254,449.851029974842,14429400
2024-07-16,446.09979248046875,450.84342238707205,443.26156747821994,450.764044396858,17175700
2024-07-17,440.1454162597656,441.46531376189114,435.8384412822571,439.22249954002416,21778000
2024-07-18,437.0193786621094,441.2668124744543,431.0948010273652,440.95917357547034,20794800
2024-07-19,433.7841796875,437.7835460054657,428.7130742947466,429.80471086507333,20940400
2024-07-22,439.5698547363281,441.2172281155517,435.5705185548157,438.4286106688719,15808800
2024-07-23,441.4653015136719,444.9783753997072,439.7286166377608,440.5225176097392,13107100
2024-07-24,425.63665771484375,438.12095826115956,424.3366274271562,437.0987963490377,26805800
2024-07-25,415.216552734375,426.52980855641556,414.3333401430881,425.5374171635106,29943800
2024-07-26,422.0342712402344,425.6565240052853,414.0951402007918,415.0180872010169,23583800
2024-07-29,423.4831848144531,428.86192913835873,421.4686315229256,428.29625878283395,15125800
2024-07-30,419.7021789550781,425.7855127211385,414.18445497765873,424.4656455012434,32687600
2024-07-31,415.1669616699219,418.57085701348217,409.07366373993483,417.30059719182844,42891400
2024-08-01,413.9363708496094,424.20762810841023,409.9469682421122,417.58839429377997,30296400
2024-08-02,405.3819274902344,411.84240478431724,401.2635094994672,409.35149283755305,29437900
2024-08-05,392.1434326171875,397.9886321568055,382.6462402085907,386.20895177644206,40709200
2024-08-06,396.56951904296875,402.5834388839359,395.4679791086585,396.9565662320286,24946500
2024-08-07,395.39849853515625,406.95985229689995,394.44581127033643,405.53083654236127,20650900
2024-08-08,399.6260681152344,402.77193167950935,396.8969919508049,399.3779702821044,20203000
2024-08-09,402.93072509765625,404.945278327108,399.1993542150353,400.9558760021183,19276700
2024-08-12,403.7147216796875,405.6498969215895,401.16426864795665,403.9628195165785,16762900
2024-08-13,410.8599548339844,411.79280513110314,406.4537347921751,406.47357171655057,19414300
2024-08-14,413.6882629394531,414.54173528870035,409.3118435327495,411.64393908583247,18267000
2024-08-15,418.57965087890625,418.65917193819183,415.2292687595661,417.3567984201095,20752100
2024-08-16,416.0345153808594,418.88780719208,414.871311404525,418.15212368395106,22775600
2024-08-19,419.07672119140625,419.2954420190991,414.03622098500824,416.52167114516885,15234000
2024-08-20,422.3276672363281,423.3814956474892,419.18608502114756,419.2457333961214,16387600
2024-08-21,421.67156982421875,423.9183962597862,419.2656405890008,421.6118911043651,16067300
2024-08-22,413.13153076171875,424.30613578026436,412.1969990352219,421.8902550651885,19361900
2024-08-23,414.36431884765625,416.8199448280934,409.69166039420327,414.5532154876874,18493800
2024-08-26,411.08349609375,414.85144695028356,408.9460150702165,413.94673947074824,13152800
2024-08-27,411.43145751953125,411.9484202096587,407.8623548739229,410.4571501735566,13492900
2024-08-28,408.2103576660156,412.58474406521935,404.939496621488,412.46544730687265,14882700
2024-08-29,410.7156677246094,419.593688512659,408.21034485802835,412.5250827426797,17045200
2024-08-30,414.7122802734375,415.0602190186727,409.7314285183125,413.18123450252676,24308300
2024-09-03,407.0570983886719,417.43634095322227,404.66112073149435,415.47780496274754,20313600
2024-09-04,406.5202331542969,408.8466109265116,402.01659855552833,403.5476443909062,15135800
2024-09-05,406.01318359375,410.69576288507244,403.7663270914325,405.2476455783769,14195500
2024-09-06,399.36212158203125,408.2600144548305,398.4673353023376,406.6792718819864,19609500
2024-09-09,403.3587341308594,406.27167441765806,399.8095040440946,404.8698768958274,15295100
2024-09-10,411.7893981933594,413.9069762623546,405.327227721672,405.8243177579556,19594300
2024-09-11,420.57794189453125,421.52239474938517,407.19625641616165,413.08181573237965,19266900
2024-09-12,424.514892578125,424.8827343519594,417.30708702498356,420.84636566939764,17418800
2024-09-13,428.083984375,429.3167579290349,422.98383586069434,423.35167762504557,15874600
2024-09-16,428.8296203613281,431.0068771042965,425.72778345078893,428.09393683099876,13834700
2024-09-17,432.6174621582031,439.27848092894993,429.75421863095636,437.6679140298658,18874200
2024-09-18,428.302734375,433.4923558065776,427.9050683956392,432.46835149823806,18898000
2024-09-19,436.1368713378906,438.9305149970845,434.3572804602649,438.6620972919553,21706600
2024-09-20,432.7367858886719,436.6836823244085,431.69290886011487,434.6754493302442,55167100
2024-09-23,430.9870300292969,433.9198431554934,427.88519293448667,431.75253779309,15128900
2024-09-24,426.6722717285156,430.82793711748263,423.62013164821116,430.47996802683457,17015800
2024-09-25,429.59515380859375,430.599285430914,426.0757780554542,427.3284243659067,13396400
2024-09-26,428.7998046875,432.766573468399,426.6324994108163,432.5578041483432,14492000
2024-09-27,425.5289306640625,429.3366572153901,424.982143776937,429.0085608111411,14896100
2024-09-30,427.795654296875,427.91498138591425,422.89435403602215,425.71782167728367,16807300
2024-10-01,418.2416076660156,425.9862787507864,416.3725443176016,425.95645456288486,19092900
2024-10-02,414.7023620605469,420.3592494217051,414.2847930567838,420.12062555956777,16582300
2024-10-03,414.11578369140625,417.1082451347957,411.8788784861643,415.19943635003835,13686400
2024-10-04,413.6385498046875,417.30707662196244,412.55489718933603,415.80585503539044,19169700
2024-10-07,407.1565246582031,414.68244492002515,406.6196589116371,413.5789195776064,20919800
2024-10-08,412.29644775390625,413.24093104669487,405.7945313192391,408.5086237522523,19229300
2024-10-09,415.0303955078125,417.93341460570645,411.88878290651843,413.4397013585542,14974300
2024-10-10,413.41986083984375,414.92108254210694,410.74551386798254,412.81342552487126,13848400
2024-10-11,413.89703369140625,414.70231708134946,410.84489374484957,413.7180885691892,14144900
2024-10-14,416.7006530761719,421.5721293976272,415.09005586184196,415.3386008817118,16653100
2024-10-15,416.3029479980469,420.02120204810905,412.84322081195853,419.7229298265709,18900200
2024-10-16,413.69818115234375,413.93677464609624,408.0910216693982,412.7537283462629,15508900
2024-10-17,414.2947082519531,420.0410676802283,413.17127995027164,419.9018679111856,14820000
2024-10-18,415.7263488769531,417.2076674979936,413.8374127793913,414.7122961104646,17145300
2024-10-21,416.3427429199219,416.5216880571269,411.3420182082338,413.6982202013397,14206100
2024-10-22,425.0219421386719,428.07405197206367,415.6070554250592,416.0544182638452,25482200
2024-10-23,422.1288757324219,428.5711433507003,420.0709156477079,428.35242251551375,19654400
2024-10-24,422.25811767578125,423.5008427798279,419.94166109145596,422.85460145374896,13581600
2024-10-25,425.658203125,430.0027653012564,424.0874119188817,424.2763085648032,16899100
2024-10-28,424.1072998046875,429.4261695906152,423.81897907057987,429.1478003666399,14882400
2024-10-29,429.43609619140625,430.64899709836675,423.32186444879665,425.5090727531412,17644100
2024-10-30,430.0127258300781,435.9479823564893,429.5852356603292,434.8941538571239,29749100
2024-10-31,403.985107421875,413.73801220344217,403.9353802107126,412.94264988457604,53971000
2024-11-01,407.981689453125,413.0818383039077,405.12839737386855,406.6296190582037,24230400
2024-11-04,406.0827941894531,408.03140902561756,403.2096294840388,407.414991879503,19672300
2024-11-05,409.0653076171875,412.4852893556826,405.70497425343626,405.99329495800964,17626000
2024-11-06,417.73455810546875,418.00300613139274,408.1307753660983,410.01974169679755,26681800
2024-11-07,422.9540100097656,424.3657590257446,417.43632288625736,418.8281688837221,19901800
2024-11-08,420.0808410644531,424.0177855133015,419.32525452801985,422.8446603519728,16891400
2024-11-11,415.57720947265625,422.3376216288976,413.5788978774876,420.0609408352946,24503300
2024-11-12,420.5679931640625,421.969790701444,414.77193671429194,415.81581365023004,19401200
2024-11-13,422.7253723144531,426.8313104637277,415.7760330857976,419.1860937392156,21502200
2024-11-14,424.4055480957031,425.6780973820496,417.5556327945319,422.526533184943,30246900
2024-11-15,412.5847473144531,420.3393400677491,411.23267692258383,417.3767027455775,28247600
2024-11-18,413.34033203125,415.9649517435253,409.7016291897124,412.4554971706168,24742000
2024-11-19,415.3584899902344,415.5076109291685,409.154785870871,410.7057043157201,18133500
2024-11-20,413.0718688964844,414.86141123218795,408.19044109637775,414.4438422518667,19191700
2024-11-21,411.2887268066406,418.1722655525636,408.7186214344056,417.8933391524707,20780200
2024-11-22,415.40289306640625,415.80135498920845,409.48564079067086,409.79445106089474,24814600
2024-11-25,417.1860656738281,419.46727321033643,413.2611532266888,416.7776323033626,27691100
2024-11-26,426.350830078125,427.396826920373,417.24585120009374,417.98300734363517,23458900
2024-11-27,421.3699645996094,425.59374633298364,420.4036784238945,423.48184026594765,18332400
2024-11-29,421.83819580078125,423.25277076525435,416.1998692026867,418.4811073183322,16271900
2024-12-02,429.3293762207031,431.3416287639885,419.6963985253484,419.95541246483856,20207200
2024-12-03,429.5485534667969,430.8136785324232,426.10178307894205,428.19374634076934,18302000
2024-12-04,435.7447204589844,437.98610309109085,430.973057365549,431.3715193088951,26009400
2024-12-05,440.9248046875,442.9570002031869,434.4995257845279,436.2428234590915,21697800
2024-12-06,441.87115478515625,444.3914637865622,440.0780304611881,440.605999369761,18821000
2024-12-09,444.311767578125,446.61291802797285,438.8129196876974,440.904882933204,19144400
2024-12-10,441.6320495605469,447.89796761162455,439.9086948512907,442.6880177694449,18469500
2024-12-11,447.2704162597656,448.6252234428676,442.34933339299914,442.34933339299914,19200200
2024-12-12,447.83819580078125,454.4129240722559,447.389907127457,447.389907127457,20834800
2024-12-13,445.5569763183594,449.7010474581427,443.8734464678006,446.722508676707,20177800
2024-12-16,449.86041259765625,450.4481492573408,443.57458224663304,445.55695084461104,23598800
2024-12-17,452.7194519042969,453.5462901057899,447.84819595840975,449.2826833242326,22733500
2024-12-18,435.71484375,450.9163784238889,435.34623528561843,449.59148560028365,24444500
2024-12-19,435.356201171875,441.4826409757379,434.64892893973837,439.92861811038824,22963700
2024-12-20,434.9278869628906,442.04052591747404,426.98840977197597,431.4512325197303,64263700
2024-12-23,433.5830383300781,435.97384050264867,431.1722932989543,435.06732205874545,19152500
2024-12-24,437.64739990234375,437.91638528778583,432.52710135873434,432.98533109593694,7164500
2024-12-26,436.43206787109375,439.2512462781778,434.9577555797017,437.3983540840164,8194200
2024-12-27,428.881103515625,433.5531436249425,424.71711987555517,432.9355230391817,18117700
2024-12-30,423.2029113769531,425.91249514442245,420.2841404099869,424.42821148968693,13158700
2024-12-31,419.88568115234375,425.09566152109494,419.0489019483089,424.4680695178944,13246500
2025-01-02,416.97686767578125,424.43820240788705,413.2611726539346,423.90026204092493,16896500
2025-01-03,421.7286071777344,422.40599553232005,417.93320162542307,419.4672816518615,16662900
2025-01-06,426.21136474609375,432.6565862275622,423.85044657634234,426.3607841744266,20573600
2025-01-07,420.7523498535156,429.00063686122985,419.18835553907815,427.356962317073,18139100
2025-01-08,422.9339599609375,425.3347334633813,419.9255373117582,421.8381668103431,15054600
2025-01-10,417.345458984375,423.0833778600729,413.4304875422897,423.0036976315441,20201100
2025-01-13,415.5921936035156,416.8971739621178,410.71096634455273,413.6496498082875,17604800
2025-01-14,414.0780334472656,418.13242259689986,409.1469793562449,416.2098216251219,16935900
2025-01-15,424.67724609375,426.51019531397225,416.6680304830878,417.5247525233758,19637800
2025-01-16,422.953857421875,427.8450559110229,422.76461308505725,427.0581034768278,15300000
2025-01-17,427.3868408203125,432.81597982276594,426.53014915865293,432.4274589059452,26197500
2025-01-21,426.85888671875,429.2496888722742,423.9699995165458,428.55238804454143,26085700
2025-01-22,444.4910888671875,445.5569677171093,434.33014218783535,435.8841650351672,27803800
2025-01-23,444.9991149902344,445.03897030447143,439.8090775364838,440.30716256200645,18389300
2025-01-24,442.3592834472656,444.9393603072831,439.70946738545626,443.4550766157881,15549500
2025-01-27,432.8956604003906,433.5332238334213,421.8780219291722,422.3860783898249,35647800
2025-01-28,445.4872741699219,446.66274757404807,429.72785612913765,432.93552501884864,23491700
2025-01-29,440.6358947753906,445.16848684550723,438.7132938317083,444.97921209968376,23581400
2025-01-30,413.4006042480469,421.24045777086803,411.57762641112805,417.1661258658952,54586300
2025-01-31,413.4703369140625,419.0787791378778,413.32091748728266,417.3753368711932,34223400
2025-02-03,409.3462219238281,413.819015846871,407.09486781879804,410.02361028085903,25679100
2025-02-04,410.7906494140625,412.3347312724244,408.1707172498281,411.1094311345796,20532100
2025-02-05,411.7071228027344,412.2450327338191,408.828176805576,410.77072053658367,16316700
2025-02-06,414.2274475097656,416.59833715024297,412.41441067873023,412.41441067873023,16309800
2025-02-07,408.1806945800781,417.0466023053385,406.5370200109021,414.8849302333569,22886800
2025-02-10,410.6412048339844,413.86878595463395,409.3461959746536,412.12548842823685,20817900
2025-02-11,409.86419677734375,410.91016314142485,407.73237833536206,408.07110289586285,18140600
2025-02-12,407.473388671875,409.1768308737253,402.82126135721137,405.6503805324544,19121700
2025-02-13,408.9676513671875,409.4258810673793,404.8036375500993,405.4412009596675,23891700
2025-02-14,406.86572265625,407.3438952203064,404.3255012113121,406.22818963820515,22758500
2025-02-18,408.07110595703125,409.0274206742818,404.943117468385,406.43737251439387,21423100
2025-02-19,413.1814270019531,413.8986706302125,406.0887013451084,406.3178313932664,24114200
2025-02-20,415.3674621582031,418.5416276159257,411.78404435480104,414.52900508229465,23508700
2025-02-21,407.4619445800781,417.28390907488637,407.14255413255484,416.57521868274245,27524800
2025-02-24,403.2596740722656,408.6198287275297,398.58825743588903,407.7614192904554,26443700
2025-02-25,397.17083740234375,401.18349019975926,395.9730546936776,400.3649855487621,29387400
2025-02-26,398.99749755859375,402.860400830509,393.5275288045757,397.28064827533655,19619000
2025-02-27,391.8106994628906,404.9964840093174,391.45137377356565,400.53467393026557,21127400
2025-02-28,396.26251220703125,396.9013540385077,385.86162375466716,391.94046026830176,32845700
2025-03-03,387.778076171875,398.0891633417286,385.4523593369203,398.0891633417286,23007700
2025-03-04,387.8978576660156,391.86058386063223,380.30181761040467,382.6974135187692,29342900
2025-03-05,400.2851257324219,400.9339589862258,388.09750890861034,388.62653647287385,23433100
2025-03-06,396.1627197265625,401.4130601425524,391.9604125552081,393.557486671848,23304600
2025-03-07,392.5892639160156,394.07652376953155,384.83351327034705,391.601087821307,22034100
2025-03-10,379.46337890625,385.69193466137494,376.5287638766263,385.1329632711281,32840100
2025-03-11,379.7528381347656,385.29265558349334,376.2193166501511,378.30548307291184,30380200
2025-03-12,382.5676574707031,384.5140963348653,378.2555969008229,382.2482670126177,24253600
2025-03-13,378.0758972167969,384.6139126915579,376.75833925298997,382.4578672121625,20473000
2025-03-14,387.84796142578125,389.51491455417886,378.81455773398244,379.0840519928303,19952800
2025-03-17,387.98773193359375,391.99036302361236,384.8634626840814,385.9913968692823,22474300
2025-03-18,382.81719970703125,386.6601507855219,380.4016513456866,386.36071271152235,19486900
2025-03-19,387.1093444824219,388.9659214939022,383.29633715100766,384.8235322758774,19185500
2025-03-20,386.131103515625,391.07204471614995,382.5776297310475,385.0331131975468,18470500
2025-03-21,390.54302978515625,391.0221306945889,382.09851071654674,382.5177544739553,39675900
2025-03-24,392.35968017578125,394.67543616141086,389.09568331150246,394.67543616141086,21004500
2025-03-25,394.4358825683594,395.63366532055824,391.9205113732519,393.19816458592396,15775000
2025-03-26,389.2554016113281,394.5856126855185,387.85797313035886,394.27618318122023,16108400
2025-03-27,389.8642578125,391.5212195564284,386.6900923994873,389.4151007040484,13766800
2025-03-28,378.1058349609375,388.4169222438939,376.2392666189567,387.36882809704144,21632000
2025-03-31,374.7021179199219,376.3790320336197,366.5670283067677,371.8573344110368,35184700
2025-04-01,381.4896545410156,382.1484487727996,372.54608191207893,373.96346276032,19689500
2025-04-02,381.43975830078125,384.3743428432238,375.92985398533636,377.2773862564683,16092600
2025-04-03,372.42626953125,376.788287190408,368.67318036225987,374.10321411915555,30198000
2025-04-04,359.18060302734375,373.9035742050073,358.8212773354498,363.4627502923482,49209900
2025-04-07,357.2042236328125,370.32015981776436,344.1581969485817,350.2370336524557,50425000
2025-04-08,353.9102783203125,372.9652928837084,349.6081786868937,367.585185716996,35868900
2025-04-09,389.7744140625,392.50941370351666,352.45294739016697,352.8921435234206,50199700
2025-04-10,380.65118408203125,383.19649903483815,367.12599611378243,381.3598744812396,38024400
2025-04-11,387.7381896972656,389.3352333779351,378.19571053548395,379.9425037151649,23839200
2025-04-14,387.0993347167969,393.92679674338564,383.5059256339463,392.4994245329486,19251200
2025-04-15,385.0231628417969,391.17187833074144,383.4560325474498,387.79806728846995,17199900
2025-04-16,370.92901611328125,380.9106912763521,367.32564600100716,379.97244183574617,21967800
2025-04-17,367.1060485839844,373.6340726815441,366.2176953329466,373.0651098854367,20943700
2025-04-21,358.4619140625,363.8121077971333,355.01825440362086,362.1551460624454,20807300
2025-04-22,366.1478271484375,367.09606804173376,359.20055908423666,362.7141283475077,19485000
2025-04-23,373.7039489746094,379.6929540391626,372.33643389707953,375.3708716590499,20545500
2025-04-24,386.59027099609375,387.7381880213899,374.5024768665421,375.01155205300716,22232300
2025-04-25,391.1319580078125,391.44138750936105,383.8952433175299,386.29083932956814,18973200
2025-04-28,390.4432067871094,392.0202980494585,385.9315006090283,391.241728610284,16579400
2025-04-29,393.31793212890625,394.3759872470841,389.66463540586307,390.5829324517716,14974000
2025-04-30,394.53570556640625,395.93313400867555,383.73552563819743,389.58477271143016,36461100
2025-05-01,424.6204528808594,436.1892106723326,424.12136912560175,430.3199808366381,58938100
2025-05-02,434.48236083984375,438.63474141621873,429.20204608174254,430.948839257634,30757400
2025-05-05,435.3707275390625,438.6946118778074,431.3181395047298,432.07675654489867,20136100
2025-05-06,432.5159606933594,436.92787448428356,430.3798980651205,431.408009380462,15104200
2025-05-07,432.555908203125,437.3171563878889,430.319992206568,433.04500054847074,23295300
2025-05-08,437.3670654296875,442.85698666150637,434.86165526525525,437.12748451655574,23491300
2025-05-09,437.9260559082031,439.93235195021686,435.08127232610667,439.19371771814804,15324200
2025-05-12,448.4367370605469,448.5465208630377,438.9740982732109,445.12281367736733,22821900
2025-05-13,448.3169860839844,449.8441812103938,444.54388351816056,446.9594623818115,23618800
2025-05-14,452.1099853515625,453.0682176126866,447.3187935842875,447.3187935842875,19902800
2025-05-15,453.1300048828125,456.19000244140625,450.42999267578125,450.7699890136719,21992300
2025-05-16,454.2699890136719,454.3599853515625,448.7300109863281,452.04998779296875,23849800
2025-05-19,458.8699951171875,459.5899963378906,450.79998779296875,450.8800048828125,21336500
2025-05-20,458.1700134277344,458.3399963378906,454.32000732421875,455.5899963378906,15441800
2025-05-21,452.57000732421875,457.7799987792969,451.80999755859375,454.57000732421875,19216900
2025-05-22,454.8599853515625,460.25,453.8999938964844,454.95001220703125,18025600
2025-05-23,450.17999267578125,453.69000244140625,448.9100036621094,449.9800109863281,16876000
